nr,hyrja (server),hyrja (NY),dita,qiriri H4,drejtimi,entry,SL,TP,SL $,rezultati R,dalja,minuta,max ne favor R,max kunder R,range low,range high,sweep,sweep pertej range $,hyrja ne range %,trendi % nga mesatarja 50d,SL / ATR ditore,spread,lloji,pershkrimi
1,2023-01-03 14:30,2023-01-03 07:30,e marte,5AM,BUY,1835.41,1830.51,1845.21,4.9,2.0,TP,120,2.79,-0.35,1834.51,1849.94,1830.81,3.7,6,4.38,0.21,0.0,W1,5AM BUY: fitim: preku TP
2,2023-01-03 19:00,2023-01-03 12:00,e marte,9AM,BUY,1834.3,1827.2,1848.5,7.1,0.61,time,480,0.83,-0.04,1830.81,1841.05,1827.5,3.31,34,4.38,0.3,0.0,W2,9AM BUY: mbyllje me kohe ne fitim; +0.61R pas 8.0 oresh | SL i madh (>30% e ATR ditore)
3,2023-01-04 22:30,2023-01-04 15:30,e merkure,1PM,BUY,1854.01,1846.73,1868.57,7.28,-0.34,time,480,0.69,-0.43,1849.0,1860.83,1847.03,1.97,42,5.06,0.3,0.08,L5,"1PM BUY: mbyllje me kohe ne humbje (8 ore ose e premte); -0.34R pas 8.0 oresh | SL i madh (>30% e ATR ditore), hyrje afer mesit te range-it"
4,2023-01-05 19:30,2023-01-05 12:30,e enjte,9AM,BUY,1833.04,1824.74,1849.64,8.3,0.01,time,480,0.53,-0.34,1833.01,1851.32,1825.04,7.97,0,5.67,0.36,0.0,W2,9AM BUY: mbyllje me kohe ne fitim; +0.01R pas 8.0 oresh | SL i madh (>30% e ATR ditore)
5,2023-01-09 14:00,2023-01-09 07:00,e hene,5AM,BUY,1873.01,1870.19,1878.65,2.82,2.0,TP,120,2.31,-0.37,1871.24,1880.94,1870.49,0.75,18,5.86,0.12,0.02,W1,5AM BUY: fitim: preku TP
6,2023-01-09 20:00,2023-01-09 13:00,e hene,9AM,BUY,1871.88,1868.68,1878.28,3.2,-1.0,SL,375,1.18,-1.29,1870.49,1878.42,1868.98,1.51,18,5.86,0.13,0.08,L4,"9AM BUY: fitim i humbur: arriti te pakten +1R, pastaj u kthye ne SL (maksimumi +1.2R); SL pas 375 min"
7,2023-01-10 03:00,2023-01-09 20:00,e hene,5PM,BUY,1870.68,1867.45,1877.14,3.23,1.35,time,480,1.73,-0.23,1869.15,1875.67,1867.75,1.4,23,5.95,0.13,0.04,W2,5PM BUY: mbyllje me kohe ne fitim; +1.35R pas 8.0 oresh | qiri 5PM (pas mbylljes ditore)
8,2023-01-10 15:30,2023-01-10 08:30,e marte,5AM,BUY,1873.0,1870.07,1878.86,2.93,2.0,TP,60,2.41,-0.73,1870.54,1877.29,1870.37,0.17,36,5.95,0.12,0.0,W1,5AM BUY: fitim: preku TP | ora e lajmeve 8-10 NY
9,2023-01-16 09:45,2023-01-16 02:45,e hene,1AM,BUY,1917.31,1913.05,1925.83,4.26,-1.0,SL,30,0.02,-1.21,1916.73,1928.9,1913.35,3.38,5,7.46,0.18,0.0,L1,"1AM BUY: kthim i menjehershem: cmimi shkoi kunder menjehere (sweep-i vazhdoi), SL brenda 1 ore; SL pas 30 min"
10,2023-01-17 10:00,2023-01-17 03:00,e marte,1AM,BUY,1909.95,1906.63,1916.59,3.32,-1.0,SL,90,0.58,-1.15,1908.06,1918.98,1906.93,1.13,17,6.85,0.14,0.0,L3,"1AM BUY: levizje e vogel ne favor (+0.3R deri +1R), pastaj SL; SL pas 90 min"
11,2023-01-17 13:00,2023-01-17 06:00,e marte,5AM,BUY,1906.19,1903.88,1910.81,2.31,2.0,TP,45,2.87,-0.09,1905.82,1911.91,1904.18,1.64,6,6.85,0.1,0.0,W1,5AM BUY: fitim: preku TP | SL i vogel (<10% e ATR ditore)
12,2023-01-17 21:30,2023-01-17 14:30,e marte,1PM,BUY,1905.95,1903.4,1911.05,2.55,-1.0,SL,420,1.89,-2.15,1905.11,1916.6,1903.7,1.41,7,6.85,0.11,0.0,L4,"1PM BUY: fitim i humbur: arriti te pakten +1R, pastaj u kthye ne SL (maksimumi +1.9R); SL pas 420 min"
13,2023-01-19 04:30,2023-01-18 21:30,e merkure,9PM,BUY,1903.2,1900.58,1908.44,2.62,2.0,TP,30,2.18,-0.09,1901.31,1909.5,1900.88,0.43,23,5.68,0.11,0.03,W1,9PM BUY: fitim: preku TP | qiri 9PM (Asia)
14,2023-01-20 17:15,2023-01-20 10:15,e premte,9AM,BUY,1925.69,1920.34,1936.39,5.35,0.27,time,345,0.99,-0.55,1923.89,1931.35,1920.64,3.25,24,6.97,0.21,0.0,W2,9AM BUY: mbyllje me kohe ne fitim; +0.27R pas 5.8 oresh | e premte
15,2023-01-23 10:45,2023-01-23 03:45,e hene,1AM,BUY,1926.43,1918.54,1942.21,7.89,-1.0,SL,315,0.37,-1.4,1923.83,1935.48,1918.84,4.99,22,6.38,0.31,0.0,L3,"1AM BUY: levizje e vogel ne favor (+0.3R deri +1R), pastaj SL; SL pas 315 min | SL i madh (>30% e ATR ditore)"
16,2023-01-23 17:45,2023-01-23 10:45,e hene,9AM,BUY,1919.73,1911.04,1937.11,8.69,1.42,time,480,1.49,-0.06,1918.79,1929.35,1911.34,7.45,9,6.38,0.34,0.0,W2,"9AM BUY: mbyllje me kohe ne fitim; +1.42R pas 8.0 oresh | SL i madh (>30% e ATR ditore), sweep i thelle (>50% e range-it)"
17,2023-01-24 17:30,2023-01-24 10:30,e marte,9AM,BUY,1930.7,1916.81,1958.48,13.89,0.4,time,480,0.54,-0.17,1930.33,1939.37,1917.11,13.22,4,6.44,0.55,0.0,W2,"9AM BUY: mbyllje me kohe ne fitim; +0.40R pas 8.0 oresh | SL i madh (>30% e ATR ditore), sweep i thelle (>50% e range-it)"
18,2023-01-25 15:00,2023-01-25 08:00,e merkure,5AM,BUY,1926.42,1922.4,1934.46,4.02,-1.0,SL,45,0.28,-1.64,1926.23,1933.71,1922.7,3.53,3,6.6,0.16,0.0,L1,"5AM BUY: kthim i menjehershem: cmimi shkoi kunder menjehere (sweep-i vazhdoi), SL brenda 1 ore; SL pas 45 min | ora e lajmeve 8-10 NY"
19,2023-01-26 10:00,2023-01-26 03:00,e enjte,1AM,BUY,1942.91,1937.67,1953.39,5.24,-1.0,SL,75,0.41,-1.41,1942.47,1949.07,1937.97,4.5,7,6.86,0.21,0.02,L3,"1AM BUY: levizje e vogel ne favor (+0.3R deri +1R), pastaj SL; SL pas 75 min | sweep i thelle (>50% e range-it)"
20,2023-01-26 14:00,2023-01-26 07:00,e enjte,5AM,BUY,1937.04,1932.75,1945.62,4.29,-1.0,SL,90,0.26,-1.39,1933.78,1949.01,1933.05,0.73,21,6.86,0.18,0.0,L2,"5AM BUY: pa drejtim: trade-i nuk shkoi kurre ne favor, SL pas me shume se 1 ore; SL pas 90 min"
21,2023-01-27 18:15,2023-01-27 11:15,e premte,9AM,BUY,1927.95,1916.38,1951.09,11.57,-0.13,time,285,0.36,-0.21,1925.11,1934.99,1916.68,8.43,29,5.77,0.49,0.0,L5,"9AM BUY: mbyllje me kohe ne humbje (8 ore ose e premte); -0.13R pas 4.8 oresh | e premte, SL i madh (>30% e ATR ditore), sweep i thelle (>50% e range-it)"
22,2023-01-30 06:00,2023-01-29 23:00,e diel,9PM,BUY,1926.19,1924.03,1930.51,2.16,2.0,TP,15,2.57,-0.12,1924.73,1931.0,1924.33,0.4,23,5.54,0.09,0.0,W1,"9PM BUY: fitim: preku TP | qiri 9PM (Asia), SL i vogel (<10% e ATR ditore)"
23,2023-01-30 12:00,2023-01-30 05:00,e hene,1AM,BUY,1924.64,1920.31,1933.3,4.33,-0.11,time,480,1.41,-0.62,1924.33,1934.4,1920.61,3.72,3,5.54,0.18,0.0,L5,1AM BUY: mbyllje me kohe ne humbje (8 ore ose e premte); -0.11R pas 8.0 oresh
24,2023-01-30 21:30,2023-01-30 14:30,e hene,1PM,BUY,1924.13,1920.48,1931.43,3.65,-0.11,time,480,0.89,-0.82,1921.94,1929.57,1920.78,1.16,29,5.54,0.15,0.09,L5,1PM BUY: mbyllje me kohe ne humbje (8 ore ose e premte); -0.11R pas 8.0 oresh
25,2023-01-31 12:30,2023-01-31 05:30,e marte,5AM,BUY,1905.33,1901.89,1912.21,3.44,-1.0,SL,60,0.14,-1.23,1902.6,1917.28,1902.19,0.41,19,5.08,0.14,0.0,L1,"5AM BUY: kthim i menjehershem: cmimi shkoi kunder menjehere (sweep-i vazhdoi), SL brenda 1 ore; SL pas 60 min"
26,2023-02-01 02:45,2023-01-31 19:45,e marte,5PM,BUY,1927.82,1926.27,1930.92,1.55,-1.0,SL,30,0.57,-1.45,1927.21,1931.1,1926.57,0.64,16,5.15,0.06,0.15,L3,"5PM BUY: levizje e vogel ne favor (+0.3R deri +1R), pastaj SL; SL pas 30 min | qiri 5PM (pas mbylljes ditore), SL i vogel (<10% e ATR ditore)"
27,2023-02-01 05:15,2023-01-31 22:15,e marte,9PM,BUY,1926.13,1924.22,1929.95,1.91,-1.0,SL,255,1.61,-1.08,1925.57,1928.75,1924.52,1.05,18,5.15,0.08,0.14,L4,"9PM BUY: fitim i humbur: arriti te pakten +1R, pastaj u kthye ne SL (maksimumi +1.6R); SL pas 255 min | qiri 9PM (Asia), SL i vogel (<10% e ATR ditore)"
28,2023-02-01 10:45,2023-02-01 03:45,e merkure,1AM,BUY,1926.21,1922.96,1932.71,3.25,2.0,TP,270,2.14,-0.83,1924.52,1928.75,1923.26,1.26,40,5.15,0.13,0.0,W1,1AM BUY: fitim: preku TP
29,2023-02-01 19:30,2023-02-01 12:30,e merkure,9AM,BUY,1925.54,1920.17,1936.28,5.37,2.0,TP,120,2.48,-0.82,1923.7,1933.15,1920.47,3.23,19,5.15,0.22,0.01,W1,9AM BUY: fitim: preku TP
30,2023-02-02 20:30,2023-02-02 13:30,e enjte,1PM,BUY,1916.06,1911.49,1925.2,4.57,-1.0,SL,105,0.54,-1.02,1911.86,1947.15,1911.79,0.07,12,6.1,0.18,0.0,L3,"1PM BUY: levizje e vogel ne favor (+0.3R deri +1R), pastaj SL; SL pas 105 min"
31,2023-02-03 13:00,2023-02-03 06:00,e premte,5AM,BUY,1911.87,1909.25,1917.11,2.62,-1.0,SL,15,0.37,-1.0,1910.09,1918.15,1909.55,0.54,22,3.87,0.1,0.0,L3,"5AM BUY: levizje e vogel ne favor (+0.3R deri +1R), pastaj SL; SL pas 15 min | e premte, SL i vogel (<10% e ATR ditore)"
32,2023-02-06 14:00,2023-02-06 07:00,e hene,5AM,BUY,1871.58,1867.85,1879.04,3.73,-1.0,SL,195,1.11,-1.02,1870.08,1881.28,1868.15,1.93,13,1.19,0.13,0.0,L4,"5AM BUY: fitim i humbur: arriti te pakten +1R, pastaj u kthye ne SL (maksimumi +1.1R); SL pas 195 min"
33,2023-02-06 18:30,2023-02-06 11:30,e hene,9AM,BUY,1869.12,1862.68,1882.0,6.44,0.11,time,480,0.33,-0.87,1868.15,1874.05,1862.98,5.17,16,1.19,0.22,0.0,W2,9AM BUY: mbyllje me kohe ne fitim; +0.11R pas 8.0 oresh | sweep i thelle (>50% e range-it)
34,2023-02-07 14:30,2023-02-07 07:30,e marte,5AM,BUY,1871.85,1865.71,1884.13,6.14,-1.0,SL,60,0.15,-1.0,1871.06,1877.97,1866.01,5.05,11,1.15,0.21,0.0,L1,"5AM BUY: kthim i menjehershem: cmimi shkoi kunder menjehere (sweep-i vazhdoi), SL brenda 1 ore; SL pas 60 min | sweep i thelle (>50% e range-it)"
35,2023-02-07 21:15,2023-02-07 14:15,e marte,1PM,BUY,1871.59,1864.63,1885.51,6.96,0.79,time,480,0.97,-0.63,1866.64,1884.27,1864.93,1.71,28,1.15,0.24,0.02,W2,1PM BUY: mbyllje me kohe ne fitim; +0.79R pas 8.0 oresh
36,2023-02-08 16:00,2023-02-08 09:00,e merkure,5AM,BUY,1877.66,1872.26,1888.46,5.4,-1.0,SL,45,1.0,-1.6,1873.2,1886.33,1872.56,0.64,34,1.33,0.19,0.0,L3,"5AM BUY: levizje e vogel ne favor (+0.3R deri +1R), pastaj SL; SL pas 45 min | ora e lajmeve 8-10 NY"
37,2023-02-08 19:15,2023-02-08 12:15,e merkure,9AM,BUY,1876.66,1868.73,1892.52,7.93,-0.5,time,480,0.4,-0.59,1872.56,1885.98,1869.03,3.53,31,1.33,0.28,0.0,L5,9AM BUY: mbyllje me kohe ne humbje (8 ore ose e premte); -0.50R pas 8.0 oresh
38,2023-02-09 03:45,2023-02-08 20:45,e merkure,5PM,BUY,1875.73,1871.7,1883.79,4.03,2.0,TP,390,2.39,-0.0,1873.77,1879.84,1872.0,1.77,32,1.31,0.15,0.02,W1,5PM BUY: fitim: preku TP | qiri 5PM (pas mbylljes ditore)
39,2023-02-10 08:00,2023-02-10 01:00,e premte,9PM,BUY,1860.01,1852.4,1875.23,7.61,0.91,time,480,1.6,-0.32,1859.01,1865.34,1852.7,6.31,16,0.45,0.27,0.0,W2,"9PM BUY: mbyllje me kohe ne fitim; +0.91R pas 8.0 oresh | qiri 9PM (Asia), e premte, trend i dobet (<0.5% nga mesatarja), sweep i thelle (>50% e range-it)"
40,2023-02-13 07:15,2023-02-13 00:15,e hene,9PM,BUY,1858.89,1856.65,1863.37,2.24,2.0,TP,60,2.21,-0.26,1858.04,1865.35,1856.95,1.09,12,0.54,0.08,0.0,W1,"9PM BUY: fitim: preku TP | qiri 9PM (Asia), SL i vogel (<10% e ATR ditore)"
41,2023-02-13 12:30,2023-02-13 05:30,e hene,5AM,BUY,1857.84,1853.78,1865.96,4.06,-1.0,SL,240,1.28,-1.14,1854.73,1866.55,1854.08,0.65,26,0.54,0.14,0.03,L4,"5AM BUY: fitim i humbur: arriti te pakten +1R, pastaj u kthye ne SL (maksimumi +1.3R); SL pas 240 min"
42,2023-02-13 20:30,2023-02-13 13:30,e hene,1PM,BUY,1853.17,1850.13,1859.25,3.04,1.21,time,480,1.57,-0.63,1850.61,1859.3,1850.43,0.18,29,0.54,0.11,0.0,W2,1PM BUY: mbyllje me kohe ne fitim; +1.21R pas 8.0 oresh
43,2023-02-14 09:30,2023-02-14 02:30,e marte,1AM,SELL,1859.11,1865.15,1847.03,6.04,-1.0,SL,360,1.55,-1.88,1853.22,1859.38,1864.85,5.47,96,-0.16,0.22,0.0,L4,"1AM SELL: fitim i humbur: arriti te pakten +1R, pastaj u kthye ne SL (maksimumi +1.6R); SL pas 360 min | trend i dobet (<0.5% nga mesatarja), sweep i thelle (>50% e range-it)"
44,2023-02-15 04:30,2023-02-14 21:30,e marte,9PM,SELL,1857.02,1860.34,1850.38,3.32,2.0,TP,30,2.24,-0.12,1853.46,1859.25,1860.04,0.79,61,-0.17,0.12,0.0,W1,"9PM SELL: fitim: preku TP | qiri 9PM (Asia), trend i dobet (<0.5% nga mesatarja)"
45,2023-02-16 05:30,2023-02-15 22:30,e merkure,9PM,SELL,1840.88,1842.83,1836.98,1.95,2.0,TP,120,2.2,-0.39,1834.41,1842.22,1842.53,0.31,83,-1.23,0.07,0.0,W1,"9PM SELL: fitim: preku TP | qiri 9PM (Asia), SL i vogel (<10% e ATR ditore)"
46,2023-02-16 10:45,2023-02-16 03:45,e enjte,1AM,SELL,1838.47,1845.09,1825.23,6.62,0.12,time,480,1.65,-0.29,1834.41,1842.53,1844.79,2.26,50,-1.23,0.24,0.0,W2,1AM SELL: mbyllje me kohe ne fitim; +0.12R pas 8.0 oresh | hyrje afer mesit te range-it
47,2023-02-16 21:30,2023-02-16 14:30,e enjte,1PM,SELL,1843.21,1845.62,1838.39,2.41,2.0,TP,45,2.0,-0.19,1827.55,1843.86,1845.32,1.46,96,-1.23,0.09,0.0,W1,1PM SELL: fitim: preku TP | SL i vogel (<10% e ATR ditore)
48,2023-02-20 05:30,2023-02-19 22:30,e diel,9PM,SELL,1841.71,1843.39,1838.35,1.68,-1.0,SL,30,0.0,-1.39,1837.22,1841.91,1843.09,1.18,96,-1.01,0.06,0.04,L1,"9PM SELL: kthim i menjehershem: cmimi shkoi kunder menjehere (sweep-i vazhdoi), SL brenda 1 ore; SL pas 30 min | qiri 9PM (Asia), SL i vogel (<10% e ATR ditore)"
49,2023-02-20 10:45,2023-02-20 03:45,e hene,1AM,SELL,1842.38,1847.73,1831.68,5.35,-0.19,time,480,0.25,-0.86,1837.22,1844.83,1847.43,2.6,68,-1.01,0.19,0.0,L5,1AM SELL: mbyllje me kohe ne humbje (8 ore ose e premte); -0.19R pas 8.0 oresh
50,2023-02-21 03:00,2023-02-20 20:00,e hene,5PM,SELL,1841.52,1844.04,1836.48,2.52,2.0,TP,375,2.97,-0.73,1840.54,1841.54,1843.74,2.2,98,-1.13,0.09,0.0,W1,"5PM SELL: fitim: preku TP | qiri 5PM (pas mbylljes ditore), SL i vogel (<10% e ATR ditore), sweep i thelle (>50% e range-it)"
51,2023-02-21 17:00,2023-02-21 10:00,e marte,9AM,SELL,1834.95,1844.1,1816.65,9.15,-0.01,time,480,0.35,-0.79,1830.19,1837.07,1843.8,6.73,69,-1.13,0.34,0.0,L5,"9AM SELL: mbyllje me kohe ne humbje (8 ore ose e premte); -0.01R pas 8.0 oresh | SL i madh (>30% e ATR ditore), sweep i thelle (>50% e range-it)"
52,2023-02-22 15:15,2023-02-22 08:15,e merkure,5AM,SELL,1838.63,1846.28,1823.33,7.65,1.63,time,480,1.98,-0.09,1832.89,1841.1,1845.98,4.88,70,-1.51,0.3,0.0,W2,"5AM SELL: mbyllje me kohe ne fitim; +1.63R pas 8.0 oresh | ora e lajmeve 8-10 NY, SL i madh (>30% e ATR ditore), sweep i thelle (>50% e range-it)"
53,2023-02-23 05:30,2023-02-22 22:30,e merkure,9PM,SELL,1828.26,1830.66,1823.46,2.4,-1.0,SL,165,0.54,-1.15,1823.18,1828.75,1830.36,1.61,91,-2.07,0.1,0.0,L3,"9PM SELL: levizje e vogel ne favor (+0.3R deri +1R), pastaj SL; SL pas 165 min | qiri 9PM (Asia)"
54,2023-02-23 09:30,2023-02-23 02:30,e enjte,1AM,SELL,1830.1,1833.97,1822.36,3.87,2.0,TP,360,3.29,-0.26,1823.18,1830.36,1833.67,3.31,96,-2.07,0.17,0.0,W1,1AM SELL: fitim: preku TP
55,2023-02-23 16:45,2023-02-23 09:45,e enjte,9AM,SELL,1823.68,1830.37,1810.3,6.69,0.25,time,495,0.79,-0.88,1817.37,1828.46,1830.07,1.61,57,-2.07,0.29,0.0,W2,"9AM SELL: mbyllje me kohe ne fitim; +0.25R pas 8.2 oresh | ora e lajmeve 8-10 NY, hyrje afer mesit te range-it"
56,2023-02-24 04:45,2023-02-23 21:45,e enjte,9PM,SELL,1825.29,1828.04,1819.79,2.75,2.0,TP,315,2.04,-0.83,1821.6,1827.06,1827.74,0.68,68,-2.25,0.13,0.09,W1,9PM SELL: fitim: preku TP | qiri 9PM (Asia)
57,2023-02-27 17:45,2023-02-27 10:45,e hene,9AM,SELL,1815.24,1820.4,1804.92,5.16,-0.42,time,480,0.51,-0.94,1808.25,1816.29,1820.1,3.81,87,-2.87,0.25,0.03,L5,9AM SELL: mbyllje me kohe ne humbje (8 ore ose e premte); -0.42R pas 8.0 oresh
58,2023-03-01 11:30,2023-03-01 04:30,e merkure,1AM,SELL,1831.9,1838.27,1819.16,6.37,-1.0,SL,120,0.18,-1.03,1823.03,1832.6,1837.97,5.37,93,-2.08,0.31,0.0,L2,"1AM SELL: pa drejtim: trade-i nuk shkoi kurre ne favor, SL pas me shume se 1 ore; SL pas 120 min | SL i madh (>30% e ATR ditore), sweep i thelle (>50% e range-it)"
59,2023-03-01 14:00,2023-03-01 07:00,e merkure,5AM,SELL,1835.25,1838.78,1828.19,3.53,-1.0,SL,30,0.24,-1.23,1830.39,1837.97,1838.48,0.51,64,-2.08,0.17,0.0,L1,"5AM SELL: kthim i menjehershem: cmimi shkoi kunder menjehere (sweep-i vazhdoi), SL brenda 1 ore; SL pas 30 min"
60,2023-03-02 14:30,2023-03-02 07:30,e enjte,5AM,SELL,1833.35,1837.87,1824.31,4.52,-1.0,SL,135,0.73,-1.07,1829.9,1835.2,1837.57,2.37,65,-1.61,0.23,0.0,L3,"5AM SELL: levizje e vogel ne favor (+0.3R deri +1R), pastaj SL; SL pas 135 min"
61,2023-03-02 17:45,2023-03-02 10:45,e enjte,9AM,SELL,1835.77,1839.21,1828.89,3.44,-0.46,time,480,1.01,-0.84,1830.04,1837.57,1838.91,1.34,76,-1.61,0.17,0.06,L5,9AM SELL: mbyllje me kohe ne humbje (8 ore ose e premte); -0.46R pas 8.0 oresh
62,2023-03-03 14:30,2023-03-03 07:30,e premte,5AM,SELL,1846.37,1849.49,1840.13,3.12,2.0,TP,150,2.37,-0.56,1838.91,1847.36,1849.19,1.83,88,-1.67,0.16,0.0,W1,5AM SELL: fitim: preku TP | e premte
63,2023-03-06 07:00,2023-03-06 00:00,e hene,9PM,SELL,1853.96,1856.7,1848.48,2.74,-1.0,SL,150,0.45,-1.57,1850.73,1855.64,1856.4,0.76,66,-0.67,0.14,0.04,L3,"9PM SELL: levizje e vogel ne favor (+0.3R deri +1R), pastaj SL; SL pas 150 min | qiri 9PM (Asia)"
64,2023-03-06 10:30,2023-03-06 03:30,e hene,1AM,SELL,1854.25,1858.56,1845.63,4.31,0.93,time,480,1.63,-0.19,1850.73,1856.4,1858.26,1.86,62,-0.67,0.22,0.01,W2,1AM SELL: mbyllje me kohe ne fitim; +0.93R pas 8.0 oresh
65,2023-03-07 05:15,2023-03-06 22:15,e hene,9PM,SELL,1848.1,1850.71,1842.88,2.61,-1.0,SL,240,1.07,-1.28,1843.99,1848.41,1850.41,2.0,93,-1.18,0.14,0.02,L4,"9PM SELL: fitim i humbur: arriti te pakten +1R, pastaj u kthye ne SL (maksimumi +1.1R); SL pas 240 min | qiri 9PM (Asia)"
66,2023-03-07 10:00,2023-03-07 03:00,e marte,1AM,SELL,1848.39,1851.89,1841.39,3.5,2.0,TP,225,2.15,-0.35,1843.99,1850.41,1851.59,1.18,69,-1.18,0.19,0.0,W1,1AM SELL: fitim: preku TP
67,2023-03-08 11:00,2023-03-08 04:00,e merkure,1AM,SELL,1813.27,1815.49,1808.83,2.22,-1.0,SL,120,0.43,-1.28,1809.36,1814.38,1815.19,0.81,78,-2.99,0.12,0.06,L3,"1AM SELL: levizje e vogel ne favor (+0.3R deri +1R), pastaj SL; SL pas 120 min"
68,2023-03-08 14:00,2023-03-08 07:00,e merkure,5AM,SELL,1815.03,1816.88,1811.33,1.85,-1.0,SL,150,1.55,-1.51,1811.38,1815.19,1816.58,1.39,96,-2.99,0.1,0.0,L4,"5AM SELL: fitim i humbur: arriti te pakten +1R, pastaj u kthye ne SL (maksimumi +1.5R); SL pas 150 min | SL i vogel (<10% e ATR ditore)"
69,2023-03-08 19:15,2023-03-08 12:15,e merkure,9AM,SELL,1816.1,1824.54,1799.22,8.44,0.13,time,480,0.38,-0.26,1812.17,1816.58,1824.24,7.66,89,-2.99,0.44,0.05,W2,"9AM SELL: mbyllje me kohe ne fitim; +0.13R pas 8.0 oresh | SL i madh (>30% e ATR ditore), sweep i thelle (>50% e range-it)"
70,2023-03-09 14:00,2023-03-09 07:00,e enjte,5AM,SELL,1818.71,1820.62,1814.89,1.91,-1.0,SL,90,1.73,-2.73,1812.71,1819.08,1820.32,1.24,94,-2.97,0.1,0.07,L4,"5AM SELL: fitim i humbur: arriti te pakten +1R, pastaj u kthye ne SL (maksimumi +1.7R); SL pas 90 min"
71,2023-03-10 10:30,2023-03-10 03:30,e premte,1AM,SELL,1833.49,1837.57,1825.33,4.08,-1.0,SL,300,0.62,-2.66,1827.67,1834.83,1837.27,2.44,81,-2.08,0.22,0.0,L3,"1AM SELL: levizje e vogel ne favor (+0.3R deri +1R), pastaj SL; SL pas 300 min | e premte"
72,2023-03-13 13:00,2023-03-13 06:00,e hene,5AM,SELL,1885.88,1894.07,1869.5,8.19,-1.0,SL,135,0.61,-1.49,1871.47,1886.09,1893.77,7.68,99,-0.2,0.39,0.0,L3,"5AM SELL: levizje e vogel ne favor (+0.3R deri +1R), pastaj SL; SL pas 135 min | trend i dobet (<0.5% nga mesatarja), SL i madh (>30% e ATR ditore), sweep i thelle (>50% e range-it)"
73,2023-03-13 17:00,2023-03-13 10:00,e hene,9AM,SELL,1896.62,1910.06,1869.74,13.44,-1.0,SL,45,0.02,-1.21,1880.89,1902.82,1909.76,6.94,72,-0.2,0.64,0.0,L1,"9AM SELL: kthim i menjehershem: cmimi shkoi kunder menjehere (sweep-i vazhdoi), SL brenda 1 ore; SL pas 45 min | trend i dobet (<0.5% nga mesatarja), SL i madh (>30% e ATR ditore)"
74,2023-03-13 22:15,2023-03-13 15:15,e hene,1PM,SELL,1909.34,1913.42,1901.18,4.08,-1.0,SL,15,0.35,-1.28,1893.49,1913.03,1913.12,0.09,81,-0.2,0.19,0.0,L3,"1PM SELL: levizje e vogel ne favor (+0.3R deri +1R), pastaj SL; SL pas 15 min | trend i dobet (<0.5% nga mesatarja)"
75,2023-03-14 09:00,2023-03-14 02:00,e marte,1AM,BUY,1903.96,1901.14,1909.6,2.82,2.0,TP,0,2.49,-0.09,1901.55,1914.14,1901.44,0.11,19,2.2,0.12,0.0,W1,1AM BUY: fitim: preku TP
76,2023-03-15 10:00,2023-03-15 03:00,e merkure,1AM,BUY,1900.56,1898.26,1905.16,2.3,-1.0,SL,30,0.75,-1.45,1899.9,1905.61,1898.56,1.34,12,1.61,0.1,0.0,L3,"1AM BUY: levizje e vogel ne favor (+0.3R deri +1R), pastaj SL; SL pas 30 min"
77,2023-03-20 05:45,2023-03-19 22:45,e diel,9PM,BUY,1974.2,1967.77,1987.06,6.43,2.0,TP,180,2.24,-0.27,1971.78,1990.58,1968.07,3.71,13,5.79,0.21,0.0,W1,9PM BUY: fitim: preku TP | qiri 9PM (Asia)
78,2023-03-20 15:30,2023-03-20 08:30,e hene,5AM,BUY,1986.18,1973.55,2011.44,12.63,-1.0,SL,15,0.01,-1.09,1974.4,2009.73,1973.85,0.55,33,5.79,0.42,0.0,L1,"5AM BUY: kthim i menjehershem: cmimi shkoi kunder menjehere (sweep-i vazhdoi), SL brenda 1 ore; SL pas 15 min | ora e lajmeve 8-10 NY, SL i madh (>30% e ATR ditore)"
79,2023-03-20 19:15,2023-03-20 12:15,e hene,9AM,BUY,1978.61,1965.51,2004.81,13.1,0.03,time,480,0.44,-0.35,1972.44,1999.37,1965.81,6.63,23,5.79,0.44,0.0,W2,9AM BUY: mbyllje me kohe ne fitim; +0.03R pas 8.0 oresh | SL i madh (>30% e ATR ditore)
80,2023-03-21 10:15,2023-03-21 03:15,e marte,1AM,BUY,1977.93,1971.52,1990.75,6.41,-1.0,SL,30,0.06,-1.2,1975.35,1985.13,1971.82,3.53,26,5.19,0.21,0.0,L1,"1AM BUY: kthim i menjehershem: cmimi shkoi kunder menjehere (sweep-i vazhdoi), SL brenda 1 ore; SL pas 30 min"
81,2023-03-21 16:30,2023-03-21 09:30,e marte,9AM,BUY,1964.94,1958.43,1977.96,6.51,-1.0,SL,0,0.12,-1.51,1960.43,1969.8,1958.73,1.7,48,5.19,0.21,0.0,L1,"9AM BUY: kthim i menjehershem: cmimi shkoi kunder menjehere (sweep-i vazhdoi), SL brenda 1 ore; SL pas 0 min | ora e lajmeve 8-10 NY, hyrje afer mesit te range-it"
82,2023-03-21 23:00,2023-03-21 16:00,e marte,1PM,BUY,1940.26,1935.08,1950.62,5.18,-0.14,time,480,1.14,-0.41,1940.12,1965.8,1935.38,4.74,1,5.19,0.17,0.0,L5,1PM BUY: mbyllje me kohe ne humbje (8 ore ose e premte); -0.14R pas 8.0 oresh
83,2023-03-24 11:15,2023-03-24 04:15,e premte,1AM,BUY,1991.62,1984.96,2004.94,6.66,-1.0,SL,15,0.1,-1.57,1989.64,1994.78,1985.26,4.38,39,5.65,0.18,0.0,L1,"1AM BUY: kthim i menjehershem: cmimi shkoi kunder menjehere (sweep-i vazhdoi), SL brenda 1 ore; SL pas 15 min | e premte, sweep i thelle (>50% e range-it)"
84,2023-03-27 09:45,2023-03-27 02:45,e hene,1AM,BUY,1969.3,1966.28,1975.34,3.02,-1.0,SL,30,0.66,-1.07,1969.23,1980.58,1966.58,2.65,1,4.82,0.08,0.06,L3,"1AM BUY: levizje e vogel ne favor (+0.3R deri +1R), pastaj SL; SL pas 30 min | SL i vogel (<10% e ATR ditore)"
85,2023-03-27 17:30,2023-03-27 10:30,e hene,9AM,BUY,1955.77,1943.66,1979.99,12.11,0.15,time,480,0.3,-0.42,1944.34,1968.68,1943.96,0.38,47,4.82,0.32,0.0,W2,"9AM BUY: mbyllje me kohe ne fitim; +0.15R pas 8.0 oresh | SL i madh (>30% e ATR ditore), hyrje afer mesit te range-it"
86,2023-03-28 10:30,2023-03-28 03:30,e marte,1AM,BUY,1956.44,1952.28,1964.76,4.16,-1.0,SL,0,0.1,-1.11,1956.14,1963.93,1952.58,3.56,4,3.61,0.11,0.0,L1,"1AM BUY: kthim i menjehershem: cmimi shkoi kunder menjehere (sweep-i vazhdoi), SL brenda 1 ore; SL pas 0 min"
87,2023-03-28 12:45,2023-03-28 05:45,e marte,5AM,BUY,1952.68,1948.82,1960.4,3.86,2.0,TP,150,3.1,-0.25,1949.75,1960.79,1949.12,0.63,27,3.61,0.1,0.0,W1,5AM BUY: fitim: preku TP
88,2023-03-29 05:45,2023-03-28 22:45,e marte,9PM,BUY,1970.0,1966.48,1977.04,3.52,-1.0,SL,30,0.06,-1.09,1969.88,1974.38,1966.78,3.1,3,4.43,0.09,0.09,L1,"9PM BUY: kthim i menjehershem: cmimi shkoi kunder menjehere (sweep-i vazhdoi), SL brenda 1 ore; SL pas 30 min | qiri 9PM (Asia), SL i vogel (<10% e ATR ditore), sweep i thelle (>50% e range-it)"
89,2023-03-30 07:45,2023-03-30 00:45,e enjte,9PM,BUY,1961.36,1955.01,1974.06,6.35,2.0,TP,450,2.11,-0.19,1960.71,1964.84,1955.31,5.4,16,3.89,0.17,0.06,W1,"9PM BUY: fitim: preku TP | qiri 9PM (Asia), sweep i thelle (>50% e range-it)"
90,2023-03-30 17:30,2023-03-30 10:30,e enjte,9AM,BUY,1968.93,1963.6,1979.59,5.33,2.0,TP,105,2.28,-0.15,1966.87,1975.19,1963.9,2.97,25,3.89,0.14,0.0,W1,9AM BUY: fitim: preku TP
91,2023-03-31 04:00,2023-03-30 21:00,e enjte,5PM,BUY,1979.74,1977.3,1984.62,2.44,2.0,TP,345,2.15,-0.7,1978.12,1983.44,1977.6,0.52,30,4.66,0.07,0.1,W1,"5PM BUY: fitim: preku TP | qiri 5PM (pas mbylljes ditore), SL i vogel (<10% e ATR ditore)"
92,2023-03-31 16:30,2023-03-31 09:30,e premte,9AM,BUY,1980.66,1974.58,1992.82,6.08,-1.0,SL,225,0.56,-2.08,1975.35,1987.59,1974.88,0.47,43,4.66,0.16,0.0,L3,"9AM BUY: levizje e vogel ne favor (+0.3R deri +1R), pastaj SL; SL pas 225 min | ora e lajmeve 8-10 NY, e premte, hyrje afer mesit te range-it"
93,2023-04-05 13:00,2023-04-05 06:00,e merkure,5AM,BUY,2024.47,2021.46,2030.49,3.01,2.0,TP,150,2.47,-1.0,2022.74,2028.34,2021.76,0.98,31,6.58,0.08,0.0,W1,5AM BUY: fitim: preku TP | SL i vogel (<10% e ATR ditore)
94,2023-04-05 19:00,2023-04-05 12:00,e merkure,9AM,BUY,2021.71,2009.79,2045.55,11.92,-0.12,time,480,0.18,-0.26,2021.47,2032.0,2010.09,11.38,2,6.58,0.32,0.0,L5,"9AM BUY: mbyllje me kohe ne humbje (8 ore ose e premte); -0.12R pas 8.0 oresh | SL i madh (>30% e ATR ditore), sweep i thelle (>50% e range-it)"
95,2023-04-06 18:00,2023-04-06 11:00,e enjte,9AM,BUY,2011.79,2000.46,2034.45,11.33,-1.56,time,4740,0.27,-0.54,2011.16,2020.91,2000.76,10.4,6,6.52,0.31,0.0,L5,"9AM BUY: mbyllje me kohe ne humbje (8 ore ose e premte); -1.56R pas 79.0 oresh | SL i madh (>30% e ATR ditore), sweep i thelle (>50% e range-it)"
96,2023-04-10 06:30,2023-04-09 23:30,e diel,9PM,BUY,1992.7,1988.51,2001.08,4.19,2.0,TP,360,2.18,-0.74,1989.91,2006.45,1988.81,1.1,17,5.74,0.13,0.0,W1,9PM BUY: fitim: preku TP | qiri 9PM (Asia)
97,2023-04-10 18:15,2023-04-10 11:15,e hene,9AM,BUY,1989.23,1981.33,2005.03,7.9,0.26,time,480,0.45,-0.27,1989.09,2002.93,1981.63,7.46,1,5.74,0.24,0.04,W2,9AM BUY: mbyllje me kohe ne fitim; +0.26R pas 8.0 oresh | sweep i thelle (>50% e range-it)
98,2023-04-11 16:30,2023-04-11 09:30,e marte,9AM,BUY,2000.01,1995.23,2009.57,4.78,0.74,time,510,1.4,-0.56,1998.3,2005.36,1995.53,2.77,24,4.81,0.15,0.0,W2,9AM BUY: mbyllje me kohe ne fitim; +0.74R pas 8.5 oresh | ora e lajmeve 8-10 NY
99,2023-04-12 12:45,2023-04-12 05:45,e merkure,5AM,BUY,2011.09,2008.24,2016.79,2.85,-1.0,SL,30,0.15,-1.34,2008.93,2020.85,2008.54,0.39,18,5.37,0.1,0.0,L1,"5AM BUY: kthim i menjehershem: cmimi shkoi kunder menjehere (sweep-i vazhdoi), SL brenda 1 ore; SL pas 30 min | SL i vogel (<10% e ATR ditore)"
100,2023-04-12 17:15,2023-04-12 10:15,e merkure,9AM,BUY,2010.18,2001.04,2028.46,9.14,0.47,time,480,0.86,-0.78,2006.23,2028.28,2001.34,4.89,18,5.37,0.31,0.0,W2,9AM BUY: mbyllje me kohe ne fitim; +0.47R pas 8.0 oresh | SL i madh (>30% e ATR ditore)
101,2023-04-14 11:00,2023-04-14 04:00,e premte,1AM,BUY,2039.22,2036.29,2045.08,2.93,-1.0,SL,0,0.03,-1.84,2038.58,2047.39,2036.59,1.99,7,7.08,0.1,0.02,L1,"1AM BUY: kthim i menjehershem: cmimi shkoi kunder menjehere (sweep-i vazhdoi), SL brenda 1 ore; SL pas 0 min | e premte"
102,2023-04-18 17:00,2023-04-18 10:00,e marte,9AM,BUY,1999.08,1990.93,2015.38,8.15,0.73,time,480,1.56,-0.01,1999.04,2005.75,1991.23,7.81,1,4.48,0.27,0.02,W2,9AM BUY: mbyllje me kohe ne fitim; +0.73R pas 8.0 oresh | sweep i thelle (>50% e range-it)
103,2023-04-19 05:30,2023-04-18 22:30,e marte,9PM,BUY,2004.69,2001.64,2010.79,3.05,-1.0,SL,180,0.7,-1.26,2004.45,2007.39,2001.94,2.51,8,4.87,0.1,0.03,L3,"9PM BUY: levizje e vogel ne favor (+0.3R deri +1R), pastaj SL; SL pas 180 min | qiri 9PM (Asia), sweep i thelle (>50% e range-it)"
104,2023-04-19 15:30,2023-04-19 08:30,e merkure,5AM,BUY,1977.19,1968.86,1993.85,8.33,2.0,TP,90,2.2,-0.06,1976.56,2004.23,1969.16,7.4,2,4.87,0.28,0.02,W1,5AM BUY: fitim: preku TP | ora e lajmeve 8-10 NY
105,2023-04-20 03:15,2023-04-19 20:15,e merkure,5PM,BUY,1994.71,1992.79,1998.55,1.92,-1.0,SL,45,1.01,-1.34,1993.58,1996.77,1993.09,0.49,35,4.19,0.06,0.11,L4,"5PM BUY: fitim i humbur: arriti te pakten +1R, pastaj u kthye ne SL (maksimumi +1.0R); SL pas 45 min | qiri 5PM (pas mbylljes ditore), SL i vogel (<10% e ATR ditore)"
106,2023-04-20 07:15,2023-04-20 00:15,e enjte,9PM,BUY,1993.59,1990.13,2000.51,3.46,2.0,TP,135,2.13,-0.64,1993.09,1996.64,1990.43,2.66,14,4.19,0.11,0.15,W1,"9PM BUY: fitim: preku TP | qiri 9PM (Asia), sweep i thelle (>50% e range-it)"
107,2023-04-21 04:00,2023-04-20 21:00,e enjte,5PM,BUY,2004.62,2001.45,2010.96,3.17,-1.0,SL,30,0.16,-1.3,2002.18,2008.32,2001.75,0.43,40,4.56,0.1,0.1,L1,"5PM BUY: kthim i menjehershem: cmimi shkoi kunder menjehere (sweep-i vazhdoi), SL brenda 1 ore; SL pas 30 min | qiri 5PM (pas mbylljes ditore)"
108,2023-04-21 17:30,2023-04-21 10:30,e premte,9AM,BUY,1982.24,1971.25,2004.22,10.99,0.03,time,330,0.09,-0.75,1982.14,1992.44,1971.55,10.59,1,4.56,0.36,0.02,W2,"9AM BUY: mbyllje me kohe ne fitim; +0.03R pas 5.5 oresh | e premte, SL i madh (>30% e ATR ditore), sweep i thelle (>50% e range-it)"
109,2023-04-24 05:30,2023-04-23 22:30,e diel,9PM,BUY,1981.53,1978.16,1988.27,3.37,-1.0,SL,120,0.47,-1.01,1980.89,1985.32,1978.46,2.43,14,3.29,0.11,0.02,L3,"9PM BUY: levizje e vogel ne favor (+0.3R deri +1R), pastaj SL; SL pas 120 min | qiri 9PM (Asia), sweep i thelle (>50% e range-it)"
110,2023-04-24 09:15,2023-04-24 02:15,e hene,1AM,BUY,1981.32,1976.1,1991.76,5.22,-1.0,SL,435,1.07,-1.24,1978.13,1985.32,1976.4,1.73,44,3.29,0.17,0.06,L4,"1AM BUY: fitim i humbur: arriti te pakten +1R, pastaj u kthye ne SL (maksimumi +1.1R); SL pas 435 min | hyrje afer mesit te range-it"
111,2023-04-25 15:45,2023-04-25 08:45,e marte,5AM,BUY,1987.9,1975.77,2012.16,12.13,0.7,time,480,1.31,-0.37,1986.9,1997.21,1976.07,10.83,10,3.48,0.41,0.02,W2,"5AM BUY: mbyllje me kohe ne fitim; +0.70R pas 8.0 oresh | ora e lajmeve 8-10 NY, SL i madh (>30% e ATR ditore), sweep i thelle (>50% e range-it)"
112,2023-04-26 05:00,2023-04-25 22:00,e marte,9PM,BUY,1999.03,1995.32,2006.45,3.71,-1.0,SL,75,0.46,-1.19,1995.99,2002.4,1995.62,0.37,47,3.75,0.13,0.14,L3,"9PM BUY: levizje e vogel ne favor (+0.3R deri +1R), pastaj SL; SL pas 75 min | qiri 9PM (Asia), hyrje afer mesit te range-it"
113,2023-04-26 21:00,2023-04-26 14:00,e merkure,1PM,BUY,1988.29,1983.06,1998.75,5.23,0.82,time,480,1.29,-0.73,1985.4,2009.32,1983.36,2.04,12,3.75,0.18,0.02,W2,1PM BUY: mbyllje me kohe ne fitim; +0.82R pas 8.0 oresh
114,2023-04-27 17:15,2023-04-27 10:15,e enjte,9AM,BUY,1984.06,1973.84,2004.5,10.22,0.37,time,480,0.68,-0.51,1981.78,2002.82,1974.14,7.64,11,3.17,0.36,0.02,W2,9AM BUY: mbyllje me kohe ne fitim; +0.37R pas 8.0 oresh | SL i madh (>30% e ATR ditore)
115,2023-04-28 09:30,2023-04-28 02:30,e premte,1AM,BUY,1986.7,1982.93,1994.24,3.77,-1.0,SL,30,0.1,-1.23,1984.83,1991.45,1983.23,1.6,28,2.95,0.13,0.05,L1,"1AM BUY: kthim i menjehershem: cmimi shkoi kunder menjehere (sweep-i vazhdoi), SL brenda 1 ore; SL pas 30 min | e premte"
116,2023-05-01 04:30,2023-04-30 21:30,e diel,9PM,BUY,1984.66,1983.13,1987.72,1.53,-1.0,SL,0,0.0,-1.53,1983.65,1991.8,1983.43,0.22,12,2.87,0.05,0.1,L1,"9PM BUY: kthim i menjehershem: cmimi shkoi kunder menjehere (sweep-i vazhdoi), SL brenda 1 ore; SL pas 0 min | qiri 9PM (Asia), SL i vogel (<10% e ATR ditore)"
117,2023-05-01 10:30,2023-05-01 03:30,e hene,1AM,BUY,1980.68,1978.6,1984.84,2.08,-1.0,SL,60,0.3,-1.27,1980.54,1991.8,1978.9,1.64,1,2.87,0.07,0.07,L3,"1AM BUY: levizje e vogel ne favor (+0.3R deri +1R), pastaj SL; SL pas 60 min | SL i vogel (<10% e ATR ditore)"
118,2023-05-01 20:30,2023-05-01 13:30,e hene,1PM,BUY,1983.63,1979.55,1991.79,4.08,-1.0,SL,135,0.0,-1.04,1979.89,2005.95,1979.85,0.04,14,2.87,0.14,0.03,L2,"1PM BUY: pa drejtim: trade-i nuk shkoi kurre ne favor, SL pas me shume se 1 ore; SL pas 135 min"
119,2023-05-02 11:45,2023-05-02 04:45,e marte,1AM,BUY,1981.44,1978.11,1988.1,3.33,2.0,TP,120,2.11,-0.27,1980.65,1985.15,1978.41,2.24,18,2.37,0.11,0.03,W1,1AM BUY: fitim: preku TP
120,2023-05-03 11:30,2023-05-03 04:30,e merkure,1AM,BUY,2016.05,2012.32,2023.51,3.73,-1.0,SL,225,0.36,-2.45,2014.17,2019.4,2012.62,1.55,36,3.94,0.12,0.09,L3,"1AM BUY: levizje e vogel ne favor (+0.3R deri +1R), pastaj SL; SL pas 225 min"
121,2023-05-04 07:45,2023-05-04 00:45,e enjte,9PM,BUY,2045.0,2037.97,2059.06,7.03,-1.0,SL,90,0.05,-1.2,2042.71,2078.74,2038.27,4.44,6,4.87,0.23,0.2,L2,"9PM BUY: pa drejtim: trade-i nuk shkoi kurre ne favor, SL pas me shume se 1 ore; SL pas 90 min | qiri 9PM (Asia)"
122,2023-05-05 06:15,2023-05-04 23:15,e enjte,9PM,BUY,2047.74,2045.09,2053.04,2.65,-1.0,SL,180,1.25,-1.17,2047.44,2050.23,2045.39,2.05,11,5.21,0.09,0.21,L4,"9PM BUY: fitim i humbur: arriti te pakten +1R, pastaj u kthye ne SL (maksimumi +1.3R); SL pas 180 min | qiri 9PM (Asia), SL i vogel (<10% e ATR ditore), sweep i thelle (>50% e range-it)"
123,2023-05-05 14:00,2023-05-05 07:00,e premte,5AM,BUY,2039.29,2035.86,2046.15,3.43,-1.0,SL,30,0.0,-1.16,2038.86,2049.55,2036.16,2.7,4,5.21,0.11,0.07,L1,"5AM BUY: kthim i menjehershem: cmimi shkoi kunder menjehere (sweep-i vazhdoi), SL brenda 1 ore; SL pas 30 min | e premte"
124,2023-05-05 17:30,2023-05-05 10:30,e premte,9AM,BUY,2008.33,1999.12,2026.75,9.21,1.03,time,330,1.13,-0.29,2007.75,2040.22,1999.42,8.33,2,5.21,0.31,0.03,W2,"9AM BUY: mbyllje me kohe ne fitim; +1.03R pas 5.5 oresh | e premte, SL i madh (>30% e ATR ditore)"
125,2023-05-09 02:45,2023-05-08 19:45,e hene,5PM,BUY,2021.8,2019.79,2025.82,2.01,-1.0,SL,15,0.0,-1.11,2020.13,2027.86,2020.09,0.04,22,3.28,0.06,0.2,L1,"5PM BUY: kthim i menjehershem: cmimi shkoi kunder menjehere (sweep-i vazhdoi), SL brenda 1 ore; SL pas 15 min | qiri 5PM (pas mbylljes ditore), SL i vogel (<10% e ATR ditore)"
126,2023-05-09 16:45,2023-05-09 09:45,e marte,9AM,BUY,2027.38,2022.58,2036.98,4.8,2.0,TP,225,2.11,-0.64,2024.78,2032.77,2022.88,1.9,33,3.28,0.16,0.02,W1,9AM BUY: fitim: preku TP | ora e lajmeve 8-10 NY
127,2023-05-10 09:45,2023-05-10 02:45,e merkure,1AM,BUY,2030.86,2027.09,2038.4,3.77,-1.0,SL,105,0.54,-1.23,2029.67,2038.12,2027.39,2.28,14,3.73,0.13,0.08,L3,"1AM BUY: levizje e vogel ne favor (+0.3R deri +1R), pastaj SL; SL pas 105 min"
128,2023-05-11 12:45,2023-05-11 05:45,e enjte,5AM,BUY,2026.36,2021.3,2036.48,5.06,2.0,TP,90,2.29,-0.16,2021.74,2033.07,2021.6,0.14,41,3.29,0.17,0.02,W1,5AM BUY: fitim: preku TP | hyrje afer mesit te range-it
129,2023-05-12 08:30,2023-05-12 01:30,e premte,1AM,BUY,2012.13,2007.9,2020.59,4.23,-1.0,SL,45,0.0,-1.54,2008.63,2017.48,2008.2,0.43,40,2.34,0.14,0.12,L1,"1AM BUY: kthim i menjehershem: cmimi shkoi kunder menjehere (sweep-i vazhdoi), SL brenda 1 ore; SL pas 45 min | e premte"
130,2023-05-12 13:45,2023-05-12 06:45,e premte,5AM,BUY,2006.62,2000.54,2018.78,6.08,2.0,TP,135,2.24,-0.66,2005.5,2012.55,2000.84,4.66,16,2.34,0.21,0.07,W1,"5AM BUY: fitim: preku TP | e premte, sweep i thelle (>50% e range-it)"
131,2023-05-15 14:30,2023-05-15 07:30,e hene,5AM,BUY,2015.43,2011.96,2022.37,3.47,-1.0,SL,0,0.03,-1.02,2013.21,2020.85,2012.26,0.95,29,1.96,0.12,0.02,L1,"5AM BUY: kthim i menjehershem: cmimi shkoi kunder menjehere (sweep-i vazhdoi), SL brenda 1 ore; SL pas 0 min"
132,2023-05-16 20:30,2023-05-16 13:30,e marte,1PM,BUY,1989.37,1985.12,1997.87,4.25,0.8,time,480,0.84,-0.67,1987.46,2012.46,1985.42,2.04,8,2.07,0.15,0.03,W2,1PM BUY: mbyllje me kohe ne fitim; +0.80R pas 8.0 oresh
133,2023-05-17 09:45,2023-05-17 02:45,e merkure,1AM,BUY,1988.61,1986.34,1993.15,2.27,-1.0,SL,90,0.85,-1.09,1987.93,1992.95,1986.64,1.29,14,0.54,0.08,0.08,L3,"1AM BUY: levizje e vogel ne favor (+0.3R deri +1R), pastaj SL; SL pas 90 min | SL i vogel (<10% e ATR ditore)"
134,2023-05-17 13:30,2023-05-17 06:30,e merkure,5AM,BUY,1987.45,1983.37,1995.61,4.08,-1.0,SL,105,0.35,-1.33,1985.88,1991.71,1983.67,2.21,27,0.54,0.14,0.04,L3,"5AM BUY: levizje e vogel ne favor (+0.3R deri +1R), pastaj SL; SL pas 105 min"
135,2023-05-17 17:30,2023-05-17 10:30,e merkure,9AM,BUY,1983.89,1974.67,2002.33,9.22,-0.12,time,480,0.15,-0.47,1981.78,1988.88,1974.97,6.81,30,0.54,0.31,0.06,L5,"9AM BUY: mbyllje me kohe ne humbje (8 ore ose e premte); -0.12R pas 8.0 oresh | SL i madh (>30% e ATR ditore), sweep i thelle (>50% e range-it)"
136,2023-05-18 09:30,2023-05-18 02:30,e enjte,1AM,BUY,1981.37,1977.11,1989.89,4.26,-1.0,SL,30,0.02,-1.24,1979.42,1985.92,1977.41,2.01,30,0.0,0.15,0.13,L1,"1AM BUY: kthim i menjehershem: cmimi shkoi kunder menjehere (sweep-i vazhdoi), SL brenda 1 ore; SL pas 30 min | trend i dobet (<0.5% nga mesatarja)"
137,2023-05-19 02:45,2023-05-18 19:45,e enjte,5PM,SELL,1958.08,1959.41,1955.42,1.33,-1.0,SL,15,0.0,-1.29,1953.9,1958.87,1959.11,0.24,84,-1.36,0.04,0.2,L1,"5PM SELL: kthim i menjehershem: cmimi shkoi kunder menjehere (sweep-i vazhdoi), SL brenda 1 ore; SL pas 15 min | qiri 5PM (pas mbylljes ditore), SL i vogel (<10% e ATR ditore)"
138,2023-05-22 12:30,2023-05-22 05:30,e hene,5AM,SELL,1980.61,1982.89,1976.05,2.28,2.0,TP,120,4.75,-0.6,1971.17,1980.75,1982.59,1.84,99,-0.49,0.08,0.09,W1,"5AM SELL: fitim: preku TP | trend i dobet (<0.5% nga mesatarja), SL i vogel (<10% e ATR ditore)"
139,2023-05-22 20:45,2023-05-22 13:45,e hene,1PM,SELL,1974.17,1979.15,1964.21,4.98,2.0,TP,465,2.48,-0.35,1968.84,1978.68,1978.85,0.17,54,-0.49,0.17,0.14,W1,"1PM SELL: fitim: preku TP | trend i dobet (<0.5% nga mesatarja), hyrje afer mesit te range-it"
140,2023-05-23 23:15,2023-05-23 16:15,e marte,1PM,SELL,1974.53,1977.94,1967.71,3.41,-0.64,time,480,0.52,-0.84,1958.78,1974.6,1977.64,3.04,100,-0.9,0.12,0.16,L5,1PM SELL: mbyllje me kohe ne humbje (8 ore ose e premte); -0.64R pas 8.0 oresh
141,2023-05-24 08:30,2023-05-24 01:30,e merkure,1AM,SELL,1977.11,1979.05,1973.23,1.94,-1.0,SL,0,0.0,-1.16,1972.66,1978.63,1978.75,0.12,75,-0.79,0.07,0.09,L1,"1AM SELL: kthim i menjehershem: cmimi shkoi kunder menjehere (sweep-i vazhdoi), SL brenda 1 ore; SL pas 0 min | SL i vogel (<10% e ATR ditore)"
142,2023-05-24 16:00,2023-05-24 09:00,e merkure,5AM,SELL,1979.82,1985.55,1968.36,5.73,2.0,TP,60,2.25,-0.18,1970.64,1980.52,1985.25,4.73,93,-0.79,0.21,0.02,W1,5AM SELL: fitim: preku TP | ora e lajmeve 8-10 NY
143,2023-05-29 10:30,2023-05-29 03:30,e hene,1AM,SELL,1945.41,1949.12,1937.99,3.71,-1.0,SL,315,1.22,-1.16,1940.2,1946.19,1948.82,2.63,87,-2.32,0.15,0.18,L4,"1AM SELL: fitim i humbur: arriti te pakten +1R, pastaj u kthye ne SL (maksimumi +1.2R); SL pas 315 min"
144,2023-05-30 06:15,2023-05-29 23:15,e hene,9PM,SELL,1943.76,1946.92,1937.44,3.16,2.0,TP,105,2.28,-0.09,1940.95,1944.25,1946.62,2.37,85,-2.46,0.13,0.02,W1,"9PM SELL: fitim: preku TP | qiri 9PM (Asia), sweep i thelle (>50% e range-it)"
145,2023-05-30 19:45,2023-05-30 12:45,e marte,9AM,SELL,1960.85,1963.75,1955.05,2.9,0.42,time,480,1.14,-0.09,1942.36,1962.27,1963.45,1.18,93,-2.46,0.12,0.04,W2,9AM SELL: mbyllje me kohe ne fitim; +0.42R pas 8.0 oresh
146,2023-05-31 10:00,2023-05-31 03:00,e merkure,1AM,SELL,1960.29,1965.57,1949.73,5.28,-1.0,SL,390,1.03,-1.82,1953.62,1960.46,1965.27,4.81,98,-1.63,0.22,0.02,L4,"1AM SELL: fitim i humbur: arriti te pakten +1R, pastaj u kthye ne SL (maksimumi +1.0R); SL pas 390 min | sweep i thelle (>50% e range-it)"
147,2023-05-31 17:15,2023-05-31 10:15,e merkure,9AM,SELL,1961.69,1973.94,1937.19,12.25,-1.0,SL,15,0.03,-1.07,1954.85,1963.48,1973.64,10.16,79,-1.63,0.51,0.02,L1,"9AM SELL: kthim i menjehershem: cmimi shkoi kunder menjehere (sweep-i vazhdoi), SL brenda 1 ore; SL pas 15 min | SL i madh (>30% e ATR ditore), sweep i thelle (>50% e range-it)"
148,2023-06-01 15:30,2023-06-01 08:30,e enjte,5AM,SELL,1960.21,1968.69,1943.25,8.48,-1.0,SL,30,0.08,-1.29,1953.3,1965.78,1968.39,2.61,55,-1.48,0.36,0.02,L1,"5AM SELL: kthim i menjehershem: cmimi shkoi kunder menjehere (sweep-i vazhdoi), SL brenda 1 ore; SL pas 30 min | ora e lajmeve 8-10 NY, SL i madh (>30% e ATR ditore), hyrje afer mesit te range-it"
149,2023-06-05 23:00,2023-06-05 16:00,e hene,1PM,SELL,1961.09,1964.26,1954.75,3.17,-1.0,SL,360,0.63,-1.11,1942.65,1961.86,1963.96,2.1,96,-2.18,0.13,0.15,L3,"1PM SELL: levizje e vogel ne favor (+0.3R deri +1R), pastaj SL; SL pas 360 min"
150,2023-06-06 15:45,2023-06-06 08:45,e marte,5AM,SELL,1960.45,1966.65,1948.05,6.2,-0.43,time,480,0.98,-0.95,1956.81,1962.7,1966.35,3.65,62,-1.47,0.25,0.02,L5,"5AM SELL: mbyllje me kohe ne humbje (8 ore ose e premte); -0.43R pas 8.0 oresh | ora e lajmeve 8-10 NY, sweep i thelle (>50% e range-it)"
151,2023-06-07 13:30,2023-06-07 06:30,e merkure,5AM,SELL,1964.29,1966.71,1959.45,2.42,2.0,TP,105,2.7,-0.38,1954.88,1965.01,1966.41,1.4,93,-1.39,0.1,0.07,W1,5AM SELL: fitim: preku TP | SL i vogel (<10% e ATR ditore)
152,2023-06-08 04:30,2023-06-07 21:30,e merkure,9PM,SELL,1944.91,1946.97,1940.79,2.06,-1.0,SL,30,0.18,-1.07,1939.6,1946.24,1946.67,0.43,80,-2.54,0.09,0.11,L1,"9PM SELL: kthim i menjehershem: cmimi shkoi kunder menjehere (sweep-i vazhdoi), SL brenda 1 ore; SL pas 30 min | qiri 9PM (Asia), SL i vogel (<10% e ATR ditore)"
153,2023-06-08 09:00,2023-06-08 02:00,e enjte,1AM,SELL,1945.87,1948.04,1941.53,2.17,-1.0,SL,105,1.41,-1.09,1939.6,1947.27,1947.74,0.47,82,-2.54,0.09,0.02,L4,"1AM SELL: fitim i humbur: arriti te pakten +1R, pastaj u kthye ne SL (maksimumi +1.4R); SL pas 105 min | SL i vogel (<10% e ATR ditore)"
154,2023-06-09 15:30,2023-06-09 08:30,e premte,5AM,SELL,1964.79,1967.24,1959.89,2.45,-1.0,SL,0,0.0,-3.36,1960.61,1966.05,1966.94,0.89,77,-1.26,0.1,0.02,L1,"5AM SELL: kthim i menjehershem: cmimi shkoi kunder menjehere (sweep-i vazhdoi), SL brenda 1 ore; SL pas 0 min | ora e lajmeve 8-10 NY, e premte"
155,2023-06-12 14:00,2023-06-12 07:00,e hene,5AM,SELL,1964.08,1967.26,1957.72,3.18,2.0,TP,135,2.3,-0.58,1956.47,1965.39,1966.96,1.57,85,-1.48,0.13,0.02,W1,5AM SELL: fitim: preku TP
156,2023-06-13 04:00,2023-06-12 21:00,e hene,5PM,SELL,1957.92,1961.19,1951.38,3.27,-1.0,SL,165,0.59,-1.28,1953.11,1958.7,1960.89,2.19,86,-1.61,0.14,0.1,L3,"5PM SELL: levizje e vogel ne favor (+0.3R deri +1R), pastaj SL; SL pas 165 min | qiri 5PM (pas mbylljes ditore)"
157,2023-06-13 07:30,2023-06-13 00:30,e marte,9PM,SELL,1960.72,1962.44,1957.28,1.72,-1.0,SL,105,1.42,-1.04,1956.76,1960.89,1962.14,1.25,96,-1.61,0.07,0.05,L4,"9PM SELL: fitim i humbur: arriti te pakten +1R, pastaj u kthye ne SL (maksimumi +1.4R); SL pas 105 min | qiri 9PM (Asia), SL i vogel (<10% e ATR ditore)"
158,2023-06-13 14:45,2023-06-13 07:45,e marte,5AM,SELL,1964.86,1966.47,1961.64,1.61,2.0,TP,15,3.19,-0.01,1958.21,1965.34,1966.17,0.83,93,-1.61,0.07,0.02,W1,5AM SELL: fitim: preku TP | SL i vogel (<10% e ATR ditore)
159,2023-06-14 13:00,2023-06-14 06:00,e merkure,5AM,SELL,1951.25,1953.14,1947.47,1.89,2.0,TP,60,2.2,-0.14,1945.19,1951.48,1952.84,1.36,96,-2.28,0.08,0.09,W1,5AM SELL: fitim: preku TP | SL i vogel (<10% e ATR ditore)
160,2023-06-15 20:30,2023-06-15 13:30,e enjte,1PM,SELL,1958.44,1960.45,1954.42,2.01,0.34,time,480,1.0,-0.91,1933.34,1960.13,1960.15,0.02,94,-2.27,0.08,0.03,W2,1PM SELL: mbyllje me kohe ne fitim; +0.34R pas 8.0 oresh | SL i vogel (<10% e ATR ditore)
161,2023-06-16 05:15,2023-06-15 22:15,e enjte,9PM,SELL,1957.96,1962.31,1949.26,4.35,-1.0,SL,240,0.76,-1.05,1956.53,1959.37,1962.01,2.64,50,-1.42,0.17,0.14,L3,"9PM SELL: levizje e vogel ne favor (+0.3R deri +1R), pastaj SL; SL pas 240 min | qiri 9PM (Asia), sweep i thelle (>50% e range-it), hyrje afer mesit te range-it"
162,2023-06-16 10:30,2023-06-16 03:30,e premte,1AM,SELL,1960.44,1963.61,1954.1,3.17,-1.0,SL,75,0.37,-1.11,1954.88,1962.01,1963.31,1.3,78,-1.42,0.13,0.04,L3,"1AM SELL: levizje e vogel ne favor (+0.3R deri +1R), pastaj SL; SL pas 75 min | e premte"
163,2023-06-16 16:00,2023-06-16 09:00,e premte,5AM,SELL,1962.54,1968.18,1951.26,5.64,1.25,time,420,1.65,-0.62,1954.59,1963.95,1967.88,3.93,85,-1.42,0.23,0.02,W2,"5AM SELL: mbyllje me kohe ne fitim; +1.25R pas 7.0 oresh | ora e lajmeve 8-10 NY, e premte"
164,2023-06-20 11:15,2023-06-20 04:15,e marte,1AM,SELL,1953.89,1957.03,1947.61,3.14,2.0,TP,255,2.12,-0.32,1945.04,1954.08,1956.73,2.65,98,-1.72,0.13,0.09,W1,1AM SELL: fitim: preku TP
165,2023-06-21 22:15,2023-06-21 15:15,e merkure,1PM,SELL,1934.35,1937.83,1927.39,3.48,0.31,time,480,0.83,-0.31,1919.16,1934.58,1937.53,2.95,99,-2.36,0.14,0.03,W2,1PM SELL: mbyllje me kohe ne fitim; +0.31R pas 8.0 oresh
166,2023-06-23 08:30,2023-06-23 01:30,e premte,1AM,SELL,1916.14,1918.36,1911.7,2.22,-1.0,SL,120,1.46,-1.07,1910.01,1917.15,1918.06,0.91,86,-3.29,0.1,0.1,L4,"1AM SELL: fitim i humbur: arriti te pakten +1R, pastaj u kthye ne SL (maksimumi +1.5R); SL pas 120 min | e premte, SL i vogel (<10% e ATR ditore)"
167,2023-06-23 17:30,2023-06-23 10:30,e premte,9AM,SELL,1928.93,1937.69,1911.41,8.76,1.13,time,330,1.26,-0.02,1916.53,1929.66,1937.39,7.73,94,-3.29,0.39,0.02,W2,"9AM SELL: mbyllje me kohe ne fitim; +1.13R pas 5.5 oresh | e premte, SL i madh (>30% e ATR ditore), sweep i thelle (>50% e range-it)"
168,2023-06-26 05:00,2023-06-25 22:00,e diel,9PM,SELL,1925.31,1928.78,1918.37,3.47,-1.0,SL,330,0.93,-1.07,1922.6,1926.95,1928.48,1.53,62,-2.83,0.15,0.06,L3,"9PM SELL: levizje e vogel ne favor (+0.3R deri +1R), pastaj SL; SL pas 330 min | qiri 9PM (Asia)"
169,2023-06-26 14:30,2023-06-26 07:30,e hene,5AM,SELL,1931.4,1933.59,1927.02,2.19,2.0,TP,120,3.23,-0.76,1922.08,1933.26,1933.29,0.03,83,-2.83,0.1,0.02,W1,5AM SELL: fitim: preku TP | SL i vogel (<10% e ATR ditore)
170,2023-06-28 03:45,2023-06-27 20:45,e marte,5PM,SELL,1915.44,1917.44,1911.44,2.0,2.0,TP,345,2.95,-0.7,1910.95,1915.84,1917.14,1.3,92,-3.06,0.09,0.15,W1,"5PM SELL: fitim: preku TP | qiri 5PM (pas mbylljes ditore), SL i vogel (<10% e ATR ditore)"
171,2023-06-28 21:00,2023-06-28 14:00,e merkure,1PM,SELL,1911.72,1913.64,1907.88,1.92,2.0,TP,165,2.54,-0.76,1902.79,1913.26,1913.34,0.08,85,-3.06,0.09,0.06,W1,1PM SELL: fitim: preku TP | SL i vogel (<10% e ATR ditore)
172,2023-06-29 05:00,2023-06-28 22:00,e merkure,9PM,SELL,1909.78,1913.06,1903.22,3.28,2.0,TP,60,2.08,-0.04,1907.19,1910.67,1912.76,2.09,74,-3.29,0.16,0.08,W1,"9PM SELL: fitim: preku TP | qiri 9PM (Asia), sweep i thelle (>50% e range-it)"
173,2023-06-29 19:15,2023-06-29 12:15,e enjte,9AM,SELL,1908.43,1913.34,1898.61,4.91,0.14,time,480,0.44,-0.47,1895.52,1912.08,1913.04,0.96,78,-3.29,0.24,0.02,W2,9AM SELL: mbyllje me kohe ne fitim; +0.14R pas 8.0 oresh
174,2023-06-30 04:30,2023-06-29 21:30,e enjte,9PM,SELL,1908.19,1909.97,1904.63,1.78,-1.0,SL,240,0.76,-1.01,1907.01,1909.15,1909.67,0.52,55,-3.16,0.08,0.09,L3,"9PM SELL: levizje e vogel ne favor (+0.3R deri +1R), pastaj SL; SL pas 240 min | qiri 9PM (Asia), SL i vogel (<10% e ATR ditore), hyrje afer mesit te range-it"
175,2023-06-30 16:45,2023-06-30 09:45,e premte,9AM,SELL,1911.11,1914.68,1903.97,3.57,-1.0,SL,15,0.38,-1.92,1901.42,1913.79,1914.38,0.59,78,-3.16,0.17,0.02,L3,"9AM SELL: levizje e vogel ne favor (+0.3R deri +1R), pastaj SL; SL pas 15 min | ora e lajmeve 8-10 NY, e premte"
176,2023-07-03 08:30,2023-07-03 01:30,e hene,1AM,SELL,1919.31,1920.94,1916.05,1.63,2.0,TP,30,2.09,-0.53,1914.56,1920.14,1920.64,0.5,85,-2.52,0.08,0.05,W1,1AM SELL: fitim: preku TP | SL i vogel (<10% e ATR ditore)
177,2023-07-03 20:00,2023-07-03 13:00,e hene,9AM,SELL,1921.84,1931.19,1903.14,9.35,0.06,time,480,0.21,-0.03,1911.56,1922.02,1930.89,8.87,98,-2.52,0.44,0.03,W2,"9AM SELL: mbyllje me kohe ne fitim; +0.06R pas 8.0 oresh | SL i madh (>30% e ATR ditore), sweep i thelle (>50% e range-it)"
178,2023-07-04 05:15,2023-07-03 22:15,e hene,9PM,SELL,1921.11,1923.41,1916.51,2.3,-1.0,SL,75,0.06,-1.03,1919.82,1922.04,1923.11,1.07,58,-2.34,0.11,0.02,L2,"9PM SELL: pa drejtim: trade-i nuk shkoi kurre ne favor, SL pas me shume se 1 ore; SL pas 75 min | qiri 9PM (Asia), hyrje afer mesit te range-it"
179,2023-07-04 14:30,2023-07-04 07:30,e marte,5AM,SELL,1928.67,1930.96,1924.09,2.29,2.0,TP,330,2.02,-0.73,1923.21,1928.74,1930.66,1.92,99,-2.34,0.11,0.02,W1,5AM SELL: fitim: preku TP
180,2023-07-05 02:15,2023-07-04 19:15,e marte,5PM,SELL,1925.08,1927.4,1920.44,2.32,0.71,time,480,1.82,-0.88,1923.93,1925.91,1927.1,1.19,58,-2.06,0.12,0.14,W2,"5PM SELL: mbyllje me kohe ne fitim; +0.71R pas 8.0 oresh | qiri 5PM (pas mbylljes ditore), sweep i thelle (>50% e range-it), hyrje afer mesit te range-it"
181,2023-07-05 11:30,2023-07-05 04:30,e merkure,1AM,SELL,1926.17,1928.35,1921.81,2.18,-1.0,SL,30,0.14,-1.25,1923.14,1927.1,1928.05,0.95,77,-2.06,0.11,0.02,L1,"1AM SELL: kthim i menjehershem: cmimi shkoi kunder menjehere (sweep-i vazhdoi), SL brenda 1 ore; SL pas 30 min"
182,2023-07-05 13:45,2023-07-05 06:45,e merkure,5AM,SELL,1927.86,1929.86,1923.86,2.0,-1.0,SL,105,1.39,-1.01,1920.78,1928.05,1929.56,1.51,97,-2.06,0.1,0.02,L4,"5AM SELL: fitim i humbur: arriti te pakten +1R, pastaj u kthye ne SL (maksimumi +1.4R); SL pas 105 min"
183,2023-07-06 04:30,2023-07-05 21:30,e merkure,9PM,SELL,1916.55,1918.86,1911.93,2.31,-1.0,SL,15,0.04,-1.33,1914.8,1917.84,1918.56,0.72,58,-2.52,0.12,0.02,L1,"9PM SELL: kthim i menjehershem: cmimi shkoi kunder menjehere (sweep-i vazhdoi), SL brenda 1 ore; SL pas 15 min | qiri 9PM (Asia), hyrje afer mesit te range-it"
184,2023-07-06 10:45,2023-07-06 03:45,e enjte,1AM,SELL,1919.28,1921.75,1914.34,2.47,-1.0,SL,150,1.25,-1.28,1914.8,1919.65,1921.45,1.8,92,-2.52,0.13,0.05,L4,"1AM SELL: fitim i humbur: arriti te pakten +1R, pastaj u kthye ne SL (maksimumi +1.3R); SL pas 150 min"
185,2023-07-07 03:00,2023-07-06 20:00,e enjte,5PM,SELL,1911.48,1912.5,1909.44,1.02,-1.0,SL,300,1.87,-2.02,1908.87,1911.87,1912.2,0.33,87,-2.67,0.05,0.09,L4,"5PM SELL: fitim i humbur: arriti te pakten +1R, pastaj u kthye ne SL (maksimumi +1.9R); SL pas 300 min | qiri 5PM (pas mbylljes ditore), SL i vogel (<10% e ATR ditore)"
186,2023-07-10 13:00,2023-07-10 06:00,e hene,5AM,SELL,1923.24,1926.48,1916.76,3.24,2.0,TP,150,2.7,-0.77,1919.29,1925.66,1926.18,0.52,62,-1.86,0.16,0.02,W1,5AM SELL: fitim: preku TP
187,2023-07-10 20:30,2023-07-10 13:30,e hene,1PM,SELL,1925.12,1927.01,1921.34,1.89,-1.0,SL,405,0.4,-1.09,1913.93,1925.91,1926.71,0.8,93,-1.86,0.09,0.02,L3,"1PM SELL: levizje e vogel ne favor (+0.3R deri +1R), pastaj SL; SL pas 405 min | SL i vogel (<10% e ATR ditore)"
188,2023-07-11 06:30,2023-07-10 23:30,e hene,9PM,SELL,1926.69,1929.25,1921.57,2.56,-1.0,SL,60,0.2,-1.0,1924.31,1927.1,1928.95,1.85,85,-1.81,0.13,0.1,L1,"9PM SELL: kthim i menjehershem: cmimi shkoi kunder menjehere (sweep-i vazhdoi), SL brenda 1 ore; SL pas 60 min | qiri 9PM (Asia), sweep i thelle (>50% e range-it)"
189,2023-07-11 08:30,2023-07-11 01:30,e marte,1AM,SELL,1928.43,1930.33,1924.63,1.9,-1.0,SL,30,0.03,-1.12,1924.31,1929.38,1930.03,0.65,81,-1.81,0.1,0.1,L1,"1AM SELL: kthim i menjehershem: cmimi shkoi kunder menjehere (sweep-i vazhdoi), SL brenda 1 ore; SL pas 30 min | SL i vogel (<10% e ATR ditore)"
190,2023-07-11 14:00,2023-07-11 07:00,e marte,5AM,SELL,1935.15,1938.73,1927.99,3.58,0.92,time,480,1.62,-0.66,1928.06,1938.34,1938.43,0.09,69,-1.81,0.18,0.08,W2,5AM SELL: mbyllje me kohe ne fitim; +0.92R pas 8.0 oresh
191,2023-07-12 20:30,2023-07-12 13:30,e merkure,1PM,SELL,1956.02,1959.91,1948.24,3.89,-0.56,time,480,0.06,-0.78,1940.9,1959.4,1959.61,0.21,82,-1.38,0.2,0.1,L5,1PM SELL: mbyllje me kohe ne humbje (8 ore ose e premte); -0.56R pas 8.0 oresh
192,2023-07-13 10:30,2023-07-13 03:30,e enjte,1AM,SELL,1960.14,1963.6,1953.22,3.46,2.0,TP,300,2.25,-0.96,1956.32,1962.23,1963.3,1.07,65,-0.0,0.18,0.02,W1,1AM SELL: fitim: preku TP | trend i dobet (<0.5% nga mesatarja)
193,2023-07-14 16:45,2023-07-14 09:45,e premte,9AM,BUY,1958.31,1954.09,1966.75,4.22,-1.0,SL,15,0.61,-1.75,1955.14,1962.7,1954.39,0.75,42,0.24,0.23,0.02,L3,"9AM BUY: levizje e vogel ne favor (+0.3R deri +1R), pastaj SL; SL pas 15 min | ora e lajmeve 8-10 NY, e premte, trend i dobet (<0.5% nga mesatarja), hyrje afer mesit te range-it"
194,2023-07-17 07:45,2023-07-17 00:45,e hene,9PM,BUY,1952.96,1950.59,1957.7,2.37,-1.0,SL,150,1.6,-1.0,1951.32,1955.72,1950.89,0.43,37,0.04,0.13,0.12,L4,"9PM BUY: fitim i humbur: arriti te pakten +1R, pastaj u kthye ne SL (maksimumi +1.6R); SL pas 150 min | qiri 9PM (Asia), trend i dobet (<0.5% nga mesatarja)"
195,2023-07-17 17:00,2023-07-17 10:00,e hene,9AM,BUY,1950.51,1945.4,1960.73,5.11,0.76,time,480,1.14,-0.24,1948.08,1959.8,1945.7,2.38,21,0.04,0.28,0.02,W2,9AM BUY: mbyllje me kohe ne fitim; +0.76R pas 8.0 oresh | trend i dobet (<0.5% nga mesatarja)
196,2023-07-19 06:15,2023-07-18 23:15,e marte,9PM,BUY,1976.87,1974.08,1982.45,2.79,-1.0,SL,60,0.05,-1.01,1976.53,1979.08,1974.38,2.15,13,1.37,0.14,0.04,L1,"9PM BUY: kthim i menjehershem: cmimi shkoi kunder menjehere (sweep-i vazhdoi), SL brenda 1 ore; SL pas 60 min | qiri 9PM (Asia), sweep i thelle (>50% e range-it)"
197,2023-07-19 10:00,2023-07-19 03:00,e merkure,1AM,BUY,1976.55,1972.64,1984.37,3.91,-1.0,SL,255,1.12,-1.19,1974.06,1979.08,1972.94,1.12,50,1.37,0.2,0.02,L4,"1AM BUY: fitim i humbur: arriti te pakten +1R, pastaj u kthye ne SL (maksimumi +1.1R); SL pas 255 min | hyrje afer mesit te range-it"
198,2023-07-19 15:00,2023-07-19 08:00,e merkure,5AM,BUY,1973.75,1971.23,1978.79,2.52,2.0,TP,15,2.29,-0.09,1972.94,1980.93,1971.53,1.41,10,1.37,0.13,0.02,W1,5AM BUY: fitim: preku TP | ora e lajmeve 8-10 NY
199,2023-07-19 18:00,2023-07-19 11:00,e merkure,9AM,BUY,1974.55,1969.41,1984.83,5.14,0.53,time,480,0.84,-0.49,1971.53,1979.52,1969.71,1.82,38,1.37,0.27,0.03,W2,9AM BUY: mbyllje me kohe ne fitim; +0.53R pas 8.0 oresh
200,2023-07-21 09:15,2023-07-21 02:15,e premte,1AM,BUY,1971.06,1967.7,1977.78,3.36,-1.0,SL,75,0.32,-1.35,1969.0,1973.69,1968.0,1.0,44,0.99,0.18,0.08,L3,"1AM BUY: levizje e vogel ne favor (+0.3R deri +1R), pastaj SL; SL pas 75 min | e premte, hyrje afer mesit te range-it"
201,2023-07-21 12:30,2023-07-21 05:30,e premte,5AM,BUY,1963.8,1960.73,1969.94,3.07,-1.0,SL,210,1.39,-1.07,1961.12,1972.13,1961.03,0.09,24,0.99,0.16,0.06,L4,"5AM BUY: fitim i humbur: arriti te pakten +1R, pastaj u kthye ne SL (maksimumi +1.4R); SL pas 210 min | e premte"
202,2023-07-21 17:45,2023-07-21 10:45,e premte,9AM,BUY,1963.26,1957.69,1974.4,5.57,-1.0,SL,15,0.09,-1.17,1961.03,1968.07,1957.99,3.04,32,0.99,0.3,0.02,L1,"9AM BUY: kthim i menjehershem: cmimi shkoi kunder menjehere (sweep-i vazhdoi), SL brenda 1 ore; SL pas 15 min | e premte"
203,2023-07-24 07:45,2023-07-24 00:45,e hene,9PM,BUY,1960.53,1958.67,1964.25,1.86,-1.0,SL,75,0.83,-1.46,1959.88,1962.82,1958.97,0.91,22,0.66,0.1,0.1,L3,"9PM BUY: levizje e vogel ne favor (+0.3R deri +1R), pastaj SL; SL pas 75 min | qiri 9PM (Asia)"
204,2023-07-24 09:30,2023-07-24 02:30,e hene,1AM,BUY,1960.56,1957.52,1966.64,3.04,2.0,TP,270,2.11,-0.4,1958.97,1962.82,1957.82,1.15,41,0.66,0.17,0.02,W1,1AM BUY: fitim: preku TP | hyrje afer mesit te range-it
205,2023-07-24 18:00,2023-07-24 11:00,e hene,9AM,BUY,1961.38,1956.79,1970.56,4.59,-1.0,SL,180,0.16,-1.37,1959.4,1967.82,1957.09,2.31,24,0.66,0.25,0.02,L2,"9AM BUY: pa drejtim: trade-i nuk shkoi kurre ne favor, SL pas me shume se 1 ore; SL pas 180 min"
206,2023-07-25 03:00,2023-07-24 20:00,e hene,5PM,BUY,1954.44,1952.83,1957.66,1.61,2.0,TP,60,2.17,-0.38,1953.43,1960.64,1953.13,0.3,14,0.35,0.09,0.08,W1,"5PM BUY: fitim: preku TP | qiri 5PM (pas mbylljes ditore), trend i dobet (<0.5% nga mesatarja), SL i vogel (<10% e ATR ditore)"
207,2023-07-25 15:00,2023-07-25 08:00,e marte,5AM,BUY,1960.72,1952.77,1976.62,7.95,-1.0,SL,120,0.34,-1.18,1959.33,1964.1,1953.07,6.26,29,0.35,0.43,0.02,L3,"5AM BUY: levizje e vogel ne favor (+0.3R deri +1R), pastaj SL; SL pas 120 min | ora e lajmeve 8-10 NY, trend i dobet (<0.5% nga mesatarja), SL i madh (>30% e ATR ditore), sweep i thelle (>50% e range-it)"
208,2023-07-26 06:00,2023-07-25 23:00,e marte,9PM,BUY,1964.18,1961.65,1969.24,2.53,2.0,TP,195,2.3,-0.72,1964.04,1966.21,1961.95,2.09,6,0.9,0.14,0.09,W1,"9PM BUY: fitim: preku TP | qiri 9PM (Asia), sweep i thelle (>50% e range-it)"
209,2023-07-26 18:15,2023-07-26 11:15,e merkure,9AM,BUY,1970.87,1963.58,1985.45,7.29,0.22,time,480,1.02,-0.8,1969.55,1974.16,1963.88,5.67,29,0.9,0.4,0.02,W2,"9AM BUY: mbyllje me kohe ne fitim; +0.22R pas 8.0 oresh | SL i madh (>30% e ATR ditore), sweep i thelle (>50% e range-it)"
210,2023-07-27 13:15,2023-07-27 06:15,e enjte,5AM,BUY,1975.87,1973.26,1981.09,2.61,-1.0,SL,120,1.23,-1.17,1973.99,1982.12,1973.56,0.43,23,1.28,0.15,0.03,L4,"5AM BUY: fitim i humbur: arriti te pakten +1R, pastaj u kthye ne SL (maksimumi +1.2R); SL pas 120 min"
211,2023-07-31 09:00,2023-07-31 02:00,e hene,1AM,BUY,1955.08,1952.74,1959.76,2.34,-1.0,SL,165,0.86,-1.71,1953.37,1960.51,1953.04,0.33,24,0.65,0.12,0.02,L3,"1AM BUY: levizje e vogel ne favor (+0.3R deri +1R), pastaj SL; SL pas 165 min"
212,2023-08-01 21:00,2023-08-01 14:00,e marte,1PM,BUY,1942.83,1940.9,1946.69,1.93,2.0,TP,240,4.62,-0.06,1941.4,1953.61,1941.2,0.2,12,0.96,0.1,0.11,W1,1PM BUY: fitim: preku TP
213,2023-08-02 15:00,2023-08-02 08:00,e merkure,5AM,SELL,1950.63,1955.04,1941.81,4.41,2.0,TP,120,2.41,-0.28,1946.29,1951.83,1954.74,2.91,78,-0.08,0.23,0.03,W1,"5AM SELL: fitim: preku TP | ora e lajmeve 8-10 NY, trend i dobet (<0.5% nga mesatarja), sweep i thelle (>50% e range-it)"
214,2023-08-03 06:00,2023-08-02 23:00,e merkure,9PM,SELL,1936.18,1939.18,1930.18,3.0,0.63,time,480,1.76,-0.75,1934.21,1936.95,1938.88,1.93,72,-0.56,0.15,0.02,W2,"9PM SELL: mbyllje me kohe ne fitim; +0.63R pas 8.0 oresh | qiri 9PM (Asia), sweep i thelle (>50% e range-it)"
215,2023-08-03 18:00,2023-08-03 11:00,e enjte,9AM,SELL,1934.94,1938.9,1927.02,3.96,-0.16,time,480,0.61,-0.95,1929.49,1938.43,1938.6,0.17,61,-0.56,0.2,0.02,L5,9AM SELL: mbyllje me kohe ne humbje (8 ore ose e premte); -0.16R pas 8.0 oresh
216,2023-08-04 02:15,2023-08-03 19:15,e enjte,5PM,SELL,1935.0,1937.27,1930.46,2.27,-1.0,SL,105,0.07,-1.1,1932.46,1935.84,1936.97,1.13,75,-0.58,0.12,0.14,L2,"5PM SELL: pa drejtim: trade-i nuk shkoi kurre ne favor, SL pas me shume se 1 ore; SL pas 105 min | qiri 5PM (pas mbylljes ditore)"
217,2023-08-04 17:30,2023-08-04 10:30,e premte,9AM,SELL,1941.56,1947.13,1930.42,5.57,0.03,time,330,0.73,-0.44,1925.27,1942.73,1946.83,4.1,93,-0.58,0.28,0.05,W2,9AM SELL: mbyllje me kohe ne fitim; +0.03R pas 5.5 oresh | e premte
218,2023-08-08 03:15,2023-08-07 20:15,e hene,5PM,SELL,1935.86,1938.31,1930.96,2.45,2.0,TP,450,2.31,-0.2,1934.06,1937.57,1938.01,0.44,51,-0.43,0.13,0.02,W1,"5PM SELL: fitim: preku TP | qiri 5PM (pas mbylljes ditore), trend i dobet (<0.5% nga mesatarja), hyrje afer mesit te range-it"
219,2023-08-08 12:30,2023-08-08 05:30,e marte,5AM,SELL,1933.78,1935.92,1929.5,2.14,2.0,TP,135,2.63,-0.75,1930.17,1935.11,1935.62,0.51,73,-0.43,0.11,0.02,W1,5AM SELL: fitim: preku TP | trend i dobet (<0.5% nga mesatarja)
220,2023-08-09 09:15,2023-08-09 02:15,e merkure,1AM,SELL,1930.67,1932.59,1926.83,1.92,2.0,TP,210,2.51,-0.34,1924.15,1930.98,1932.29,1.31,95,-0.98,0.1,0.07,W1,1AM SELL: fitim: preku TP | SL i vogel (<10% e ATR ditore)
221,2023-08-10 06:00,2023-08-09 23:00,e merkure,9PM,SELL,1916.97,1919.4,1912.11,2.43,-1.0,SL,240,0.61,-1.5,1914.51,1917.34,1919.1,1.76,87,-1.5,0.13,0.03,L3,"9PM SELL: levizje e vogel ne favor (+0.3R deri +1R), pastaj SL; SL pas 240 min | qiri 9PM (Asia), sweep i thelle (>50% e range-it)"
222,2023-08-11 05:30,2023-08-10 22:30,e enjte,9PM,SELL,1914.28,1916.26,1910.32,1.98,-1.0,SL,210,0.84,-1.41,1910.75,1915.09,1915.96,0.87,81,-1.54,0.1,0.14,L3,"9PM SELL: levizje e vogel ne favor (+0.3R deri +1R), pastaj SL; SL pas 210 min | qiri 9PM (Asia)"
223,2023-08-11 10:15,2023-08-11 03:15,e premte,1AM,SELL,1915.94,1917.82,1912.18,1.88,-1.0,SL,30,0.06,-1.14,1910.75,1915.96,1917.52,1.56,100,-1.54,0.1,0.09,L1,"1AM SELL: kthim i menjehershem: cmimi shkoi kunder menjehere (sweep-i vazhdoi), SL brenda 1 ore; SL pas 30 min | e premte, SL i vogel (<10% e ATR ditore)"
224,2023-08-11 12:30,2023-08-11 05:30,e premte,5AM,SELL,1917.43,1920.04,1912.21,2.61,-1.0,SL,150,0.11,-1.04,1912.7,1919.33,1919.74,0.41,71,-1.54,0.14,0.03,L2,"5AM SELL: pa drejtim: trade-i nuk shkoi kurre ne favor, SL pas me shume se 1 ore; SL pas 150 min | e premte"
225,2023-08-14 12:00,2023-08-14 05:00,e hene,1AM,SELL,1914.2,1916.45,1909.7,2.25,2.0,TP,180,2.34,-0.35,1910.08,1915.09,1916.15,1.06,82,-1.42,0.12,0.05,W1,1AM SELL: fitim: preku TP
226,2023-08-15 16:45,2023-08-15 09:45,e marte,9AM,SELL,1902.8,1907.73,1892.94,4.93,-1.0,SL,45,0.28,-1.47,1896.31,1905.82,1907.43,1.61,68,-1.71,0.26,0.02,L1,"9AM SELL: kthim i menjehershem: cmimi shkoi kunder menjehere (sweep-i vazhdoi), SL brenda 1 ore; SL pas 45 min | ora e lajmeve 8-10 NY"
227,2023-08-16 10:15,2023-08-16 03:15,e merkure,1AM,SELL,1904.91,1906.78,1901.17,1.87,-1.0,SL,105,1.11,-1.03,1900.21,1905.23,1906.48,1.25,94,-1.92,0.1,0.04,L4,"1AM SELL: fitim i humbur: arriti te pakten +1R, pastaj u kthye ne SL (maksimumi +1.1R); SL pas 105 min | SL i vogel (<10% e ATR ditore)"
228,2023-08-16 12:45,2023-08-16 05:45,e merkure,5AM,SELL,1905.78,1907.43,1902.48,1.65,2.0,TP,150,3.03,-0.64,1902.74,1906.48,1907.13,0.65,81,-1.92,0.09,0.06,W1,5AM SELL: fitim: preku TP | SL i vogel (<10% e ATR ditore)
229,2023-08-17 12:00,2023-08-17 05:00,e enjte,1AM,SELL,1893.92,1897.85,1886.06,3.93,-1.0,SL,60,0.05,-1.05,1889.53,1894.92,1897.55,2.63,81,-2.39,0.23,0.09,L1,"1AM SELL: kthim i menjehershem: cmimi shkoi kunder menjehere (sweep-i vazhdoi), SL brenda 1 ore; SL pas 60 min"
230,2023-08-17 16:45,2023-08-17 09:45,e enjte,9AM,SELL,1899.4,1903.69,1890.82,4.29,2.0,TP,120,2.39,-0.0,1893.58,1902.4,1903.39,0.99,66,-2.39,0.25,0.02,W1,9AM SELL: fitim: preku TP | ora e lajmeve 8-10 NY
231,2023-08-18 06:00,2023-08-17 23:00,e enjte,9PM,SELL,1893.13,1895.45,1888.49,2.32,-1.0,SL,435,0.84,-1.01,1888.96,1893.8,1895.15,1.35,86,-2.44,0.14,0.05,L3,"9PM SELL: levizje e vogel ne favor (+0.3R deri +1R), pastaj SL; SL pas 435 min | qiri 9PM (Asia)"
232,2023-08-18 14:15,2023-08-18 07:15,e premte,5AM,SELL,1893.63,1895.77,1889.35,2.14,2.0,TP,75,2.34,-0.66,1891.32,1894.04,1895.47,1.43,85,-2.44,0.13,0.11,W1,"5AM SELL: fitim: preku TP | e premte, sweep i thelle (>50% e range-it)"
233,2023-08-18 17:15,2023-08-18 10:15,e premte,9AM,SELL,1892.15,1897.1,1882.25,4.95,0.57,time,345,1.09,-0.44,1888.6,1895.47,1896.8,1.33,52,-2.44,0.29,0.02,W2,"9AM SELL: mbyllje me kohe ne fitim; +0.57R pas 5.8 oresh | e premte, hyrje afer mesit te range-it"
234,2023-08-21 08:30,2023-08-21 01:30,e hene,1AM,SELL,1891.93,1894.33,1887.13,2.4,2.0,TP,285,2.1,-0.06,1884.72,1893.73,1894.03,0.3,80,-2.36,0.15,0.02,W1,1AM SELL: fitim: preku TP
235,2023-08-22 03:00,2023-08-21 20:00,e hene,5PM,SELL,1894.64,1896.25,1891.42,1.61,-1.0,SL,60,0.57,-1.18,1892.49,1895.31,1895.95,0.64,76,-2.02,0.1,0.15,L3,"5PM SELL: levizje e vogel ne favor (+0.3R deri +1R), pastaj SL; SL pas 60 min | qiri 5PM (pas mbylljes ditore)"
236,2023-08-22 05:00,2023-08-21 22:00,e hene,9PM,SELL,1895.05,1897.51,1890.13,2.46,-1.0,SL,240,0.48,-1.3,1893.58,1895.95,1897.21,1.26,62,-2.02,0.16,0.17,L3,"9PM SELL: levizje e vogel ne favor (+0.3R deri +1R), pastaj SL; SL pas 240 min | qiri 9PM (Asia), sweep i thelle (>50% e range-it)"
237,2023-08-22 13:30,2023-08-22 06:30,e marte,5AM,SELL,1902.17,1904.71,1897.09,2.54,2.0,TP,120,2.1,-0.52,1893.87,1902.32,1904.41,2.09,98,-2.02,0.16,0.03,W1,5AM SELL: fitim: preku TP
238,2023-08-23 08:30,2023-08-23 01:30,e merkure,1AM,SELL,1902.81,1903.93,1900.57,1.12,-1.0,SL,0,0.0,-1.08,1897.18,1903.31,1903.63,0.32,92,-1.84,0.07,0.11,L1,"1AM SELL: kthim i menjehershem: cmimi shkoi kunder menjehere (sweep-i vazhdoi), SL brenda 1 ore; SL pas 0 min | SL i vogel (<10% e ATR ditore)"
239,2023-08-23 16:00,2023-08-23 09:00,e merkure,5AM,SELL,1903.69,1908.88,1893.31,5.19,-1.0,SL,15,0.14,-1.49,1901.66,1905.41,1908.58,3.17,54,-1.84,0.35,0.02,L1,"5AM SELL: kthim i menjehershem: cmimi shkoi kunder menjehere (sweep-i vazhdoi), SL brenda 1 ore; SL pas 15 min | ora e lajmeve 8-10 NY, SL i madh (>30% e ATR ditore), sweep i thelle (>50% e range-it), hyrje afer mesit te range-it"
240,2023-08-24 09:30,2023-08-24 02:30,e enjte,1AM,SELL,1921.02,1922.96,1917.14,1.94,2.0,TP,315,2.36,-0.98,1915.12,1922.3,1922.66,0.36,82,-0.87,0.12,0.03,W1,1AM SELL: fitim: preku TP
241,2023-08-24 19:15,2023-08-24 12:15,e enjte,9AM,SELL,1919.05,1923.63,1909.89,4.58,0.6,time,480,0.73,-0.21,1911.73,1920.95,1923.33,2.38,79,-0.87,0.29,0.1,W2,9AM SELL: mbyllje me kohe ne fitim; +0.60R pas 8.0 oresh
242,2023-08-25 13:00,2023-08-25 06:00,e premte,5AM,SELL,1916.03,1918.25,1911.59,2.22,-1.0,SL,105,0.13,-1.09,1912.73,1916.07,1917.95,1.88,99,-0.76,0.15,0.09,L2,"5AM SELL: pa drejtim: trade-i nuk shkoi kurre ne favor, SL pas me shume se 1 ore; SL pas 105 min | e premte, sweep i thelle (>50% e range-it)"
243,2023-08-28 05:00,2023-08-27 22:00,e diel,9PM,SELL,1915.48,1917.62,1911.2,2.14,-1.0,SL,210,0.37,-1.0,1914.24,1916.57,1917.32,0.75,53,-0.85,0.14,0.09,L3,"9PM SELL: levizje e vogel ne favor (+0.3R deri +1R), pastaj SL; SL pas 210 min | qiri 9PM (Asia), hyrje afer mesit te range-it"
244,2023-08-28 09:45,2023-08-28 02:45,e hene,1AM,SELL,1916.52,1918.01,1913.54,1.49,2.0,TP,75,2.06,-0.15,1914.24,1917.32,1917.71,0.39,74,-0.85,0.1,0.11,W1,1AM SELL: fitim: preku TP | SL i vogel (<10% e ATR ditore)
245,2023-08-29 05:30,2023-08-28 22:30,e hene,9PM,SELL,1921.54,1923.28,1918.06,1.74,-1.0,SL,15,0.0,-1.38,1919.88,1921.98,1922.98,1.0,79,-0.52,0.11,0.11,L1,"9PM SELL: kthim i menjehershem: cmimi shkoi kunder menjehere (sweep-i vazhdoi), SL brenda 1 ore; SL pas 15 min | qiri 9PM (Asia)"
246,2023-08-29 21:30,2023-08-29 14:30,e marte,1PM,SELL,1935.19,1938.39,1928.79,3.2,-0.58,time,480,0.01,-0.93,1916.68,1937.65,1938.09,0.44,88,-0.52,0.21,0.07,L5,1PM SELL: mbyllje me kohe ne humbje (8 ore ose e premte); -0.58R pas 8.0 oresh
247,2023-08-30 11:00,2023-08-30 04:00,e merkure,1AM,BUY,1936.49,1934.6,1940.27,1.89,2.0,TP,255,2.98,-0.58,1935.3,1937.76,1934.9,0.4,48,0.38,0.12,0.06,W1,"1AM BUY: fitim: preku TP | trend i dobet (<0.5% nga mesatarja), hyrje afer mesit te range-it"
248,2023-09-05 07:30,2023-09-05 00:30,e marte,9PM,BUY,1937.62,1934.6,1943.66,3.02,-1.0,SL,210,0.43,-1.11,1936.9,1938.75,1934.9,2.0,39,0.36,0.2,0.11,L3,"9PM BUY: levizje e vogel ne favor (+0.3R deri +1R), pastaj SL; SL pas 210 min | qiri 9PM (Asia), trend i dobet (<0.5% nga mesatarja), sweep i thelle (>50% e range-it)"
249,2023-09-05 15:45,2023-09-05 08:45,e marte,5AM,BUY,1932.7,1927.58,1942.94,5.12,-1.0,SL,60,0.4,-1.17,1932.18,1938.93,1927.88,4.3,8,0.36,0.33,0.02,L3,"5AM BUY: levizje e vogel ne favor (+0.3R deri +1R), pastaj SL; SL pas 60 min | ora e lajmeve 8-10 NY, trend i dobet (<0.5% nga mesatarja), SL i madh (>30% e ATR ditore), sweep i thelle (>50% e range-it)"
250,2023-09-05 18:15,2023-09-05 11:15,e marte,9AM,BUY,1928.82,1924.98,1936.5,3.84,-0.66,time,480,0.0,-0.91,1927.88,1934.73,1925.28,2.6,14,0.36,0.25,0.02,L5,9AM BUY: mbyllje me kohe ne humbje (8 ore ose e premte); -0.66R pas 8.0 oresh | trend i dobet (<0.5% nga mesatarja)
251,2023-09-06 09:15,2023-09-06 02:15,e merkure,1AM,SELL,1926.9,1928.73,1923.24,1.83,2.0,TP,75,2.06,-0.34,1924.14,1927.32,1928.43,1.11,87,-0.3,0.12,0.06,W1,1AM SELL: fitim: preku TP | trend i dobet (<0.5% nga mesatarja)
252,2023-09-07 07:45,2023-09-07 00:45,e enjte,9PM,SELL,1918.38,1920.95,1913.24,2.57,-1.0,SL,315,0.51,-1.09,1916.25,1918.42,1920.65,2.23,98,-0.79,0.17,0.02,L3,"9PM SELL: levizje e vogel ne favor (+0.3R deri +1R), pastaj SL; SL pas 315 min | qiri 9PM (Asia), sweep i thelle (>50% e range-it)"
253,2023-09-07 15:45,2023-09-07 08:45,e enjte,5AM,SELL,1918.49,1923.45,1908.57,4.96,-1.0,SL,0,0.07,-1.02,1917.06,1919.76,1923.15,3.39,53,-0.79,0.33,0.02,L1,"5AM SELL: kthim i menjehershem: cmimi shkoi kunder menjehere (sweep-i vazhdoi), SL brenda 1 ore; SL pas 0 min | ora e lajmeve 8-10 NY, SL i madh (>30% e ATR ditore), sweep i thelle (>50% e range-it), hyrje afer mesit te range-it"
254,2023-09-08 07:15,2023-09-08 00:15,e premte,9PM,SELL,1924.53,1927.45,1918.69,2.92,0.45,time,480,0.62,-0.96,1919.35,1924.6,1927.15,2.55,99,-0.65,0.2,0.11,W2,"9PM SELL: mbyllje me kohe ne fitim; +0.45R pas 8.0 oresh | qiri 9PM (Asia), e premte"
255,2023-09-08 18:00,2023-09-08 11:00,e premte,9AM,SELL,1923.8,1929.96,1911.48,6.16,0.75,time,300,1.05,-0.07,1920.31,1926.0,1929.66,3.66,61,-0.65,0.42,0.02,W2,"9AM SELL: mbyllje me kohe ne fitim; +0.75R pas 5.0 oresh | e premte, SL i madh (>30% e ATR ditore), sweep i thelle (>50% e range-it)"
256,2023-09-11 11:00,2023-09-11 04:00,e hene,1AM,SELL,1926.42,1930.95,1917.36,4.53,0.74,time,480,1.1,-0.81,1916.71,1926.72,1930.65,3.93,97,-0.68,0.31,0.06,W2,1AM SELL: mbyllje me kohe ne fitim; +0.74R pas 8.0 oresh | SL i madh (>30% e ATR ditore)
257,2023-09-12 07:15,2023-09-12 00:15,e marte,9PM,SELL,1922.92,1924.76,1919.24,1.84,2.0,TP,105,2.03,-0.23,1921.15,1923.37,1924.46,1.09,80,-0.51,0.13,0.06,W1,9PM SELL: fitim: preku TP | qiri 9PM (Asia)
258,2023-09-13 02:15,2023-09-12 19:15,e marte,5PM,SELL,1912.98,1914.01,1910.92,1.03,2.0,TP,150,2.27,-0.83,1911.72,1913.57,1913.71,0.14,68,-0.96,0.07,0.14,W1,"5PM SELL: fitim: preku TP | qiri 5PM (pas mbylljes ditore), SL i vogel (<10% e ATR ditore)"
259,2023-09-13 15:15,2023-09-13 08:15,e merkure,5AM,SELL,1910.74,1913.36,1905.5,2.62,2.0,TP,15,2.0,-0.98,1908.18,1912.57,1913.06,0.49,58,-0.96,0.19,0.02,W1,"5AM SELL: fitim: preku TP | ora e lajmeve 8-10 NY, hyrje afer mesit te range-it"
260,2023-09-13 17:15,2023-09-13 10:15,e merkure,9AM,SELL,1911.17,1915.98,1901.55,4.81,0.36,time,480,0.65,-0.74,1905.47,1914.44,1915.68,1.24,64,-0.96,0.34,0.04,W2,9AM SELL: mbyllje me kohe ne fitim; +0.36R pas 8.0 oresh | SL i madh (>30% e ATR ditore)
261,2023-09-14 04:30,2023-09-13 21:30,e merkure,9PM,SELL,1911.01,1913.14,1906.75,2.13,2.0,TP,330,2.31,-0.49,1907.45,1912.76,1912.84,0.08,67,-1.23,0.15,0.1,W1,9PM SELL: fitim: preku TP | qiri 9PM (Asia)
262,2023-09-14 18:45,2023-09-14 11:45,e enjte,9AM,SELL,1906.27,1911.66,1895.49,5.39,-1.0,SL,30,0.03,-1.04,1901.09,1910.27,1911.36,1.09,56,-1.23,0.39,0.05,L1,"9AM SELL: kthim i menjehershem: cmimi shkoi kunder menjehere (sweep-i vazhdoi), SL brenda 1 ore; SL pas 30 min | SL i madh (>30% e ATR ditore), hyrje afer mesit te range-it"
263,2023-09-15 10:15,2023-09-15 03:15,e premte,1AM,SELL,1916.19,1919.85,1908.87,3.66,-1.0,SL,255,0.21,-1.04,1909.69,1916.81,1919.55,2.74,91,-1.09,0.27,0.02,L2,"1AM SELL: pa drejtim: trade-i nuk shkoi kurre ne favor, SL pas me shume se 1 ore; SL pas 255 min | e premte"
264,2023-09-15 15:30,2023-09-15 08:30,e premte,5AM,SELL,1917.82,1920.81,1911.84,2.99,-1.0,SL,30,0.6,-1.7,1914.85,1919.55,1920.51,0.96,63,-1.09,0.22,0.02,L3,"5AM SELL: levizje e vogel ne favor (+0.3R deri +1R), pastaj SL; SL pas 30 min | ora e lajmeve 8-10 NY, e premte"
265,2023-09-18 04:45,2023-09-17 21:45,e diel,9PM,SELL,1924.23,1926.87,1918.95,2.64,-1.0,SL,45,0.09,-1.35,1922.47,1924.61,1926.57,1.96,82,-0.41,0.19,0.08,L1,"9PM SELL: kthim i menjehershem: cmimi shkoi kunder menjehere (sweep-i vazhdoi), SL brenda 1 ore; SL pas 45 min | qiri 9PM (Asia), trend i dobet (<0.5% nga mesatarja), sweep i thelle (>50% e range-it)"
266,2023-09-18 09:15,2023-09-18 02:15,e hene,1AM,SELL,1928.76,1930.84,1924.6,2.08,2.0,TP,390,2.51,-0.73,1922.47,1929.39,1930.54,1.15,91,-0.41,0.15,0.03,W1,1AM SELL: fitim: preku TP | trend i dobet (<0.5% nga mesatarja)
267,2023-09-19 10:15,2023-09-19 03:15,e marte,1AM,BUY,1932.12,1929.44,1937.48,2.68,0.56,time,480,1.96,-0.42,1931.25,1934.55,1929.74,1.51,26,0.1,0.2,0.09,W2,1AM BUY: mbyllje me kohe ne fitim; +0.56R pas 8.0 oresh | trend i dobet (<0.5% nga mesatarja)
268,2023-09-19 20:30,2023-09-19 13:30,e marte,1PM,BUY,1932.73,1930.33,1937.53,2.4,-1.0,SL,30,0.1,-1.04,1930.78,1936.33,1930.63,0.15,35,0.1,0.18,0.13,L1,"1PM BUY: kthim i menjehershem: cmimi shkoi kunder menjehere (sweep-i vazhdoi), SL brenda 1 ore; SL pas 30 min | trend i dobet (<0.5% nga mesatarja)"
269,2023-09-20 14:30,2023-09-20 07:30,e merkure,5AM,SELL,1931.45,1932.94,1928.47,1.49,-1.0,SL,30,0.28,-1.43,1927.88,1932.27,1932.64,0.37,81,-0.03,0.12,0.1,L1,"5AM SELL: kthim i menjehershem: cmimi shkoi kunder menjehere (sweep-i vazhdoi), SL brenda 1 ore; SL pas 30 min | trend i dobet (<0.5% nga mesatarja)"
270,2023-09-20 20:30,2023-09-20 13:30,e merkure,1PM,SELL,1945.6,1947.67,1941.46,2.07,2.0,TP,30,3.04,-0.81,1931.87,1946.79,1947.37,0.58,92,-0.03,0.16,0.05,W1,1PM SELL: fitim: preku TP | trend i dobet (<0.5% nga mesatarja)
271,2023-09-22 06:30,2023-09-21 23:30,e enjte,9PM,SELL,1922.54,1925.75,1916.12,3.21,-1.0,SL,150,0.0,-1.01,1919.45,1923.56,1925.45,1.89,75,-0.55,0.24,0.14,L2,"9PM SELL: pa drejtim: trade-i nuk shkoi kurre ne favor, SL pas me shume se 1 ore; SL pas 150 min | qiri 9PM (Asia)"
272,2023-09-27 03:45,2023-09-26 20:45,e marte,5PM,SELL,1901.28,1902.72,1898.4,1.44,-1.0,SL,45,1.08,-1.96,1899.1,1902.23,1902.42,0.19,70,-1.39,0.11,0.02,L4,"5PM SELL: fitim i humbur: arriti te pakten +1R, pastaj u kthye ne SL (maksimumi +1.1R); SL pas 45 min | qiri 5PM (pas mbylljes ditore)"
273,2023-09-27 05:30,2023-09-26 22:30,e marte,9PM,SELL,1901.12,1904.38,1894.6,3.26,1.61,time,480,1.99,-0.01,1899.7,1902.42,1904.08,1.66,52,-1.39,0.24,0.02,W2,"9PM SELL: mbyllje me kohe ne fitim; +1.61R pas 8.0 oresh | qiri 9PM (Asia), sweep i thelle (>50% e range-it), hyrje afer mesit te range-it"
274,2023-09-28 11:00,2023-09-28 04:00,e enjte,1AM,SELL,1875.71,1878.51,1870.11,2.8,-1.0,SL,270,0.74,-1.4,1873.45,1877.87,1878.21,0.34,51,-2.63,0.18,0.08,L3,"1AM SELL: levizje e vogel ne favor (+0.3R deri +1R), pastaj SL; SL pas 270 min | hyrje afer mesit te range-it"
275,2023-09-29 16:45,2023-09-29 09:45,e premte,9AM,SELL,1872.55,1880.09,1857.47,7.54,2.0,TP,75,2.16,-0.15,1867.52,1874.02,1879.79,5.77,77,-3.06,0.47,0.02,W1,"9AM SELL: fitim: preku TP | ora e lajmeve 8-10 NY, e premte, SL i madh (>30% e ATR ditore), sweep i thelle (>50% e range-it)"
276,2023-10-03 15:45,2023-10-03 08:45,e marte,5AM,SELL,1825.05,1830.08,1814.99,5.03,-1.0,SL,45,0.36,-1.24,1818.12,1829.08,1829.78,0.7,63,-4.73,0.28,0.02,L3,"5AM SELL: levizje e vogel ne favor (+0.3R deri +1R), pastaj SL; SL pas 45 min | ora e lajmeve 8-10 NY"
277,2023-10-04 12:30,2023-10-04 05:30,e merkure,5AM,SELL,1821.98,1824.77,1816.4,2.79,-1.0,SL,90,0.3,-1.8,1816.66,1823.66,1824.47,0.81,76,-4.85,0.15,0.06,L3,"5AM SELL: levizje e vogel ne favor (+0.3R deri +1R), pastaj SL; SL pas 90 min"
278,2023-10-05 03:00,2023-10-04 20:00,e merkure,5PM,SELL,1822.5,1824.23,1819.04,1.73,-1.0,SL,45,0.38,-1.87,1816.55,1823.63,1823.93,0.3,84,-4.78,0.09,0.08,L3,"5PM SELL: levizje e vogel ne favor (+0.3R deri +1R), pastaj SL; SL pas 45 min | qiri 5PM (pas mbylljes ditore), SL i vogel (<10% e ATR ditore)"
279,2023-10-06 03:30,2023-10-05 20:30,e enjte,5PM,SELL,1820.32,1823.47,1814.02,3.15,-1.0,SL,105,0.17,-1.04,1815.83,1820.8,1823.17,2.37,90,-4.72,0.17,0.1,L2,"5PM SELL: pa drejtim: trade-i nuk shkoi kurre ne favor, SL pas me shume se 1 ore; SL pas 105 min | qiri 5PM (pas mbylljes ditore)"
280,2023-10-06 08:00,2023-10-06 01:00,e premte,9PM,SELL,1822.72,1824.81,1818.54,2.09,-1.0,SL,300,1.97,-1.13,1820.08,1823.17,1824.51,1.34,85,-4.72,0.12,0.14,L4,"9PM SELL: fitim i humbur: arriti te pakten +1R, pastaj u kthye ne SL (maksimumi +2.0R); SL pas 300 min | qiri 9PM (Asia), e premte"
281,2023-10-06 18:00,2023-10-06 11:00,e premte,9AM,SELL,1823.53,1831.75,1807.09,8.22,-1.0,SL,15,0.0,-1.37,1810.4,1825.07,1831.45,6.38,90,-4.72,0.46,0.02,L1,"9AM SELL: kthim i menjehershem: cmimi shkoi kunder menjehere (sweep-i vazhdoi), SL brenda 1 ore; SL pas 15 min | e premte, SL i madh (>30% e ATR ditore)"
282,2023-10-09 19:00,2023-10-09 12:00,e hene,9AM,SELL,1851.52,1853.45,1847.66,1.93,-1.0,SL,90,1.45,-2.02,1844.92,1852.28,1853.15,0.87,90,-3.98,0.1,0.02,L4,"9AM SELL: fitim i humbur: arriti te pakten +1R, pastaj u kthye ne SL (maksimumi +1.4R); SL pas 90 min"
283,2023-10-10 20:45,2023-10-10 13:45,e marte,1PM,SELL,1858.54,1863.03,1849.56,4.49,-0.6,time,480,0.09,-0.8,1853.04,1862.45,1862.73,0.28,58,-2.32,0.23,0.07,L5,1PM SELL: mbyllje me kohe ne humbje (8 ore ose e premte); -0.60R pas 8.0 oresh | hyrje afer mesit te range-it
284,2023-10-11 12:30,2023-10-11 05:30,e merkure,5AM,SELL,1869.12,1871.32,1864.72,2.2,-1.0,SL,45,0.03,-1.95,1858.56,1869.79,1871.02,1.23,94,-2.29,0.11,0.06,L1,"5AM SELL: kthim i menjehershem: cmimi shkoi kunder menjehere (sweep-i vazhdoi), SL brenda 1 ore; SL pas 45 min"
285,2023-10-11 16:30,2023-10-11 09:30,e merkure,9AM,SELL,1871.61,1875.29,1864.25,3.68,-1.0,SL,150,0.94,-1.42,1866.97,1874.73,1874.99,0.26,60,-2.29,0.19,0.02,L3,"9AM SELL: levizje e vogel ne favor (+0.3R deri +1R), pastaj SL; SL pas 150 min | ora e lajmeve 8-10 NY, hyrje afer mesit te range-it"
286,2023-10-12 05:30,2023-10-11 22:30,e merkure,9PM,SELL,1875.66,1879.02,1868.94,3.36,-1.0,SL,135,0.01,-1.03,1873.39,1876.57,1878.72,2.15,71,-1.49,0.17,0.06,L2,"9PM SELL: pa drejtim: trade-i nuk shkoi kurre ne favor, SL pas me shume se 1 ore; SL pas 135 min | qiri 9PM (Asia), sweep i thelle (>50% e range-it)"
287,2023-10-12 11:00,2023-10-12 04:00,e enjte,1AM,SELL,1878.77,1882.88,1870.55,4.11,-1.0,SL,195,0.03,-1.1,1873.39,1879.03,1882.58,3.55,95,-1.49,0.21,0.06,L2,"1AM SELL: pa drejtim: trade-i nuk shkoi kurre ne favor, SL pas me shume se 1 ore; SL pas 195 min | sweep i thelle (>50% e range-it)"
288,2023-10-13 09:15,2023-10-13 02:15,e premte,1AM,SELL,1876.42,1878.3,1872.66,1.88,-1.0,SL,45,0.39,-1.2,1868.76,1876.74,1878.0,1.26,96,-1.72,0.09,0.07,L3,"1AM SELL: levizje e vogel ne favor (+0.3R deri +1R), pastaj SL; SL pas 45 min | e premte, SL i vogel (<10% e ATR ditore)"
289,2023-10-17 05:45,2023-10-16 22:45,e hene,9PM,BUY,1914.58,1912.06,1919.62,2.52,2.0,TP,255,2.31,-0.38,1914.36,1921.73,1912.36,2.0,3,1.0,0.11,0.12,W1,9PM BUY: fitim: preku TP | qiri 9PM (Asia)
290,2023-10-17 22:00,2023-10-17 15:00,e marte,1PM,BUY,1922.06,1918.79,1928.6,3.27,2.0,TP,360,2.24,-0.07,1920.8,1931.54,1919.09,1.71,12,1.0,0.14,0.08,W1,1PM BUY: fitim: preku TP
291,2023-10-19 08:00,2023-10-19 01:00,e enjte,9PM,BUY,1948.23,1944.86,1954.97,3.37,2.0,TP,435,2.05,-0.81,1947.12,1953.25,1945.16,1.96,18,2.41,0.14,0.13,W1,9PM BUY: fitim: preku TP | qiri 9PM (Asia)
292,2023-10-20 04:45,2023-10-19 21:45,e enjte,9PM,BUY,1976.33,1971.64,1985.71,4.69,1.25,time,480,1.91,-0.49,1972.46,1982.17,1971.94,0.52,40,3.76,0.19,0.02,W2,9PM BUY: mbyllje me kohe ne fitim; +1.25R pas 8.0 oresh | qiri 9PM (Asia)
293,2023-10-20 15:45,2023-10-20 08:45,e premte,5AM,BUY,1978.85,1972.94,1990.67,5.91,2.0,TP,75,2.08,-0.39,1974.02,1985.18,1973.24,0.78,43,3.76,0.24,0.04,W1,"5AM BUY: fitim: preku TP | ora e lajmeve 8-10 NY, e premte, hyrje afer mesit te range-it"
294,2023-10-23 17:30,2023-10-23 10:30,e hene,9AM,BUY,1976.03,1969.77,1988.55,6.26,-0.42,time,480,0.52,-0.79,1975.26,1982.77,1970.07,5.19,10,4.03,0.26,0.02,L5,9AM BUY: mbyllje me kohe ne humbje (8 ore ose e premte); -0.42R pas 8.0 oresh | sweep i thelle (>50% e range-it)
295,2023-10-25 03:00,2023-10-24 20:00,e marte,5PM,BUY,1972.92,1969.61,1979.54,3.31,-1.0,SL,435,1.21,-1.41,1970.7,1977.56,1969.91,0.79,32,3.36,0.13,0.11,L4,"5PM BUY: fitim i humbur: arriti te pakten +1R, pastaj u kthye ne SL (maksimumi +1.2R); SL pas 435 min | qiri 5PM (pas mbylljes ditore)"
296,2023-10-25 11:30,2023-10-25 04:30,e merkure,1AM,BUY,1973.06,1967.96,1983.26,5.1,2.0,TP,315,2.77,-0.72,1969.91,1976.93,1968.26,1.65,45,3.36,0.2,0.02,W1,1AM BUY: fitim: preku TP | hyrje afer mesit te range-it
297,2023-10-26 17:45,2023-10-26 10:45,e enjte,9AM,BUY,1979.04,1971.42,1994.28,7.62,0.8,time,480,1.35,-0.35,1974.72,1992.13,1971.72,3.0,25,3.72,0.29,0.03,W2,9AM BUY: mbyllje me kohe ne fitim; +0.80R pas 8.0 oresh
298,2023-10-27 15:45,2023-10-27 08:45,e premte,5AM,BUY,1985.73,1979.63,1997.93,6.1,-1.0,SL,0,0.06,-1.44,1985.45,1989.64,1979.93,5.52,7,3.88,0.24,0.02,L1,"5AM BUY: kthim i menjehershem: cmimi shkoi kunder menjehere (sweep-i vazhdoi), SL brenda 1 ore; SL pas 0 min | ora e lajmeve 8-10 NY, e premte, sweep i thelle (>50% e range-it)"
299,2023-10-31 02:45,2023-10-30 19:45,e hene,5PM,BUY,1995.81,1993.62,2000.19,2.19,-1.0,SL,195,0.64,-1.15,1994.63,1999.83,1993.92,0.71,23,4.17,0.08,0.14,L3,"5PM BUY: levizje e vogel ne favor (+0.3R deri +1R), pastaj SL; SL pas 195 min | qiri 5PM (pas mbylljes ditore), SL i vogel (<10% e ATR ditore)"
300,2023-10-31 16:45,2023-10-31 09:45,e marte,9AM,BUY,1997.9,1994.22,2005.26,3.68,2.0,TP,15,2.26,-0.01,1994.76,2001.47,1994.52,0.24,47,4.17,0.14,0.02,W1,"9AM BUY: fitim: preku TP | ora e lajmeve 8-10 NY, hyrje afer mesit te range-it"
301,2023-11-01 05:15,2023-10-31 22:15,e marte,9PM,BUY,1980.39,1977.62,1985.93,2.77,-1.0,SL,45,0.01,-1.01,1978.7,1986.09,1977.92,0.78,23,3.51,0.1,0.02,L1,"9PM BUY: kthim i menjehershem: cmimi shkoi kunder menjehere (sweep-i vazhdoi), SL brenda 1 ore; SL pas 45 min | qiri 9PM (Asia), SL i vogel (<10% e ATR ditore)"
302,2023-11-01 22:15,2023-11-01 15:15,e merkure,1PM,BUY,1978.94,1969.52,1997.78,9.42,0.53,time,480,0.98,-0.2,1974.67,1992.43,1969.82,4.85,24,3.51,0.34,0.02,W2,1PM BUY: mbyllje me kohe ne fitim; +0.53R pas 8.0 oresh | SL i madh (>30% e ATR ditore)
303,2023-11-06 19:00,2023-11-06 12:00,e hene,9AM,BUY,1983.5,1979.58,1991.34,3.92,-1.0,SL,135,0.24,-1.1,1983.36,1989.04,1979.88,3.48,2,3.73,0.16,0.06,L2,"9AM BUY: pa drejtim: trade-i nuk shkoi kurre ne favor, SL pas me shume se 1 ore; SL pas 135 min | sweep i thelle (>50% e range-it)"
304,2023-11-06 22:00,2023-11-06 15:00,e hene,1PM,BUY,1980.38,1978.9,1983.34,1.48,-1.0,SL,30,0.0,-1.53,1979.88,1988.15,1979.2,0.68,6,3.73,0.06,0.08,L1,"1PM BUY: kthim i menjehershem: cmimi shkoi kunder menjehere (sweep-i vazhdoi), SL brenda 1 ore; SL pas 30 min | SL i vogel (<10% e ATR ditore)"
305,2023-11-07 16:00,2023-11-07 09:00,e marte,5AM,BUY,1966.54,1956.34,1986.94,10.2,0.21,time,540,0.32,-0.63,1964.15,1973.87,1956.64,7.51,25,2.9,0.42,0.02,W2,"5AM BUY: mbyllje me kohe ne fitim; +0.21R pas 9.0 oresh | ora e lajmeve 8-10 NY, SL i madh (>30% e ATR ditore), sweep i thelle (>50% e range-it)"
306,2023-11-08 15:15,2023-11-08 08:15,e merkure,5AM,BUY,1966.28,1959.24,1980.36,7.04,-1.0,SL,105,0.05,-1.28,1965.07,1969.08,1959.54,5.53,30,2.43,0.31,0.02,L2,"5AM BUY: pa drejtim: trade-i nuk shkoi kurre ne favor, SL pas me shume se 1 ore; SL pas 105 min | ora e lajmeve 8-10 NY, SL i madh (>30% e ATR ditore), sweep i thelle (>50% e range-it)"
307,2023-11-09 08:00,2023-11-09 01:00,e enjte,9PM,BUY,1950.15,1947.45,1955.55,2.7,-1.0,SL,120,0.11,-1.34,1948.89,1954.56,1947.75,1.14,22,1.42,0.12,0.02,L2,"9PM BUY: pa drejtim: trade-i nuk shkoi kurre ne favor, SL pas me shume se 1 ore; SL pas 120 min | qiri 9PM (Asia)"
308,2023-11-09 10:45,2023-11-09 03:45,e enjte,1AM,BUY,1949.25,1944.42,1958.91,4.83,2.0,TP,375,2.42,-0.93,1947.75,1954.56,1944.72,3.03,22,1.42,0.22,0.06,W1,1AM BUY: fitim: preku TP
309,2023-11-10 05:15,2023-11-09 22:15,e enjte,9PM,BUY,1959.18,1956.08,1965.38,3.1,-1.0,SL,165,0.4,-1.15,1957.96,1960.77,1956.38,1.58,43,1.83,0.14,0.09,L3,"9PM BUY: levizje e vogel ne favor (+0.3R deri +1R), pastaj SL; SL pas 165 min | qiri 9PM (Asia), sweep i thelle (>50% e range-it), hyrje afer mesit te range-it"
310,2023-11-10 08:30,2023-11-10 01:30,e premte,1AM,BUY,1957.52,1955.33,1961.9,2.19,-1.0,SL,30,0.29,-1.13,1956.32,1960.77,1955.63,0.69,27,1.83,0.1,0.08,L1,"1AM BUY: kthim i menjehershem: cmimi shkoi kunder menjehere (sweep-i vazhdoi), SL brenda 1 ore; SL pas 30 min | e premte, SL i vogel (<10% e ATR ditore)"
311,2023-11-10 13:00,2023-11-10 06:00,e premte,5AM,BUY,1954.09,1951.15,1959.97,2.94,-1.0,SL,15,0.0,-1.99,1953.48,1958.16,1951.45,2.03,13,1.83,0.13,0.07,L1,"5AM BUY: kthim i menjehershem: cmimi shkoi kunder menjehere (sweep-i vazhdoi), SL brenda 1 ore; SL pas 15 min | e premte"
312,2023-11-10 17:15,2023-11-10 10:15,e premte,9AM,BUY,1946.59,1940.5,1958.77,6.09,-1.0,SL,30,0.04,-1.13,1943.15,1954.37,1940.8,2.35,31,1.83,0.28,0.02,L1,"9AM BUY: kthim i menjehershem: cmimi shkoi kunder menjehere (sweep-i vazhdoi), SL brenda 1 ore; SL pas 30 min | e premte"
313,2023-11-13 07:30,2023-11-13 00:30,e hene,9PM,BUY,1938.23,1933.71,1947.27,4.52,-0.41,time,480,0.65,-0.83,1936.68,1941.92,1934.01,2.67,30,0.79,0.2,0.02,L5,"9PM BUY: mbyllje me kohe ne humbje (8 ore ose e premte); -0.41R pas 8.0 oresh | qiri 9PM (Asia), sweep i thelle (>50% e range-it)"
314,2023-11-13 17:15,2023-11-13 10:15,e hene,9AM,BUY,1935.78,1931.35,1944.64,4.43,2.0,TP,75,2.28,-0.3,1934.46,1939.64,1931.65,2.81,25,0.79,0.2,0.02,W1,9AM BUY: fitim: preku TP | sweep i thelle (>50% e range-it)
315,2023-11-16 04:45,2023-11-15 21:45,e merkure,9PM,BUY,1959.08,1956.09,1965.06,2.99,2.0,TP,210,2.03,-0.1,1957.62,1961.34,1956.39,1.23,39,1.79,0.13,0.07,W1,9PM BUY: fitim: preku TP | qiri 9PM (Asia)
316,2023-11-16 15:00,2023-11-16 08:00,e enjte,5AM,BUY,1964.33,1961.76,1969.47,2.57,2.0,TP,30,3.34,-0.06,1962.73,1968.51,1962.06,0.67,28,1.79,0.11,0.02,W1,5AM BUY: fitim: preku TP | ora e lajmeve 8-10 NY
317,2023-11-17 01:30,2023-11-16 18:30,e enjte,5PM,BUY,1981.8,1980.2,1985.0,1.6,2.0,TP,90,3.18,-0.34,1980.59,1985.17,1980.5,0.09,26,2.86,0.07,0.14,W1,"5PM BUY: fitim: preku TP | qiri 5PM (pas mbylljes ditore), SL i vogel (<10% e ATR ditore)"
318,2023-11-17 18:15,2023-11-17 11:15,e premte,9AM,BUY,1984.09,1979.02,1994.23,5.07,-1.0,SL,45,0.03,-1.05,1983.56,1993.39,1979.32,4.24,5,2.86,0.23,0.02,L1,"9AM BUY: kthim i menjehershem: cmimi shkoi kunder menjehere (sweep-i vazhdoi), SL brenda 1 ore; SL pas 45 min | e premte"
319,2023-11-20 17:00,2023-11-20 10:00,e hene,9AM,BUY,1970.16,1965.12,1980.24,5.04,1.58,time,480,1.74,-0.28,1965.61,1979.49,1965.42,0.19,33,2.76,0.23,0.02,W2,9AM BUY: mbyllje me kohe ne fitim; +1.58R pas 8.0 oresh
320,2023-11-21 21:30,2023-11-21 14:30,e marte,1PM,BUY,2000.15,1995.9,2008.65,4.25,-1.0,SL,345,0.11,-1.03,1997.3,2007.51,1996.2,1.1,28,2.57,0.2,0.04,L2,"1PM BUY: pa drejtim: trade-i nuk shkoi kurre ne favor, SL pas me shume se 1 ore; SL pas 345 min"
321,2023-11-22 05:15,2023-11-21 22:15,e marte,9PM,BUY,1997.18,1995.13,2001.28,2.05,2.0,TP,180,2.0,-0.63,1995.78,1999.82,1995.43,0.35,35,3.53,0.09,0.11,W1,"9PM BUY: fitim: preku TP | qiri 9PM (Asia), SL i vogel (<10% e ATR ditore)"
322,2023-11-22 21:30,2023-11-22 14:30,e merkure,1PM,BUY,1991.15,1986.55,2000.35,4.6,0.63,time,480,0.82,-0.45,1988.63,2002.41,1986.85,1.78,18,3.53,0.21,0.1,W2,1PM BUY: mbyllje me kohe ne fitim; +0.63R pas 8.0 oresh
323,2023-11-23 13:45,2023-11-23 06:45,e enjte,5AM,BUY,1994.13,1991.81,1998.77,2.32,-1.0,SL,225,0.31,-1.02,1992.19,1998.48,1992.11,0.08,31,3.0,0.1,0.07,L3,"5AM BUY: levizje e vogel ne favor (+0.3R deri +1R), pastaj SL; SL pas 225 min"
324,2023-11-23 19:15,2023-11-23 12:15,e enjte,9AM,BUY,1992.33,1989.5,1997.99,2.83,0.58,time,480,0.9,-0.36,1991.93,1994.78,1989.8,2.13,14,3.0,0.13,0.07,W2,9AM BUY: mbyllje me kohe ne fitim; +0.58R pas 8.0 oresh | sweep i thelle (>50% e range-it)
325,2023-11-27 19:00,2023-11-27 12:00,e hene,9AM,BUY,2010.84,2005.38,2021.76,5.46,1.15,time,480,1.32,-0.39,2009.73,2016.35,2005.68,4.05,17,3.45,0.25,0.08,W2,9AM BUY: mbyllje me kohe ne fitim; +1.15R pas 8.0 oresh | sweep i thelle (>50% e range-it)
326,2023-11-28 11:00,2023-11-28 04:00,e marte,1AM,BUY,2015.42,2011.71,2022.84,3.71,-1.0,SL,255,0.35,-1.01,2013.27,2018.03,2012.01,1.26,45,3.99,0.17,0.05,L3,"1AM BUY: levizje e vogel ne favor (+0.3R deri +1R), pastaj SL; SL pas 255 min | hyrje afer mesit te range-it"
327,2023-11-30 04:45,2023-11-29 21:45,e merkure,9PM,BUY,2044.69,2042.25,2049.57,2.44,-1.0,SL,150,1.01,-1.05,2043.05,2046.78,2042.55,0.5,44,5.31,0.11,0.06,L4,"9PM BUY: fitim i humbur: arriti te pakten +1R, pastaj u kthye ne SL (maksimumi +1.0R); SL pas 150 min | qiri 9PM (Asia), hyrje afer mesit te range-it"
328,2023-11-30 11:30,2023-11-30 04:30,e enjte,1AM,BUY,2041.89,2039.45,2046.77,2.44,-1.0,SL,15,0.14,-1.31,2041.38,2047.16,2039.75,1.63,9,5.31,0.11,0.05,L1,"1AM BUY: kthim i menjehershem: cmimi shkoi kunder menjehere (sweep-i vazhdoi), SL brenda 1 ore; SL pas 15 min"
329,2023-11-30 12:45,2023-11-30 05:45,e enjte,5AM,BUY,2039.93,2036.43,2046.93,3.5,-1.0,SL,30,0.18,-1.01,2038.7,2046.9,2036.73,1.97,15,5.31,0.16,0.02,L1,"5AM BUY: kthim i menjehershem: cmimi shkoi kunder menjehere (sweep-i vazhdoi), SL brenda 1 ore; SL pas 30 min"
330,2023-12-04 11:30,2023-12-04 04:30,e hene,1AM,BUY,2073.18,2057.48,2104.58,15.7,-1.0,SL,255,0.19,-1.09,2071.7,2147.47,2057.78,13.92,2,6.44,0.7,0.02,L2,"1AM BUY: pa drejtim: trade-i nuk shkoi kurre ne favor, SL pas me shume se 1 ore; SL pas 255 min | SL i madh (>30% e ATR ditore)"
331,2023-12-05 15:45,2023-12-05 08:45,e marte,5AM,BUY,2028.63,2021.21,2043.47,7.42,-1.0,SL,60,0.21,-1.78,2028.48,2039.52,2021.51,6.97,1,4.15,0.26,0.02,L1,"5AM BUY: kthim i menjehershem: cmimi shkoi kunder menjehere (sweep-i vazhdoi), SL brenda 1 ore; SL pas 60 min | ora e lajmeve 8-10 NY, sweep i thelle (>50% e range-it)"
332,2023-12-08 02:00,2023-12-07 19:00,e enjte,5PM,BUY,2028.13,2026.51,2031.37,1.62,2.0,TP,45,3.04,-0.44,2027.57,2031.91,2026.81,0.76,13,3.64,0.06,0.1,W1,"5PM BUY: fitim: preku TP | qiri 5PM (pas mbylljes ditore), SL i vogel (<10% e ATR ditore)"
333,2023-12-11 13:00,2023-12-11 06:00,e hene,5AM,BUY,1992.96,1990.9,1997.08,2.06,-1.0,SL,165,1.82,-1.38,1991.28,2000.53,1991.2,0.08,18,2.24,0.07,0.02,L4,"5AM BUY: fitim i humbur: arriti te pakten +1R, pastaj u kthye ne SL (maksimumi +1.8R); SL pas 165 min | SL i vogel (<10% e ATR ditore)"
334,2023-12-11 20:45,2023-12-11 13:45,e hene,1PM,BUY,1980.59,1975.52,1990.73,5.07,0.38,time,480,1.76,-0.1,1976.08,1994.37,1975.82,0.26,25,2.24,0.17,0.02,W2,1PM BUY: mbyllje me kohe ne fitim; +0.38R pas 8.0 oresh
335,2023-12-13 05:15,2023-12-12 22:15,e marte,9PM,BUY,1980.05,1977.61,1984.93,2.44,-1.0,SL,165,0.02,-1.35,1979.74,1982.74,1977.91,1.83,10,0.66,0.08,0.07,L2,"9PM BUY: pa drejtim: trade-i nuk shkoi kurre ne favor, SL pas me shume se 1 ore; SL pas 165 min | qiri 9PM (Asia), SL i vogel (<10% e ATR ditore), sweep i thelle (>50% e range-it)"
336,2023-12-13 09:30,2023-12-13 02:30,e merkure,1AM,BUY,1978.17,1972.69,1989.13,5.48,0.22,time,480,1.56,-0.05,1977.62,1982.74,1972.99,4.63,11,0.66,0.18,0.02,W2,1AM BUY: mbyllje me kohe ne fitim; +0.22R pas 8.0 oresh | sweep i thelle (>50% e range-it)
337,2023-12-13 17:45,2023-12-13 10:45,e merkure,9AM,BUY,1981.02,1978.11,1986.84,2.91,2.0,TP,195,8.18,-0.48,1979.6,1986.71,1978.41,1.19,20,0.66,0.09,0.02,W1,9AM BUY: fitim: preku TP | SL i vogel (<10% e ATR ditore)
338,2023-12-14 22:30,2023-12-14 15:30,e enjte,1PM,BUY,2034.75,2028.75,2046.75,6.0,0.24,time,480,0.65,-0.58,2034.65,2047.89,2029.05,5.6,1,2.89,0.18,0.06,W2,1PM BUY: mbyllje me kohe ne fitim; +0.24R pas 8.0 oresh
339,2023-12-18 13:45,2023-12-18 06:45,e hene,5AM,BUY,2022.48,2018.41,2030.62,4.07,2.0,TP,360,2.7,-0.54,2021.51,2027.25,2018.71,2.8,17,2.06,0.11,0.08,W1,5AM BUY: fitim: preku TP
340,2023-12-19 04:45,2023-12-18 21:45,e hene,9PM,BUY,2025.72,2022.81,2031.54,2.91,-1.0,SL,45,0.1,-1.05,2025.58,2029.29,2023.11,2.47,4,2.27,0.08,0.02,L1,"9PM BUY: kthim i menjehershem: cmimi shkoi kunder menjehere (sweep-i vazhdoi), SL brenda 1 ore; SL pas 45 min | qiri 9PM (Asia), SL i vogel (<10% e ATR ditore), sweep i thelle (>50% e range-it)"
341,2023-12-20 04:45,2023-12-19 21:45,e marte,9PM,BUY,2038.56,2036.39,2042.9,2.17,2.0,TP,270,2.18,-0.02,2037.59,2041.55,2036.69,0.9,24,2.75,0.06,0.02,W1,"9PM BUY: fitim: preku TP | qiri 9PM (Asia), SL i vogel (<10% e ATR ditore)"
342,2023-12-21 01:00,2023-12-20 18:00,e merkure,1PM,BUY,2032.14,2027.1,2042.22,5.04,0.94,time,480,1.19,-0.14,2030.48,2039.78,2027.4,3.08,18,2.75,0.14,0.02,W2,1PM BUY: mbyllje me kohe ne fitim; +0.94R pas 8.0 oresh
343,2023-12-21 13:30,2023-12-21 06:30,e enjte,5AM,BUY,2034.85,2032.71,2039.13,2.14,2.0,TP,60,2.13,-0.75,2033.93,2037.3,2033.01,0.92,27,2.12,0.06,0.1,W1,5AM BUY: fitim: preku TP | SL i vogel (<10% e ATR ditore)
344,2023-12-27 05:30,2023-12-26 22:30,e marte,9PM,BUY,2066.38,2064.05,2071.04,2.33,-1.0,SL,30,0.04,-1.01,2065.99,2068.44,2064.35,1.64,16,2.92,0.09,0.14,L1,"9PM BUY: kthim i menjehershem: cmimi shkoi kunder menjehere (sweep-i vazhdoi), SL brenda 1 ore; SL pas 30 min | qiri 9PM (Asia), SL i vogel (<10% e ATR ditore), sweep i thelle (>50% e range-it)"
345,2023-12-27 13:00,2023-12-27 06:00,e merkure,5AM,BUY,2064.74,2061.16,2071.9,3.58,2.0,TP,240,2.4,-0.11,2064.36,2069.25,2061.46,2.9,8,2.92,0.14,0.09,W1,5AM BUY: fitim: preku TP | sweep i thelle (>50% e range-it)
346,2023-12-28 15:00,2023-12-28 08:00,e enjte,5AM,BUY,2076.55,2070.98,2087.69,5.57,-1.0,SL,360,0.82,-1.02,2072.75,2087.57,2071.28,1.47,26,3.99,0.22,0.07,L3,"5AM BUY: levizje e vogel ne favor (+0.3R deri +1R), pastaj SL; SL pas 360 min | ora e lajmeve 8-10 NY"
347,2023-12-29 13:15,2023-12-29 06:15,e premte,5AM,BUY,2066.08,2061.5,2075.24,4.58,-1.0,SL,150,0.6,-1.73,2065.4,2074.74,2061.8,3.6,7,3.23,0.18,0.02,L3,"5AM BUY: levizje e vogel ne favor (+0.3R deri +1R), pastaj SL; SL pas 150 min | e premte"
348,2024-01-02 17:00,2024-01-02 10:00,e marte,9AM,BUY,2070.4,2061.82,2087.56,8.58,-1.0,SL,30,0.03,-1.69,2064.81,2077.73,2062.12,2.69,43,2.98,0.33,0.02,L1,"9AM BUY: kthim i menjehershem: cmimi shkoi kunder menjehere (sweep-i vazhdoi), SL brenda 1 ore; SL pas 30 min | SL i madh (>30% e ATR ditore), hyrje afer mesit te range-it"
349,2024-01-03 17:15,2024-01-03 10:15,e merkure,9AM,BUY,2040.6,2031.41,2058.98,9.19,-1.0,SL,45,0.01,-1.01,2038.67,2057.16,2031.71,6.96,10,2.69,0.38,0.02,L1,"9AM BUY: kthim i menjehershem: cmimi shkoi kunder menjehere (sweep-i vazhdoi), SL brenda 1 ore; SL pas 45 min | SL i madh (>30% e ATR ditore)"
350,2024-01-03 21:30,2024-01-03 14:30,e merkure,1PM,BUY,2038.74,2030.31,2055.6,8.43,0.92,time,480,0.93,-0.47,2030.66,2048.71,2030.61,0.05,45,2.69,0.34,0.02,W2,"1PM BUY: mbyllje me kohe ne fitim; +0.92R pas 8.0 oresh | SL i madh (>30% e ATR ditore), hyrje afer mesit te range-it"
351,2024-01-04 14:45,2024-01-04 07:45,e enjte,5AM,BUY,2046.1,2042.98,2052.34,3.12,-1.0,SL,30,0.35,-1.17,2043.6,2050.9,2043.28,0.32,34,1.76,0.13,0.02,L3,"5AM BUY: levizje e vogel ne favor (+0.3R deri +1R), pastaj SL; SL pas 30 min"
352,2024-01-05 09:15,2024-01-05 02:15,e premte,1AM,BUY,2045.12,2040.55,2054.26,4.57,-1.0,SL,150,0.4,-1.47,2042.74,2048.22,2040.85,1.89,43,1.79,0.19,0.02,L3,"1AM BUY: levizje e vogel ne favor (+0.3R deri +1R), pastaj SL; SL pas 150 min | e premte, hyrje afer mesit te range-it"
353,2024-01-05 13:00,2024-01-05 06:00,e premte,5AM,BUY,2040.04,2037.04,2046.04,3.0,-1.0,SL,150,0.56,-5.2,2038.4,2046.94,2037.34,1.06,19,1.79,0.12,0.06,L3,"5AM BUY: levizje e vogel ne favor (+0.3R deri +1R), pastaj SL; SL pas 150 min | e premte"
354,2024-01-08 11:45,2024-01-08 04:45,e hene,1AM,BUY,2029.59,2026.19,2036.39,3.4,-1.0,SL,75,0.62,-1.26,2027.01,2046.54,2026.49,0.52,13,1.82,0.15,0.02,L3,"1AM BUY: levizje e vogel ne favor (+0.3R deri +1R), pastaj SL; SL pas 75 min"
355,2024-01-10 09:15,2024-01-10 02:15,e merkure,1AM,BUY,2026.53,2023.53,2032.53,3.0,2.0,TP,45,2.65,-0.08,2025.44,2032.81,2023.83,1.61,15,0.96,0.13,0.02,W1,1AM BUY: fitim: preku TP
356,2024-01-10 21:00,2024-01-10 14:00,e merkure,1PM,BUY,2023.7,2021.0,2029.1,2.7,-1.0,SL,0,0.04,-1.16,2022.27,2033.57,2021.3,0.97,13,0.96,0.12,0.05,L1,"1PM BUY: kthim i menjehershem: cmimi shkoi kunder menjehere (sweep-i vazhdoi), SL brenda 1 ore; SL pas 0 min"
357,2024-01-11 17:30,2024-01-11 10:30,e enjte,9AM,BUY,2030.88,2024.65,2043.34,6.23,-1.0,SL,45,0.34,-2.38,2025.04,2043.43,2024.95,0.09,32,0.65,0.27,0.02,L3,"9AM BUY: levizje e vogel ne favor (+0.3R deri +1R), pastaj SL; SL pas 45 min"
358,2024-01-15 13:45,2024-01-15 06:45,e hene,5AM,BUY,2053.43,2051.21,2057.87,2.22,-1.0,SL,195,0.42,-1.48,2052.87,2058.56,2051.51,1.36,10,1.78,0.09,0.08,L3,"5AM BUY: levizje e vogel ne favor (+0.3R deri +1R), pastaj SL; SL pas 195 min | SL i vogel (<10% e ATR ditore)"
359,2024-01-16 09:00,2024-01-16 02:00,e marte,1AM,BUY,2050.47,2047.05,2057.31,3.42,-1.0,SL,90,0.12,-2.44,2047.52,2055.51,2047.35,0.17,37,1.98,0.14,0.04,L2,"1AM BUY: pa drejtim: trade-i nuk shkoi kurre ne favor, SL pas me shume se 1 ore; SL pas 90 min"
360,2024-01-16 15:45,2024-01-16 08:45,e marte,5AM,BUY,2043.1,2031.07,2067.16,12.03,-1.0,SL,195,0.01,-1.48,2038.65,2050.89,2031.37,7.28,36,1.98,0.49,0.02,L2,"5AM BUY: pa drejtim: trade-i nuk shkoi kurre ne favor, SL pas me shume se 1 ore; SL pas 195 min | ora e lajmeve 8-10 NY, SL i madh (>30% e ATR ditore), sweep i thelle (>50% e range-it)"
361,2024-01-16 21:15,2024-01-16 14:15,e marte,1PM,BUY,2026.85,2023.91,2032.73,2.94,2.0,TP,405,2.06,-0.41,2024.89,2042.67,2024.21,0.68,11,1.98,0.12,0.08,W1,1PM BUY: fitim: preku TP
362,2024-01-17 09:30,2024-01-17 02:30,e merkure,1AM,BUY,2019.94,2017.32,2025.18,2.62,2.0,TP,15,2.35,-0.29,2019.33,2032.91,2017.62,1.71,4,0.64,0.11,0.02,W1,1AM BUY: fitim: preku TP
363,2024-01-17 21:00,2024-01-17 14:00,e merkure,1PM,BUY,2004.74,2001.48,2011.26,3.26,2.0,TP,405,2.25,-0.12,2003.39,2023.12,2001.78,1.61,7,0.64,0.13,0.02,W1,1PM BUY: fitim: preku TP
364,2024-01-18 09:30,2024-01-18 02:30,e enjte,1AM,SELL,2011.44,2014.37,2005.58,2.93,-1.0,SL,270,1.12,-1.47,2005.72,2012.07,2014.07,2.0,90,-0.48,0.11,0.04,L4,"1AM SELL: fitim i humbur: arriti te pakten +1R, pastaj u kthye ne SL (maksimumi +1.1R); SL pas 270 min | trend i dobet (<0.5% nga mesatarja)"
365,2024-01-18 15:15,2024-01-18 08:15,e enjte,5AM,SELL,2013.56,2017.53,2005.62,3.97,-1.0,SL,180,1.59,-1.05,2008.12,2014.07,2017.23,3.16,91,-0.48,0.16,0.02,L4,"5AM SELL: fitim i humbur: arriti te pakten +1R, pastaj u kthye ne SL (maksimumi +1.6R); SL pas 180 min | ora e lajmeve 8-10 NY, trend i dobet (<0.5% nga mesatarja), sweep i thelle (>50% e range-it)"
366,2024-01-22 08:30,2024-01-22 01:30,e hene,1AM,BUY,2024.16,2019.7,2033.08,4.46,-1.0,SL,30,0.05,-1.14,2021.78,2032.08,2020.0,1.78,23,0.58,0.18,0.03,L1,"1AM BUY: kthim i menjehershem: cmimi shkoi kunder menjehere (sweep-i vazhdoi), SL brenda 1 ore; SL pas 30 min"
367,2024-01-22 17:15,2024-01-22 10:15,e hene,9AM,BUY,2024.76,2016.24,2041.8,8.52,-0.42,time,480,0.21,-0.67,2021.02,2030.08,2016.54,4.48,41,0.58,0.34,0.04,L5,"9AM BUY: mbyllje me kohe ne humbje (8 ore ose e premte); -0.42R pas 8.0 oresh | SL i madh (>30% e ATR ditore), hyrje afer mesit te range-it"
368,2024-01-23 15:30,2024-01-23 08:30,e marte,5AM,BUY,2028.28,2022.09,2040.66,6.19,-1.0,SL,60,0.02,-1.12,2027.0,2037.84,2022.39,4.61,12,0.12,0.25,0.02,L1,"5AM BUY: kthim i menjehershem: cmimi shkoi kunder menjehere (sweep-i vazhdoi), SL brenda 1 ore; SL pas 60 min | ora e lajmeve 8-10 NY, trend i dobet (<0.5% nga mesatarja)"
369,2024-01-23 18:15,2024-01-23 11:15,e marte,9AM,BUY,2026.17,2021.06,2036.39,5.11,0.44,time,480,0.88,-0.7,2022.39,2030.35,2021.36,1.03,47,0.12,0.21,0.04,W2,"9AM BUY: mbyllje me kohe ne fitim; +0.44R pas 8.0 oresh | trend i dobet (<0.5% nga mesatarja), hyrje afer mesit te range-it"
370,2024-01-25 01:00,2024-01-24 18:00,e merkure,1PM,BUY,2015.09,2010.86,2023.55,4.23,0.15,time,480,0.58,-0.15,2011.87,2034.68,2011.16,0.71,14,0.42,0.18,0.04,W2,1PM BUY: mbyllje me kohe ne fitim; +0.15R pas 8.0 oresh | trend i dobet (<0.5% nga mesatarja)
371,2024-01-25 13:45,2024-01-25 06:45,e enjte,5AM,SELL,2017.2,2019.81,2011.98,2.61,-1.0,SL,105,3.01,-2.25,2012.62,2018.26,2019.51,1.25,81,-0.4,0.11,0.08,L4,"5AM SELL: fitim i humbur: arriti te pakten +1R, pastaj u kthye ne SL (maksimumi +3.0R); SL pas 105 min | trend i dobet (<0.5% nga mesatarja)"
372,2024-01-25 17:30,2024-01-25 10:30,e enjte,9AM,SELL,2019.75,2025.6,2008.05,5.85,-0.11,time,480,1.24,-0.37,2009.32,2023.04,2025.3,2.26,76,-0.4,0.24,0.02,L5,9AM SELL: mbyllje me kohe ne humbje (8 ore ose e premte); -0.11R pas 8.0 oresh | trend i dobet (<0.5% nga mesatarja)
373,2024-01-26 02:30,2024-01-25 19:30,e enjte,5PM,SELL,2019.46,2022.12,2014.14,2.66,-1.0,SL,30,0.02,-1.59,2013.37,2020.9,2021.82,0.92,81,-0.14,0.12,0.13,L1,"5PM SELL: kthim i menjehershem: cmimi shkoi kunder menjehere (sweep-i vazhdoi), SL brenda 1 ore; SL pas 30 min | qiri 5PM (pas mbylljes ditore), trend i dobet (<0.5% nga mesatarja)"
374,2024-01-26 14:30,2024-01-26 07:30,e premte,5AM,SELL,2022.15,2024.9,2016.65,2.75,-1.0,SL,60,1.25,-1.66,2018.17,2023.41,2024.6,1.19,76,-0.14,0.12,0.02,L4,"5AM SELL: fitim i humbur: arriti te pakten +1R, pastaj u kthye ne SL (maksimumi +1.3R); SL pas 60 min | e premte, trend i dobet (<0.5% nga mesatarja)"
375,2024-01-29 12:00,2024-01-29 05:00,e hene,1AM,SELL,2028.29,2034.12,2016.63,5.83,-1.0,SL,210,0.48,-1.29,2019.23,2028.51,2033.82,5.31,98,-0.31,0.27,0.02,L3,"1AM SELL: levizje e vogel ne favor (+0.3R deri +1R), pastaj SL; SL pas 210 min | trend i dobet (<0.5% nga mesatarja), sweep i thelle (>50% e range-it)"
376,2024-01-30 14:30,2024-01-30 07:30,e marte,5AM,BUY,2035.45,2031.06,2044.23,4.39,2.0,TP,105,3.01,-0.51,2032.04,2040.44,2031.36,0.68,41,0.35,0.21,0.02,W1,"5AM BUY: fitim: preku TP | trend i dobet (<0.5% nga mesatarja), hyrje afer mesit te range-it"
377,2024-01-31 07:00,2024-01-31 00:00,e merkure,9PM,BUY,2034.56,2032.48,2038.72,2.08,2.0,TP,195,2.29,-0.63,2034.48,2038.64,2032.78,1.7,2,0.47,0.1,0.05,W1,"9PM BUY: fitim: preku TP | qiri 9PM (Asia), trend i dobet (<0.5% nga mesatarja), SL i vogel (<10% e ATR ditore)"
378,2024-02-01 10:45,2024-02-01 03:45,e enjte,1AM,BUY,2042.19,2038.65,2049.27,3.54,-1.0,SL,75,0.16,-1.13,2039.16,2049.57,2038.95,0.21,29,0.54,0.17,0.02,L2,"1AM BUY: pa drejtim: trade-i nuk shkoi kurre ne favor, SL pas me shume se 1 ore; SL pas 75 min"
379,2024-02-01 15:45,2024-02-01 08:45,e enjte,5AM,BUY,2041.17,2029.66,2064.19,11.51,2.0,TP,180,2.11,-0.13,2038.95,2044.88,2029.96,8.99,37,0.54,0.55,0.02,W1,"5AM BUY: fitim: preku TP | ora e lajmeve 8-10 NY, SL i madh (>30% e ATR ditore), sweep i thelle (>50% e range-it)"
380,2024-02-02 05:00,2024-02-01 22:00,e enjte,9PM,BUY,2053.81,2051.59,2058.25,2.22,0.36,time,480,1.38,-0.53,2052.82,2056.86,2051.89,0.93,25,1.23,0.1,0.02,W2,9PM BUY: mbyllje me kohe ne fitim; +0.36R pas 8.0 oresh | qiri 9PM (Asia)
381,2024-02-02 17:00,2024-02-02 10:00,e premte,9AM,BUY,2035.32,2027.53,2050.9,7.79,0.09,time,360,0.44,-0.87,2029.63,2057.59,2027.83,1.8,20,1.23,0.37,0.02,W2,"9AM BUY: mbyllje me kohe ne fitim; +0.09R pas 6.0 oresh | e premte, SL i madh (>30% e ATR ditore)"
382,2024-02-05 09:00,2024-02-05 02:00,e hene,1AM,BUY,2030.92,2026.54,2039.68,4.38,-1.0,SL,60,0.13,-1.46,2028.87,2042.14,2026.84,2.03,15,0.43,0.2,0.02,L1,"1AM BUY: kthim i menjehershem: cmimi shkoi kunder menjehere (sweep-i vazhdoi), SL brenda 1 ore; SL pas 60 min | trend i dobet (<0.5% nga mesatarja)"
383,2024-02-05 16:30,2024-02-05 09:30,e hene,9AM,BUY,2017.38,2014.57,2023.0,2.81,2.0,TP,15,2.23,-0.12,2014.94,2028.33,2014.87,0.07,18,0.43,0.13,0.02,W1,"9AM BUY: fitim: preku TP | ora e lajmeve 8-10 NY, trend i dobet (<0.5% nga mesatarja)"
384,2024-02-06 03:45,2024-02-05 20:45,e hene,5PM,SELL,2026.74,2028.8,2022.62,2.06,-1.0,SL,225,1.56,-1.29,2023.96,2027.5,2028.5,1.0,79,-0.32,0.09,0.02,L4,"5PM SELL: fitim i humbur: arriti te pakten +1R, pastaj u kthye ne SL (maksimumi +1.6R); SL pas 225 min | qiri 5PM (pas mbylljes ditore), trend i dobet (<0.5% nga mesatarja), SL i vogel (<10% e ATR ditore)"
385,2024-02-06 15:30,2024-02-06 08:30,e marte,5AM,SELL,2027.15,2031.19,2019.07,4.04,-1.0,SL,75,0.17,-1.47,2022.84,2029.59,2030.89,1.3,64,-0.32,0.18,0.02,L2,"5AM SELL: pa drejtim: trade-i nuk shkoi kurre ne favor, SL pas me shume se 1 ore; SL pas 75 min | ora e lajmeve 8-10 NY, trend i dobet (<0.5% nga mesatarja)"
386,2024-02-07 09:00,2024-02-07 02:00,e merkure,1AM,BUY,2033.58,2032.12,2036.5,1.46,-1.0,SL,90,1.73,-1.65,2033.24,2036.23,2032.42,0.82,11,0.17,0.07,0.05,L4,"1AM BUY: fitim i humbur: arriti te pakten +1R, pastaj u kthye ne SL (maksimumi +1.7R); SL pas 90 min | trend i dobet (<0.5% nga mesatarja), SL i vogel (<10% e ATR ditore)"
387,2024-02-08 11:15,2024-02-08 04:15,e enjte,1AM,BUY,2031.22,2028.58,2036.5,2.64,2.0,TP,60,2.69,-0.56,2031.08,2038.64,2028.88,2.2,2,0.09,0.13,0.08,W1,1AM BUY: fitim: preku TP | trend i dobet (<0.5% nga mesatarja)
388,2024-02-08 16:30,2024-02-08 09:30,e enjte,9AM,BUY,2028.75,2019.84,2046.57,8.91,0.68,time,510,0.73,-0.13,2020.89,2038.42,2020.14,0.75,45,0.09,0.43,0.02,W2,"9AM BUY: mbyllje me kohe ne fitim; +0.68R pas 8.5 oresh | ora e lajmeve 8-10 NY, trend i dobet (<0.5% nga mesatarja), SL i madh (>30% e ATR ditore), hyrje afer mesit te range-it"
389,2024-02-09 17:15,2024-02-09 10:15,e premte,9AM,BUY,2025.7,2022.65,2031.8,3.05,-1.0,SL,0,0.1,-1.12,2025.6,2037.18,2022.95,2.65,1,0.04,0.15,0.02,L1,"9AM BUY: kthim i menjehershem: cmimi shkoi kunder menjehere (sweep-i vazhdoi), SL brenda 1 ore; SL pas 0 min | e premte, trend i dobet (<0.5% nga mesatarja)"
390,2024-02-12 21:30,2024-02-12 14:30,e hene,1PM,SELL,2019.07,2021.85,2013.51,2.78,0.54,time,480,0.78,-0.77,2011.86,2020.37,2021.55,1.18,85,-0.44,0.13,0.12,W2,1PM SELL: mbyllje me kohe ne fitim; +0.54R pas 8.0 oresh | trend i dobet (<0.5% nga mesatarja)
391,2024-02-14 04:30,2024-02-13 21:30,e marte,9PM,SELL,1991.86,1993.86,1987.86,2.0,2.0,TP,330,2.13,-0.78,1988.84,1993.27,1993.56,0.29,68,-1.91,0.09,0.1,W1,"9PM SELL: fitim: preku TP | qiri 9PM (Asia), SL i vogel (<10% e ATR ditore)"
392,2024-02-14 14:30,2024-02-14 07:30,e merkure,5AM,SELL,1990.57,1993.63,1984.45,3.06,2.0,TP,150,2.07,-0.86,1986.05,1993.02,1993.33,0.31,65,-1.91,0.14,0.04,W1,5AM SELL: fitim: preku TP
393,2024-02-14 20:30,2024-02-14 13:30,e merkure,1PM,SELL,1991.66,1996.42,1982.14,4.76,-0.27,time,480,0.43,-0.57,1984.21,1995.28,1996.12,0.84,67,-1.91,0.22,0.02,L5,1PM SELL: mbyllje me kohe ne humbje (8 ore ose e premte); -0.27R pas 8.0 oresh
394,2024-02-15 13:00,2024-02-15 06:00,e enjte,5AM,SELL,1995.94,1998.23,1991.36,2.29,-1.0,SL,90,0.08,-1.13,1991.51,1996.79,1997.93,1.14,84,-1.87,0.11,0.02,L2,"5AM SELL: pa drejtim: trade-i nuk shkoi kurre ne favor, SL pas me shume se 1 ore; SL pas 90 min"
395,2024-02-15 17:45,2024-02-15 10:45,e enjte,9AM,SELL,2001.41,2008.54,1987.15,7.13,-0.35,time,480,0.42,-0.72,1995.63,2004.21,2008.24,4.03,67,-1.87,0.33,0.02,L5,9AM SELL: mbyllje me kohe ne humbje (8 ore ose e premte); -0.35R pas 8.0 oresh | SL i madh (>30% e ATR ditore)
396,2024-02-16 10:15,2024-02-16 03:15,e premte,1AM,SELL,2004.51,2006.72,2000.09,2.21,-1.0,SL,135,0.29,-1.2,2002.34,2005.61,2006.42,0.81,66,-1.25,0.1,0.04,L2,"1AM SELL: pa drejtim: trade-i nuk shkoi kurre ne favor, SL pas me shume se 1 ore; SL pas 135 min | e premte"
397,2024-02-16 15:15,2024-02-16 08:15,e premte,5AM,SELL,2005.69,2008.39,2000.29,2.7,2.0,TP,15,3.93,-0.42,2002.69,2006.44,2008.09,1.65,80,-1.25,0.12,0.02,W1,"5AM SELL: fitim: preku TP | ora e lajmeve 8-10 NY, e premte"
398,2024-02-19 06:00,2024-02-18 23:00,e diel,9PM,SELL,2019.86,2023.15,2013.28,3.29,0.45,time,480,0.5,-0.95,2011.04,2020.73,2022.85,2.12,91,-0.81,0.15,0.05,W2,9PM SELL: mbyllje me kohe ne fitim; +0.45R pas 8.0 oresh | qiri 9PM (Asia)
399,2024-02-20 07:45,2024-02-20 00:45,e marte,9PM,SELL,2018.63,2019.96,2015.97,1.33,-1.0,SL,45,0.68,-1.22,2014.98,2019.2,2019.66,0.46,86,-0.57,0.06,0.08,L3,"9PM SELL: levizje e vogel ne favor (+0.3R deri +1R), pastaj SL; SL pas 45 min | qiri 9PM (Asia), SL i vogel (<10% e ATR ditore)"
400,2024-02-21 15:30,2024-02-21 08:30,e merkure,5AM,SELL,2028.77,2031.81,2022.69,3.04,2.0,TP,210,2.11,-0.71,2025.93,2031.18,2031.51,0.33,54,-0.25,0.15,0.02,W1,"5AM SELL: fitim: preku TP | ora e lajmeve 8-10 NY, trend i dobet (<0.5% nga mesatarja), hyrje afer mesit te range-it"
401,2024-02-22 04:00,2024-02-21 21:00,e merkure,5PM,SELL,2026.95,2028.8,2023.25,1.85,-1.0,SL,165,0.76,-1.11,2019.99,2026.98,2028.5,1.52,100,-0.19,0.1,0.03,L3,"5PM SELL: levizje e vogel ne favor (+0.3R deri +1R), pastaj SL; SL pas 165 min | qiri 5PM (pas mbylljes ditore), trend i dobet (<0.5% nga mesatarja), SL i vogel (<10% e ATR ditore)"
402,2024-02-22 08:00,2024-02-22 01:00,e enjte,9PM,SELL,2028.42,2030.26,2024.74,1.84,-1.0,SL,30,0.01,-1.18,2025.01,2028.5,2029.96,1.46,98,-0.19,0.1,0.09,L1,"9PM SELL: kthim i menjehershem: cmimi shkoi kunder menjehere (sweep-i vazhdoi), SL brenda 1 ore; SL pas 30 min | qiri 9PM (Asia), trend i dobet (<0.5% nga mesatarja), SL i vogel (<10% e ATR ditore)"
403,2024-02-22 08:45,2024-02-22 01:45,e enjte,1AM,SELL,2028.71,2030.88,2024.37,2.17,-1.0,SL,45,0.06,-1.13,2025.01,2029.96,2030.58,0.62,75,-0.19,0.11,0.05,L1,"1AM SELL: kthim i menjehershem: cmimi shkoi kunder menjehere (sweep-i vazhdoi), SL brenda 1 ore; SL pas 45 min | trend i dobet (<0.5% nga mesatarja)"
404,2024-02-23 01:45,2024-02-22 18:45,e enjte,5PM,SELL,2024.71,2026.31,2021.51,1.6,-1.0,SL,75,1.23,-1.4,2019.59,2024.99,2026.01,1.02,95,-0.31,0.09,0.17,L4,"5PM SELL: fitim i humbur: arriti te pakten +1R, pastaj u kthye ne SL (maksimumi +1.2R); SL pas 75 min | qiri 5PM (pas mbylljes ditore), trend i dobet (<0.5% nga mesatarja), SL i vogel (<10% e ATR ditore)"
405,2024-02-23 04:30,2024-02-22 21:30,e enjte,9PM,SELL,2025.92,2027.66,2022.44,1.74,2.0,TP,180,2.13,-0.35,2022.72,2027.19,2027.36,0.17,72,-0.31,0.1,0.09,W1,"9PM SELL: fitim: preku TP | qiri 9PM (Asia), trend i dobet (<0.5% nga mesatarja), SL i vogel (<10% e ATR ditore)"
406,2024-02-26 14:30,2024-02-26 07:30,e hene,5AM,BUY,2033.07,2030.4,2038.41,2.67,-1.0,SL,90,0.52,-2.01,2031.87,2037.01,2030.7,1.17,23,0.18,0.15,0.02,L3,"5AM BUY: levizje e vogel ne favor (+0.3R deri +1R), pastaj SL; SL pas 90 min | trend i dobet (<0.5% nga mesatarja)"
407,2024-02-27 04:30,2024-02-26 21:30,e hene,9PM,SELL,2032.93,2034.16,2030.47,1.23,-1.0,SL,0,0.08,-1.34,2030.58,2033.77,2033.86,0.09,74,-0.04,0.07,0.05,L1,"9PM SELL: kthim i menjehershem: cmimi shkoi kunder menjehere (sweep-i vazhdoi), SL brenda 1 ore; SL pas 0 min | qiri 9PM (Asia), trend i dobet (<0.5% nga mesatarja), SL i vogel (<10% e ATR ditore)"
408,2024-02-27 09:00,2024-02-27 02:00,e marte,1AM,SELL,2033.49,2035.23,2030.01,1.74,-1.0,SL,15,0.07,-1.37,2030.58,2034.57,2034.93,0.36,73,-0.04,0.1,0.08,L1,"1AM SELL: kthim i menjehershem: cmimi shkoi kunder menjehere (sweep-i vazhdoi), SL brenda 1 ore; SL pas 15 min | trend i dobet (<0.5% nga mesatarja), SL i vogel (<10% e ATR ditore)"
409,2024-02-28 16:30,2024-02-28 09:30,e merkure,9AM,SELL,2033.95,2038.23,2025.39,4.28,-0.08,time,510,0.82,-0.38,2024.45,2036.08,2037.93,1.85,82,-0.07,0.24,0.02,L5,"9AM SELL: mbyllje me kohe ne humbje (8 ore ose e premte); -0.08R pas 8.5 oresh | ora e lajmeve 8-10 NY, trend i dobet (<0.5% nga mesatarja)"
410,2024-03-01 01:00,2024-02-29 18:00,e enjte,1PM,BUY,2043.89,2042.53,2046.61,1.36,2.0,TP,285,2.14,-0.81,2043.28,2050.67,2042.83,0.45,8,0.11,0.08,0.11,W1,"1PM BUY: fitim: preku TP | trend i dobet (<0.5% nga mesatarja), SL i vogel (<10% e ATR ditore)"
411,2024-03-01 11:15,2024-03-01 04:15,e premte,1AM,BUY,2043.6,2038.72,2053.36,4.88,2.0,TP,75,2.19,-0.14,2042.79,2046.8,2039.02,3.77,20,0.57,0.28,0.02,W1,"1AM BUY: fitim: preku TP | e premte, sweep i thelle (>50% e range-it)"
412,2024-03-06 01:30,2024-03-05 18:30,e marte,5PM,BUY,2128.24,2126.64,2131.44,1.6,-1.0,SL,30,0.09,-1.17,2127.04,2134.73,2126.94,0.1,16,4.49,0.08,0.14,L1,"5PM BUY: kthim i menjehershem: cmimi shkoi kunder menjehere (sweep-i vazhdoi), SL brenda 1 ore; SL pas 30 min | qiri 5PM (pas mbylljes ditore), SL i vogel (<10% e ATR ditore)"
413,2024-03-06 05:00,2024-03-05 22:00,e marte,9PM,BUY,2126.37,2123.55,2132.01,2.82,-0.28,time,480,1.82,-0.97,2125.09,2128.39,2123.85,1.24,39,4.49,0.13,0.02,L5,9PM BUY: mbyllje me kohe ne humbje (8 ore ose e premte); -0.28R pas 8.0 oresh | qiri 9PM (Asia)
414,2024-03-07 17:15,2024-03-07 10:15,e enjte,9AM,BUY,2157.19,2147.64,2176.29,9.55,0.22,time,480,0.38,-0.83,2153.28,2164.66,2147.94,5.34,34,5.39,0.43,0.02,W2,9AM BUY: mbyllje me kohe ne fitim; +0.22R pas 8.0 oresh | SL i madh (>30% e ATR ditore)
415,2024-03-08 05:45,2024-03-07 22:45,e enjte,9PM,BUY,2157.79,2153.69,2165.99,4.1,2.0,TP,270,2.04,-0.35,2157.67,2163.5,2153.99,3.68,2,5.87,0.19,0.1,W1,"9PM BUY: fitim: preku TP | qiri 9PM (Asia), sweep i thelle (>50% e range-it)"
416,2024-03-11 06:15,2024-03-10 23:15,e diel,9PM,BUY,2178.39,2176.5,2182.17,1.89,2.0,TP,270,2.3,-0.82,2177.17,2188.98,2176.8,0.37,10,6.67,0.08,0.02,W1,"9PM BUY: fitim: preku TP | qiri 9PM (Asia), SL i vogel (<10% e ATR ditore)"
417,2024-03-12 11:00,2024-03-12 04:00,e marte,1AM,BUY,2176.96,2173.32,2184.24,3.64,-1.0,SL,195,0.57,-1.76,2176.73,2184.71,2173.62,3.11,3,6.74,0.15,0.02,L3,"1AM BUY: levizje e vogel ne favor (+0.3R deri +1R), pastaj SL; SL pas 195 min"
418,2024-03-12 19:00,2024-03-12 12:00,e marte,9AM,BUY,2162.98,2152.28,2184.38,10.7,-1.0,SL,180,0.33,-1.16,2160.51,2182.01,2152.58,7.93,11,6.74,0.44,0.02,L3,"9AM BUY: levizje e vogel ne favor (+0.3R deri +1R), pastaj SL; SL pas 180 min | SL i madh (>30% e ATR ditore)"
419,2024-03-12 22:30,2024-03-12 15:30,e marte,1PM,BUY,2155.25,2150.27,2165.21,4.98,1.01,time,480,1.26,-0.12,2152.58,2169.88,2150.57,2.01,15,6.74,0.21,0.1,W2,1PM BUY: mbyllje me kohe ne fitim; +1.01R pas 8.0 oresh
420,2024-03-13 12:30,2024-03-13 05:30,e merkure,5AM,BUY,2159.38,2157.18,2163.78,2.2,2.0,TP,90,2.12,-0.75,2157.85,2161.49,2157.48,0.37,42,5.44,0.09,0.03,W1,"5AM BUY: fitim: preku TP | SL i vogel (<10% e ATR ditore), hyrje afer mesit te range-it"
421,2024-03-14 05:15,2024-03-13 22:15,e merkure,9PM,BUY,2174.9,2172.89,2178.92,2.01,-1.0,SL,30,0.13,-1.17,2173.92,2176.54,2173.19,0.73,37,6.09,0.08,0.1,L1,"9PM BUY: kthim i menjehershem: cmimi shkoi kunder menjehere (sweep-i vazhdoi), SL brenda 1 ore; SL pas 30 min | qiri 9PM (Asia), SL i vogel (<10% e ATR ditore)"
422,2024-03-14 15:45,2024-03-14 08:45,e enjte,5AM,BUY,2169.31,2161.46,2185.01,7.85,-1.0,SL,0,0.04,-1.13,2167.38,2171.91,2161.76,5.62,43,6.09,0.3,0.02,L1,"5AM BUY: kthim i menjehershem: cmimi shkoi kunder menjehere (sweep-i vazhdoi), SL brenda 1 ore; SL pas 0 min | ora e lajmeve 8-10 NY, sweep i thelle (>50% e range-it), hyrje afer mesit te range-it"
423,2024-03-15 17:00,2024-03-15 10:00,e premte,9AM,BUY,2160.12,2156.2,2167.96,3.92,-1.0,SL,210,1.66,-1.12,2157.53,2172.65,2156.5,1.03,17,5.37,0.15,0.02,L4,"9AM BUY: fitim i humbur: arriti te pakten +1R, pastaj u kthye ne SL (maksimumi +1.7R); SL pas 210 min | e premte"
424,2024-03-18 10:15,2024-03-18 03:15,e hene,1AM,BUY,2148.92,2145.76,2155.24,3.16,2.0,TP,105,2.05,-0.11,2146.09,2157.5,2146.06,0.03,25,4.97,0.12,0.06,W1,1AM BUY: fitim: preku TP
425,2024-03-19 17:30,2024-03-19 10:30,e marte,9AM,BUY,2152.82,2148.04,2162.38,4.78,1.18,time,480,1.41,-0.45,2150.77,2158.63,2148.34,2.43,26,5.03,0.18,0.02,W2,9AM BUY: mbyllje me kohe ne fitim; +1.18R pas 8.0 oresh
426,2024-03-20 12:45,2024-03-20 05:45,e merkure,5AM,BUY,2155.58,2154.09,2158.56,1.49,-1.0,SL,0,0.11,-1.69,2154.46,2159.44,2154.39,0.07,22,4.77,0.05,0.02,L1,"5AM BUY: kthim i menjehershem: cmimi shkoi kunder menjehere (sweep-i vazhdoi), SL brenda 1 ore; SL pas 0 min | SL i vogel (<10% e ATR ditore)"
427,2024-03-25 10:45,2024-03-25 03:45,e hene,1AM,BUY,2167.45,2163.3,2175.75,4.15,2.0,TP,270,2.06,-0.88,2163.94,2178.25,2163.6,0.34,25,4.72,0.15,0.02,W1,1AM BUY: fitim: preku TP
428,2024-03-26 07:30,2024-03-26 00:30,e marte,9PM,BUY,2171.51,2167.28,2179.97,4.23,2.0,TP,270,2.91,-0.46,2171.2,2174.46,2167.58,3.62,10,4.88,0.16,0.07,W1,"9PM BUY: fitim: preku TP | qiri 9PM (Asia), sweep i thelle (>50% e range-it)"
429,2024-04-02 05:45,2024-04-01 22:45,e hene,9PM,BUY,2251.0,2246.38,2260.24,4.62,2.0,TP,315,2.52,-0.16,2247.78,2255.8,2246.68,1.1,40,7.95,0.15,0.02,W1,"9PM BUY: fitim: preku TP | qiri 9PM (Asia), hyrje afer mesit te range-it"
430,2024-04-02 19:00,2024-04-02 12:00,e marte,9AM,BUY,2258.66,2250.52,2274.94,8.14,2.0,TP,195,2.01,-0.56,2253.33,2266.84,2250.82,2.51,39,7.95,0.27,0.02,W1,9AM BUY: fitim: preku TP
431,2024-04-03 04:45,2024-04-02 21:45,e marte,9PM,BUY,2282.22,2276.44,2293.78,5.78,-1.0,SL,315,0.99,-1.14,2277.83,2288.25,2276.74,1.09,42,9.06,0.19,0.02,L3,"9PM BUY: levizje e vogel ne favor (+0.3R deri +1R), pastaj SL; SL pas 315 min | qiri 9PM (Asia), hyrje afer mesit te range-it"
432,2024-04-03 16:00,2024-04-03 09:00,e merkure,5AM,BUY,2274.9,2265.18,2294.34,9.72,2.0,TP,210,2.08,-0.34,2267.66,2285.98,2265.48,2.18,40,9.06,0.33,0.02,W1,"5AM BUY: fitim: preku TP | ora e lajmeve 8-10 NY, SL i madh (>30% e ATR ditore)"
433,2024-04-04 12:30,2024-04-04 05:30,e enjte,5AM,BUY,2293.34,2290.48,2299.06,2.86,-1.0,SL,135,0.64,-1.58,2291.05,2300.67,2290.78,0.27,24,9.75,0.09,0.02,L3,"5AM BUY: levizje e vogel ne favor (+0.3R deri +1R), pastaj SL; SL pas 135 min | SL i vogel (<10% e ATR ditore)"
434,2024-04-04 23:15,2024-04-04 16:15,e enjte,1PM,BUY,2287.77,2279.68,2303.95,8.09,-1.0,SL,285,0.68,-1.26,2284.82,2299.37,2279.98,4.84,20,9.75,0.26,0.02,L3,"1PM BUY: levizje e vogel ne favor (+0.3R deri +1R), pastaj SL; SL pas 285 min"
435,2024-04-08 04:30,2024-04-07 21:30,e diel,9PM,BUY,2313.49,2302.58,2335.31,10.91,2.0,TP,60,3.71,-0.0,2303.83,2328.34,2302.88,0.95,39,10.51,0.32,0.02,W1,"9PM BUY: fitim: preku TP | qiri 9PM (Asia), SL i madh (>30% e ATR ditore)"
436,2024-04-08 18:00,2024-04-08 11:00,e hene,9AM,BUY,2328.86,2318.36,2349.86,10.5,0.93,time,480,1.25,-0.31,2322.64,2343.51,2318.66,3.98,30,10.51,0.31,0.02,W2,9AM BUY: mbyllje me kohe ne fitim; +0.93R pas 8.0 oresh | SL i madh (>30% e ATR ditore)
437,2024-04-10 05:45,2024-04-09 22:45,e marte,9PM,BUY,2352.53,2344.38,2368.83,8.15,-0.55,time,480,0.93,-0.93,2350.41,2355.54,2344.68,5.73,41,10.92,0.22,0.02,L5,"9PM BUY: mbyllje me kohe ne humbje (8 ore ose e premte); -0.55R pas 8.0 oresh | qiri 9PM (Asia), sweep i thelle (>50% e range-it), hyrje afer mesit te range-it"
438,2024-04-10 17:00,2024-04-10 10:00,e merkure,9AM,BUY,2333.95,2319.07,2363.71,14.88,-0.07,time,480,1.24,-0.54,2327.82,2354.77,2319.37,8.45,23,10.92,0.4,0.02,L5,9AM BUY: mbyllje me kohe ne humbje (8 ore ose e premte); -0.07R pas 8.0 oresh | SL i madh (>30% e ATR ditore)
439,2024-04-15 12:00,2024-04-15 05:00,e hene,1AM,BUY,2351.61,2344.4,2366.03,7.21,-1.0,SL,270,1.33,-1.17,2346.77,2372.47,2344.7,2.07,19,9.58,0.17,0.02,L4,"1AM BUY: fitim i humbur: arriti te pakten +1R, pastaj u kthye ne SL (maksimumi +1.3R); SL pas 270 min"
440,2024-04-15 18:00,2024-04-15 11:00,e hene,9AM,BUY,2349.43,2324.05,2400.19,25.38,1.38,time,480,1.68,-0.27,2346.26,2361.2,2324.35,21.91,21,9.58,0.6,0.02,W2,"9AM BUY: mbyllje me kohe ne fitim; +1.38R pas 8.0 oresh | SL i madh (>30% e ATR ditore), sweep i thelle (>50% e range-it)"
441,2024-04-16 06:00,2024-04-15 23:00,e hene,9PM,BUY,2386.0,2378.97,2400.06,7.03,-1.0,SL,210,0.47,-2.46,2380.1,2392.08,2379.27,0.83,49,11.04,0.16,0.02,L3,"9PM BUY: levizje e vogel ne favor (+0.3R deri +1R), pastaj SL; SL pas 210 min | qiri 9PM (Asia), hyrje afer mesit te range-it"
442,2024-04-17 10:00,2024-04-17 03:00,e merkure,1AM,BUY,2381.03,2372.36,2398.37,8.67,1.09,time,480,1.68,-0.36,2380.25,2386.88,2372.66,7.59,12,10.64,0.19,0.02,W2,1AM BUY: mbyllje me kohe ne fitim; +1.09R pas 8.0 oresh | sweep i thelle (>50% e range-it)
443,2024-04-18 18:00,2024-04-18 11:00,e enjte,9AM,BUY,2379.94,2369.29,2401.24,10.65,-0.08,time,480,0.88,-0.3,2377.22,2387.47,2369.59,7.63,27,9.28,0.23,0.02,L5,9AM BUY: mbyllje me kohe ne humbje (8 ore ose e premte); -0.08R pas 8.0 oresh | sweep i thelle (>50% e range-it)
444,2024-04-19 04:00,2024-04-18 21:00,e enjte,5PM,BUY,2379.5,2373.41,2391.68,6.09,2.0,TP,0,2.16,-0.13,2376.76,2389.31,2373.71,3.05,22,9.81,0.13,0.02,W1,5PM BUY: fitim: preku TP | qiri 5PM (pas mbylljes ditore)
445,2024-04-19 15:45,2024-04-19 08:45,e premte,5AM,BUY,2382.67,2372.53,2402.95,10.14,0.53,time,435,1.9,-0.96,2378.01,2393.9,2372.83,5.18,29,9.81,0.22,0.02,W2,"5AM BUY: mbyllje me kohe ne fitim; +0.53R pas 7.2 oresh | ora e lajmeve 8-10 NY, e premte"
446,2024-04-22 17:30,2024-04-22 10:30,e hene,9AM,BUY,2340.41,2330.87,2359.49,9.54,-1.0,SL,105,0.35,-1.11,2333.04,2363.62,2331.17,1.87,24,10.01,0.21,0.02,L3,"9AM BUY: levizje e vogel ne favor (+0.3R deri +1R), pastaj SL; SL pas 105 min"
447,2024-04-22 22:15,2024-04-22 15:15,e hene,1PM,BUY,2330.81,2324.43,2343.57,6.38,-1.0,SL,375,0.56,-4.0,2328.95,2343.78,2324.73,4.22,13,10.01,0.14,0.02,L3,"1PM BUY: levizje e vogel ne favor (+0.3R deri +1R), pastaj SL; SL pas 375 min"
448,2024-04-23 12:45,2024-04-23 05:45,e marte,5AM,BUY,2298.88,2291.17,2314.3,7.71,2.0,TP,210,2.33,-0.65,2298.82,2314.66,2291.47,7.35,0,6.74,0.16,0.02,W1,5AM BUY: fitim: preku TP
449,2024-04-24 06:00,2024-04-23 23:00,e marte,9PM,BUY,2321.59,2315.49,2333.79,6.1,-1.0,SL,375,1.59,-1.53,2320.73,2324.25,2315.79,4.94,24,6.23,0.13,0.02,L4,"9PM BUY: fitim i humbur: arriti te pakten +1R, pastaj u kthye ne SL (maksimumi +1.6R); SL pas 375 min | qiri 9PM (Asia), sweep i thelle (>50% e range-it)"
450,2024-04-24 13:15,2024-04-24 06:15,e merkure,5AM,BUY,2317.42,2311.45,2329.36,5.97,2.0,TP,270,2.17,-0.89,2316.09,2331.27,2311.75,4.34,9,6.23,0.12,0.02,W1,5AM BUY: fitim: preku TP
451,2024-04-25 16:45,2024-04-25 09:45,e enjte,9AM,BUY,2324.35,2312.5,2348.05,11.85,0.64,time,495,1.73,-0.66,2323.22,2334.71,2312.8,10.42,10,5.64,0.24,0.02,W2,"9AM BUY: mbyllje me kohe ne fitim; +0.64R pas 8.2 oresh | ora e lajmeve 8-10 NY, sweep i thelle (>50% e range-it)"
452,2024-04-29 05:00,2024-04-28 22:00,e diel,9PM,BUY,2331.03,2319.62,2353.85,11.41,1.07,time,480,1.17,-0.66,2330.63,2337.17,2319.92,10.71,6,5.99,0.25,0.02,W2,"9PM BUY: mbyllje me kohe ne fitim; +1.07R pas 8.0 oresh | qiri 9PM (Asia), sweep i thelle (>50% e range-it)"
453,2024-04-30 03:45,2024-04-29 20:45,e hene,5PM,BUY,2334.46,2331.4,2340.58,3.06,-1.0,SL,75,0.55,-1.59,2332.98,2346.59,2331.7,1.28,11,5.58,0.07,0.02,L3,"5PM BUY: levizje e vogel ne favor (+0.3R deri +1R), pastaj SL; SL pas 75 min | qiri 5PM (pas mbylljes ditore), SL i vogel (<10% e ATR ditore)"
454,2024-04-30 16:45,2024-04-30 09:45,e marte,9AM,BUY,2309.98,2302.52,2324.9,7.46,-1.0,SL,15,0.44,-1.52,2304.59,2317.89,2302.82,1.77,41,5.58,0.17,0.02,L3,"9AM BUY: levizje e vogel ne favor (+0.3R deri +1R), pastaj SL; SL pas 15 min | ora e lajmeve 8-10 NY, hyrje afer mesit te range-it"
455,2024-04-30 22:45,2024-04-30 15:45,e marte,1PM,BUY,2293.88,2289.32,2303.0,4.56,-1.0,SL,0,0.21,-1.01,2293.18,2313.28,2289.62,3.56,3,5.58,0.1,0.02,L1,"1PM BUY: kthim i menjehershem: cmimi shkoi kunder menjehere (sweep-i vazhdoi), SL brenda 1 ore; SL pas 0 min"
456,2024-05-02 07:15,2024-05-02 00:15,e enjte,9PM,BUY,2320.46,2316.97,2327.44,3.49,-1.0,SL,45,0.04,-1.56,2318.05,2325.92,2317.27,0.78,31,4.31,0.08,0.02,L1,"9PM BUY: kthim i menjehershem: cmimi shkoi kunder menjehere (sweep-i vazhdoi), SL brenda 1 ore; SL pas 45 min | qiri 9PM (Asia), SL i vogel (<10% e ATR ditore)"
457,2024-05-02 17:30,2024-05-02 10:30,e enjte,9AM,BUY,2296.31,2285.14,2318.65,11.17,0.74,time,480,1.17,-0.08,2293.49,2305.35,2285.44,8.05,24,4.31,0.25,0.02,W2,9AM BUY: mbyllje me kohe ne fitim; +0.74R pas 8.0 oresh | sweep i thelle (>50% e range-it)
458,2024-05-03 06:45,2024-05-02 23:45,e enjte,9PM,BUY,2301.8,2299.57,2306.26,2.23,2.0,TP,45,2.13,-0.26,2300.29,2305.72,2299.87,0.42,28,3.36,0.05,0.02,W1,"9PM BUY: fitim: preku TP | qiri 9PM (Asia), SL i vogel (<10% e ATR ditore)"
459,2024-05-03 10:45,2024-05-03 03:45,e premte,1AM,BUY,2300.76,2297.42,2307.44,3.34,-1.0,SL,195,0.7,-1.34,2299.87,2307.98,2297.72,2.15,11,3.36,0.08,0.02,L3,"1AM BUY: levizje e vogel ne favor (+0.3R deri +1R), pastaj SL; SL pas 195 min | e premte, SL i vogel (<10% e ATR ditore)"
460,2024-05-03 15:45,2024-05-03 08:45,e premte,5AM,BUY,2302.98,2294.31,2320.32,8.67,-1.0,SL,45,0.68,-2.98,2297.72,2308.77,2294.61,3.11,48,3.36,0.21,0.02,L3,"5AM BUY: levizje e vogel ne favor (+0.3R deri +1R), pastaj SL; SL pas 45 min | ora e lajmeve 8-10 NY, e premte, hyrje afer mesit te range-it"
461,2024-05-07 07:00,2024-05-07 00:00,e marte,9PM,BUY,2324.88,2319.31,2336.02,5.57,-1.0,SL,120,0.03,-1.1,2322.2,2329.48,2319.61,2.59,37,3.74,0.14,0.02,L2,"9PM BUY: pa drejtim: trade-i nuk shkoi kurre ne favor, SL pas me shume se 1 ore; SL pas 120 min | qiri 9PM (Asia)"
462,2024-05-07 09:45,2024-05-07 02:45,e marte,1AM,BUY,2320.86,2318.01,2326.56,2.85,-1.0,SL,30,0.09,-1.1,2319.61,2329.94,2318.31,1.3,12,3.74,0.07,0.03,L1,"1AM BUY: kthim i menjehershem: cmimi shkoi kunder menjehere (sweep-i vazhdoi), SL brenda 1 ore; SL pas 30 min | SL i vogel (<10% e ATR ditore)"
463,2024-05-07 15:30,2024-05-07 08:30,e marte,5AM,BUY,2313.49,2309.66,2321.15,3.83,2.0,TP,30,2.13,-0.28,2311.7,2323.24,2309.96,1.74,16,3.74,0.1,0.02,W1,"5AM BUY: fitim: preku TP | ora e lajmeve 8-10 NY, SL i vogel (<10% e ATR ditore)"
464,2024-05-07 20:30,2024-05-07 13:30,e marte,1PM,BUY,2315.81,2310.72,2325.99,5.09,-0.51,time,480,0.31,-0.84,2312.35,2323.73,2311.02,1.33,30,3.74,0.13,0.02,L5,1PM BUY: mbyllje me kohe ne humbje (8 ore ose e premte); -0.51R pas 8.0 oresh
465,2024-05-08 11:45,2024-05-08 04:45,e merkure,1AM,BUY,2307.12,2303.29,2314.78,3.83,2.0,TP,90,2.37,-0.1,2307.04,2319.27,2303.59,3.45,1,3.03,0.1,0.02,W1,1AM BUY: fitim: preku TP | SL i vogel (<10% e ATR ditore)
466,2024-05-09 13:30,2024-05-09 06:30,e enjte,5AM,BUY,2309.92,2306.41,2316.94,3.51,2.0,TP,90,2.19,-0.12,2307.51,2319.73,2306.71,0.8,20,2.52,0.09,0.02,W1,5AM BUY: fitim: preku TP | SL i vogel (<10% e ATR ditore)
467,2024-05-10 16:30,2024-05-10 09:30,e premte,9AM,BUY,2368.73,2359.83,2386.53,8.9,-1.0,SL,75,0.48,-1.23,2361.74,2378.39,2360.13,1.61,42,3.92,0.24,0.02,L3,"9AM BUY: levizje e vogel ne favor (+0.3R deri +1R), pastaj SL; SL pas 75 min | ora e lajmeve 8-10 NY, e premte, hyrje afer mesit te range-it"
468,2024-05-13 13:15,2024-05-13 06:15,e hene,5AM,BUY,2341.79,2338.78,2347.81,3.01,-1.0,SL,45,0.77,-1.13,2341.59,2355.06,2339.08,2.51,1,4.27,0.09,0.02,L3,"5AM BUY: levizje e vogel ne favor (+0.3R deri +1R), pastaj SL; SL pas 45 min | SL i vogel (<10% e ATR ditore)"
469,2024-05-15 17:30,2024-05-15 10:30,e merkure,9AM,BUY,2366.58,2351.48,2396.78,15.1,1.48,time,480,1.57,-0.01,2358.72,2378.89,2351.78,6.94,39,3.7,0.44,0.02,W2,9AM BUY: mbyllje me kohe ne fitim; +1.48R pas 8.0 oresh | SL i madh (>30% e ATR ditore)
470,2024-05-16 10:30,2024-05-16 03:30,e enjte,1AM,BUY,2389.43,2384.48,2399.33,4.95,-1.0,SL,105,0.4,-1.17,2385.72,2397.44,2384.78,0.94,32,4.69,0.14,0.02,L3,"1AM BUY: levizje e vogel ne favor (+0.3R deri +1R), pastaj SL; SL pas 105 min"
471,2024-05-16 14:00,2024-05-16 07:00,e enjte,5AM,BUY,2384.87,2380.55,2393.51,4.32,-1.0,SL,90,0.4,-1.25,2384.78,2394.49,2380.85,3.93,1,4.69,0.13,0.02,L3,"5AM BUY: levizje e vogel ne favor (+0.3R deri +1R), pastaj SL; SL pas 90 min"
472,2024-05-16 18:30,2024-05-16 11:30,e enjte,9AM,BUY,2380.28,2370.62,2399.6,9.66,-0.18,time,480,0.36,-0.46,2377.95,2387.75,2370.92,7.03,24,4.69,0.28,0.02,L5,9AM BUY: mbyllje me kohe ne humbje (8 ore ose e premte); -0.18R pas 8.0 oresh | sweep i thelle (>50% e range-it)
473,2024-05-17 05:00,2024-05-16 22:00,e enjte,9PM,BUY,2378.33,2375.87,2383.25,2.46,-1.0,SL,45,1.18,-1.81,2377.43,2379.68,2376.17,1.26,40,4.09,0.07,0.03,L4,"9PM BUY: fitim i humbur: arriti te pakten +1R, pastaj u kthye ne SL (maksimumi +1.2R); SL pas 45 min | qiri 9PM (Asia), SL i vogel (<10% e ATR ditore), sweep i thelle (>50% e range-it), hyrje afer mesit te range-it"
474,2024-05-21 22:00,2024-05-21 15:00,e marte,1PM,BUY,2420.44,2417.02,2427.28,3.42,-1.0,SL,465,1.79,-1.34,2417.94,2433.88,2417.32,0.62,16,5.76,0.1,0.02,L4,"1PM BUY: fitim i humbur: arriti te pakten +1R, pastaj u kthye ne SL (maksimumi +1.8R); SL pas 465 min | SL i vogel (<10% e ATR ditore)"
475,2024-05-22 09:00,2024-05-22 02:00,e merkure,1AM,BUY,2417.04,2411.23,2428.66,5.81,-1.0,SL,135,0.26,-1.1,2412.1,2426.57,2411.53,0.57,34,5.31,0.17,0.02,L2,"1AM BUY: pa drejtim: trade-i nuk shkoi kurre ne favor, SL pas me shume se 1 ore; SL pas 135 min"
476,2024-05-29 05:30,2024-05-28 22:30,e marte,9PM,BUY,2359.74,2355.32,2368.58,4.42,-1.0,SL,15,0.25,-1.21,2357.32,2362.27,2355.62,1.7,49,1.89,0.12,0.02,L1,"9PM BUY: kthim i menjehershem: cmimi shkoi kunder menjehere (sweep-i vazhdoi), SL brenda 1 ore; SL pas 15 min | qiri 9PM (Asia), hyrje afer mesit te range-it"
477,2024-05-29 10:00,2024-05-29 03:00,e merkure,1AM,BUY,2355.77,2350.77,2365.77,5.0,-1.0,SL,45,0.09,-1.14,2354.4,2362.27,2351.07,3.33,17,1.89,0.14,0.02,L1,"1AM BUY: kthim i menjehershem: cmimi shkoi kunder menjehere (sweep-i vazhdoi), SL brenda 1 ore; SL pas 45 min"
478,2024-05-29 13:00,2024-05-29 06:00,e merkure,5AM,BUY,2345.83,2340.6,2356.29,5.23,-1.0,SL,105,0.28,-1.37,2344.88,2361.29,2340.9,3.98,6,1.89,0.15,0.02,L2,"5AM BUY: pa drejtim: trade-i nuk shkoi kurre ne favor, SL pas me shume se 1 ore; SL pas 105 min"
479,2024-05-30 05:15,2024-05-29 22:15,e merkure,9PM,BUY,2336.13,2332.59,2343.21,3.54,-1.0,SL,15,0.03,-2.29,2334.0,2339.18,2332.89,1.11,41,0.75,0.1,0.02,L1,"9PM BUY: kthim i menjehershem: cmimi shkoi kunder menjehere (sweep-i vazhdoi), SL brenda 1 ore; SL pas 15 min | qiri 9PM (Asia), hyrje afer mesit te range-it"
480,2024-05-30 09:30,2024-05-30 02:30,e enjte,1AM,BUY,2328.23,2322.32,2340.05,5.91,2.0,TP,255,2.14,-0.0,2328.04,2339.87,2322.62,5.42,2,0.75,0.17,0.02,W1,1AM BUY: fitim: preku TP
481,2024-05-31 07:00,2024-05-31 00:00,e premte,9PM,BUY,2343.7,2336.68,2357.74,7.02,0.02,time,480,0.48,-0.58,2342.07,2347.53,2336.98,5.09,30,0.82,0.21,0.02,W2,"9PM BUY: mbyllje me kohe ne fitim; +0.02R pas 8.0 oresh | qiri 9PM (Asia), e premte, sweep i thelle (>50% e range-it)"
482,2024-06-03 10:00,2024-06-03 03:00,e hene,1AM,BUY,2322.4,2314.43,2338.34,7.97,2.0,TP,420,2.52,-0.02,2320.06,2331.02,2314.73,5.33,21,0.03,0.23,0.02,W1,1AM BUY: fitim: preku TP | trend i dobet (<0.5% nga mesatarja)
483,2024-06-04 15:30,2024-06-04 08:30,e marte,5AM,BUY,2333.09,2325.05,2349.17,8.04,-1.0,SL,75,0.6,-1.35,2332.29,2351.74,2325.35,6.94,4,0.86,0.22,0.02,L3,"5AM BUY: levizje e vogel ne favor (+0.3R deri +1R), pastaj SL; SL pas 75 min | ora e lajmeve 8-10 NY"
484,2024-06-04 18:15,2024-06-04 11:15,e marte,9AM,BUY,2326.85,2316.06,2348.43,10.79,0.12,time,480,0.32,-0.4,2325.35,2335.96,2316.36,8.99,14,0.86,0.3,0.02,W2,"9AM BUY: mbyllje me kohe ne fitim; +0.12R pas 8.0 oresh | SL i madh (>30% e ATR ditore), sweep i thelle (>50% e range-it)"
485,2024-06-05 09:00,2024-06-05 02:00,e merkure,1AM,SELL,2337.4,2341.93,2328.34,4.53,2.0,TP,15,2.06,-0.24,2325.87,2338.17,2341.63,3.46,94,-0.3,0.13,0.02,W1,1AM SELL: fitim: preku TP | trend i dobet (<0.5% nga mesatarja)
486,2024-06-06 13:00,2024-06-06 06:00,e enjte,5AM,BUY,2361.56,2358.24,2368.2,3.32,-1.0,SL,120,0.13,-1.43,2359.81,2371.37,2358.54,1.27,15,0.76,0.09,0.02,L2,"5AM BUY: pa drejtim: trade-i nuk shkoi kurre ne favor, SL pas me shume se 1 ore; SL pas 120 min | SL i vogel (<10% e ATR ditore)"
487,2024-06-07 06:00,2024-06-06 23:00,e enjte,9PM,BUY,2376.63,2369.09,2391.71,7.54,-1.0,SL,300,1.46,-3.41,2375.61,2379.22,2369.39,6.22,28,1.51,0.22,0.02,L4,"9PM BUY: fitim i humbur: arriti te pakten +1R, pastaj u kthye ne SL (maksimumi +1.5R); SL pas 300 min | qiri 9PM (Asia), sweep i thelle (>50% e range-it)"
488,2024-06-07 17:30,2024-06-07 10:30,e premte,9AM,BUY,2318.32,2304.73,2345.5,13.59,-1.0,SL,75,0.21,-1.02,2313.65,2347.99,2305.03,8.62,14,1.51,0.4,0.02,L2,"9AM BUY: pa drejtim: trade-i nuk shkoi kurre ne favor, SL pas me shume se 1 ore; SL pas 75 min | e premte, SL i madh (>30% e ATR ditore)"
489,2024-06-10 06:00,2024-06-09 23:00,e diel,9PM,SELL,2296.25,2301.66,2285.43,5.41,-0.42,time,480,1.57,-0.47,2289.64,2300.04,2301.36,1.32,64,-2.05,0.14,0.02,L5,9PM SELL: mbyllje me kohe ne humbje (8 ore ose e premte); -0.42R pas 8.0 oresh | qiri 9PM (Asia)
490,2024-06-11 14:15,2024-06-11 07:15,e marte,5AM,SELL,2306.15,2309.15,2300.15,3.0,-1.0,SL,45,0.16,-2.09,2297.71,2307.75,2308.85,1.1,84,-1.4,0.08,0.02,L1,"5AM SELL: kthim i menjehershem: cmimi shkoi kunder menjehere (sweep-i vazhdoi), SL brenda 1 ore; SL pas 45 min | SL i vogel (<10% e ATR ditore)"
491,2024-06-12 02:15,2024-06-11 19:15,e marte,5PM,SELL,2315.28,2317.9,2310.04,2.62,0.32,time,480,1.72,-0.95,2307.89,2316.97,2317.6,0.63,81,-1.17,0.07,0.02,W2,"5PM SELL: mbyllje me kohe ne fitim; +0.32R pas 8.0 oresh | qiri 5PM (pas mbylljes ditore), SL i vogel (<10% e ATR ditore)"
492,2024-06-12 16:45,2024-06-12 09:45,e merkure,9AM,SELL,2328.38,2341.91,2301.32,13.53,0.28,time,495,0.92,-0.84,2311.61,2337.62,2341.61,3.99,64,-1.17,0.37,0.14,W2,"9AM SELL: mbyllje me kohe ne fitim; +0.28R pas 8.2 oresh | ora e lajmeve 8-10 NY, SL i madh (>30% e ATR ditore)"
493,2024-06-13 14:00,2024-06-13 07:00,e enjte,5AM,SELL,2316.38,2320.25,2308.64,3.87,2.0,TP,30,2.6,-0.11,2308.94,2318.59,2319.95,1.36,77,-0.86,0.11,0.14,W1,5AM SELL: fitim: preku TP
494,2024-06-14 06:45,2024-06-13 23:45,e enjte,9PM,SELL,2305.09,2308.93,2297.41,3.84,-1.0,SL,105,0.38,-1.56,2301.52,2305.68,2308.63,2.95,86,-1.74,0.11,0.14,L3,"9PM SELL: levizje e vogel ne favor (+0.3R deri +1R), pastaj SL; SL pas 105 min | qiri 9PM (Asia), sweep i thelle (>50% e range-it)"
495,2024-06-17 16:45,2024-06-17 09:45,e hene,9AM,SELL,2319.73,2326.58,2306.03,6.85,-1.0,SL,30,0.18,-1.01,2316.8,2322.59,2326.28,3.69,51,-0.51,0.19,0.14,L1,"9AM SELL: kthim i menjehershem: cmimi shkoi kunder menjehere (sweep-i vazhdoi), SL brenda 1 ore; SL pas 30 min | ora e lajmeve 8-10 NY, sweep i thelle (>50% e range-it), hyrje afer mesit te range-it"
496,2024-06-18 02:15,2024-06-17 19:15,e hene,5PM,SELL,2319.54,2321.52,2315.58,1.98,-1.0,SL,45,0.11,-1.91,2313.3,2320.74,2321.22,0.48,84,-1.09,0.06,0.14,L1,"5PM SELL: kthim i menjehershem: cmimi shkoi kunder menjehere (sweep-i vazhdoi), SL brenda 1 ore; SL pas 45 min | qiri 5PM (pas mbylljes ditore), SL i vogel (<10% e ATR ditore)"
497,2024-06-18 06:15,2024-06-17 23:15,e hene,9PM,SELL,2323.7,2325.93,2319.24,2.23,2.0,TP,210,2.14,-0.61,2319.19,2325.54,2325.63,0.09,71,-1.09,0.06,0.14,W1,"9PM SELL: fitim: preku TP | qiri 9PM (Asia), SL i vogel (<10% e ATR ditore)"
498,2024-06-18 21:00,2024-06-18 14:00,e marte,1PM,SELL,2329.7,2333.41,2322.28,3.71,-0.16,time,480,0.83,-0.51,2313.73,2330.71,2333.11,2.4,94,-1.09,0.1,0.14,L5,1PM SELL: mbyllje me kohe ne humbje (8 ore ose e premte); -0.16R pas 8.0 oresh
499,2024-06-19 06:30,2024-06-18 23:30,e marte,9PM,SELL,2329.53,2332.05,2324.49,2.52,-1.0,SL,210,1.01,-1.31,2327.5,2330.3,2331.75,1.45,73,-0.63,0.07,0.14,L4,"9PM SELL: fitim i humbur: arriti te pakten +1R, pastaj u kthye ne SL (maksimumi +1.0R); SL pas 210 min | qiri 9PM (Asia), SL i vogel (<10% e ATR ditore), sweep i thelle (>50% e range-it)"
500,2024-06-20 09:00,2024-06-20 02:00,e enjte,1AM,SELL,2340.28,2345.16,2330.52,4.88,-1.0,SL,45,0.0,-1.13,2327.72,2340.92,2344.86,3.94,95,-0.65,0.14,0.14,L1,"1AM SELL: kthim i menjehershem: cmimi shkoi kunder menjehere (sweep-i vazhdoi), SL brenda 1 ore; SL pas 45 min"
501,2024-06-21 10:45,2024-06-21 03:45,e premte,1AM,BUY,2360.76,2354.83,2372.62,5.93,-1.0,SL,330,1.34,-1.16,2357.09,2364.81,2355.13,1.96,48,0.71,0.17,0.14,L4,"1AM BUY: fitim i humbur: arriti te pakten +1R, pastaj u kthye ne SL (maksimumi +1.3R); SL pas 330 min | e premte, hyrje afer mesit te range-it"
502,2024-06-24 05:15,2024-06-23 22:15,e diel,9PM,SELL,2320.53,2326.59,2308.41,6.06,-1.0,SL,60,0.08,-1.03,2317.7,2322.97,2326.29,3.32,54,-0.93,0.17,0.14,L1,"9PM SELL: kthim i menjehershem: cmimi shkoi kunder menjehere (sweep-i vazhdoi), SL brenda 1 ore; SL pas 60 min | qiri 9PM (Asia), sweep i thelle (>50% e range-it), hyrje afer mesit te range-it"
503,2024-06-24 09:15,2024-06-24 02:15,e hene,1AM,SELL,2323.53,2327.52,2315.55,3.99,-1.0,SL,60,0.49,-1.12,2317.7,2326.63,2327.22,0.59,65,-0.93,0.11,0.14,L3,"1AM SELL: levizje e vogel ne favor (+0.3R deri +1R), pastaj SL; SL pas 60 min"
504,2024-06-24 17:00,2024-06-24 10:00,e hene,9AM,SELL,2328.04,2334.17,2315.78,6.13,-1.0,SL,255,0.17,-1.0,2320.9,2330.94,2333.87,2.93,71,-0.93,0.18,0.14,L2,"9AM SELL: pa drejtim: trade-i nuk shkoi kurre ne favor, SL pas me shume se 1 ore; SL pas 255 min"
505,2024-06-24 22:15,2024-06-24 15:15,e hene,1PM,SELL,2332.45,2334.98,2327.39,2.53,2.0,TP,360,2.35,-0.87,2325.9,2333.87,2334.68,0.81,82,-0.93,0.07,0.14,W1,1PM SELL: fitim: preku TP | SL i vogel (<10% e ATR ditore)
506,2024-06-25 14:30,2024-06-25 07:30,e marte,5AM,SELL,2330.43,2337.37,2316.55,6.94,2.0,TP,240,2.1,-0.11,2322.98,2330.53,2337.07,6.54,99,-0.35,0.21,0.14,W1,"5AM SELL: fitim: preku TP | trend i dobet (<0.5% nga mesatarja), sweep i thelle (>50% e range-it)"
507,2024-06-26 02:30,2024-06-25 19:30,e marte,5PM,SELL,2319.13,2321.71,2313.97,2.58,-1.0,SL,30,0.1,-1.03,2316.82,2320.62,2321.41,0.79,61,-0.91,0.08,0.14,L1,"5PM SELL: kthim i menjehershem: cmimi shkoi kunder menjehere (sweep-i vazhdoi), SL brenda 1 ore; SL pas 30 min | qiri 5PM (pas mbylljes ditore), SL i vogel (<10% e ATR ditore)"
508,2024-06-27 19:30,2024-06-27 12:30,e enjte,9AM,SELL,2325.09,2331.19,2312.89,6.1,-0.03,time,480,0.41,-0.59,2307.32,2325.72,2330.89,5.17,97,-1.78,0.18,0.14,L5,9AM SELL: mbyllje me kohe ne humbje (8 ore ose e premte); -0.03R pas 8.0 oresh
509,2024-06-28 10:30,2024-06-28 03:30,e premte,1AM,SELL,2326.29,2328.6,2321.67,2.31,-1.0,SL,15,0.58,-1.15,2319.06,2328.25,2328.3,0.05,79,-0.47,0.08,0.14,L3,"1AM SELL: levizje e vogel ne favor (+0.3R deri +1R), pastaj SL; SL pas 15 min | e premte, trend i dobet (<0.5% nga mesatarja), SL i vogel (<10% e ATR ditore)"
510,2024-07-01 05:45,2024-06-30 22:45,e diel,9PM,SELL,2326.19,2328.87,2320.83,2.68,2.0,TP,165,2.82,-0.59,2322.16,2327.17,2328.57,1.4,80,-0.46,0.1,0.14,W1,"9PM SELL: fitim: preku TP | qiri 9PM (Asia), trend i dobet (<0.5% nga mesatarja), SL i vogel (<10% e ATR ditore)"
511,2024-07-01 12:45,2024-07-01 05:45,e hene,5AM,SELL,2326.43,2329.73,2319.83,3.3,-1.0,SL,15,0.02,-1.07,2318.49,2328.99,2329.43,0.44,76,-0.46,0.12,0.14,L1,"5AM SELL: kthim i menjehershem: cmimi shkoi kunder menjehere (sweep-i vazhdoi), SL brenda 1 ore; SL pas 15 min | trend i dobet (<0.5% nga mesatarja)"
512,2024-07-02 03:45,2024-07-01 20:45,e hene,5PM,SELL,2331.96,2334.18,2327.52,2.22,-1.0,SL,60,0.26,-1.07,2326.75,2332.37,2333.88,1.51,93,-0.25,0.08,0.14,L1,"5PM SELL: kthim i menjehershem: cmimi shkoi kunder menjehere (sweep-i vazhdoi), SL brenda 1 ore; SL pas 60 min | qiri 5PM (pas mbylljes ditore), trend i dobet (<0.5% nga mesatarja), SL i vogel (<10% e ATR ditore)"
513,2024-07-02 17:15,2024-07-02 10:15,e marte,9AM,SELL,2326.94,2337.09,2306.64,10.15,-0.37,time,480,0.57,-0.45,2319.1,2331.89,2336.79,4.9,61,-0.25,0.36,0.14,L5,"9AM SELL: mbyllje me kohe ne humbje (8 ore ose e premte); -0.37R pas 8.0 oresh | trend i dobet (<0.5% nga mesatarja), SL i madh (>30% e ATR ditore)"
514,2024-07-03 02:30,2024-07-02 19:30,e marte,5PM,SELL,2329.98,2331.74,2326.46,1.76,-1.0,SL,30,0.09,-1.09,2322.04,2331.32,2331.44,0.12,86,-0.36,0.07,0.14,L1,"5PM SELL: kthim i menjehershem: cmimi shkoi kunder menjehere (sweep-i vazhdoi), SL brenda 1 ore; SL pas 30 min | qiri 5PM (pas mbylljes ditore), trend i dobet (<0.5% nga mesatarja), SL i vogel (<10% e ATR ditore)"
515,2024-07-03 08:45,2024-07-03 01:45,e merkure,1AM,SELL,2333.48,2336.1,2328.24,2.62,-1.0,SL,30,0.52,-1.04,2326.89,2335.24,2335.8,0.56,79,-0.36,0.1,0.14,L3,"1AM SELL: levizje e vogel ne favor (+0.3R deri +1R), pastaj SL; SL pas 30 min | trend i dobet (<0.5% nga mesatarja), SL i vogel (<10% e ATR ditore)"
516,2024-07-03 14:15,2024-07-03 07:15,e merkure,5AM,SELL,2345.87,2349.79,2338.03,3.92,-1.0,SL,60,0.84,-1.0,2331.98,2347.52,2349.49,1.97,89,-0.36,0.15,0.14,L3,"5AM SELL: levizje e vogel ne favor (+0.3R deri +1R), pastaj SL; SL pas 60 min | trend i dobet (<0.5% nga mesatarja)"
517,2024-07-04 10:00,2024-07-04 03:00,e enjte,1AM,BUY,2356.49,2350.22,2369.03,6.27,0.38,time,480,0.85,-0.46,2356.14,2362.5,2350.52,5.62,6,0.74,0.23,0.14,W2,1AM BUY: mbyllje me kohe ne fitim; +0.38R pas 8.0 oresh | sweep i thelle (>50% e range-it)
518,2024-07-05 13:30,2024-07-05 06:30,e premte,5AM,BUY,2364.97,2361.55,2371.81,3.42,-1.0,SL,120,3.26,-3.96,2362.25,2368.05,2361.85,0.4,47,0.76,0.13,0.14,L4,"5AM BUY: fitim i humbur: arriti te pakten +1R, pastaj u kthye ne SL (maksimumi +3.3R); SL pas 120 min | e premte, hyrje afer mesit te range-it"
519,2024-07-08 08:00,2024-07-08 01:00,e hene,9PM,BUY,2385.07,2380.44,2394.33,4.63,-1.0,SL,90,0.36,-1.14,2384.55,2390.16,2380.74,3.81,9,2.21,0.17,0.14,L3,"9PM BUY: levizje e vogel ne favor (+0.3R deri +1R), pastaj SL; SL pas 90 min | qiri 9PM (Asia), sweep i thelle (>50% e range-it)"
520,2024-07-08 13:15,2024-07-08 06:15,e hene,5AM,BUY,2372.19,2368.0,2380.57,4.19,-1.0,SL,315,1.75,-1.94,2371.91,2386.75,2368.3,3.61,2,2.21,0.15,0.14,L4,"5AM BUY: fitim i humbur: arriti te pakten +1R, pastaj u kthye ne SL (maksimumi +1.7R); SL pas 315 min"
521,2024-07-09 11:15,2024-07-09 04:15,e marte,1AM,BUY,2360.73,2358.06,2366.07,2.67,-1.0,SL,195,1.82,-1.07,2358.52,2368.73,2358.36,0.16,22,0.79,0.09,0.14,L4,"1AM BUY: fitim i humbur: arriti te pakten +1R, pastaj u kthye ne SL (maksimumi +1.8R); SL pas 195 min | SL i vogel (<10% e ATR ditore)"
522,2024-07-09 15:15,2024-07-09 08:15,e marte,5AM,BUY,2360.97,2357.25,2368.41,3.72,-1.0,SL,0,0.0,-1.26,2358.25,2368.32,2357.55,0.7,27,0.79,0.13,0.14,L1,"5AM BUY: kthim i menjehershem: cmimi shkoi kunder menjehere (sweep-i vazhdoi), SL brenda 1 ore; SL pas 0 min | ora e lajmeve 8-10 NY"
523,2024-07-09 18:45,2024-07-09 11:45,e marte,9AM,BUY,2357.56,2349.17,2374.34,8.39,0.91,time,480,1.02,-0.12,2356.11,2365.59,2349.47,6.64,15,0.79,0.3,0.14,W2,9AM BUY: mbyllje me kohe ne fitim; +0.91R pas 8.0 oresh | sweep i thelle (>50% e range-it)
524,2024-07-12 12:00,2024-07-12 05:00,e premte,1AM,BUY,2407.6,2400.02,2422.76,7.58,-1.0,SL,75,0.09,-1.02,2406.64,2416.27,2400.32,6.32,10,2.99,0.27,0.14,L2,"1AM BUY: pa drejtim: trade-i nuk shkoi kurre ne favor, SL pas me shume se 1 ore; SL pas 75 min | e premte, sweep i thelle (>50% e range-it)"
525,2024-07-12 14:15,2024-07-12 07:15,e premte,5AM,BUY,2401.96,2398.0,2409.88,3.96,-1.0,SL,75,0.59,-2.66,2400.32,2410.06,2398.3,2.02,17,2.99,0.14,0.14,L3,"5AM BUY: levizje e vogel ne favor (+0.3R deri +1R), pastaj SL; SL pas 75 min | e premte"
526,2024-07-15 05:00,2024-07-14 22:00,e diel,9PM,BUY,2410.14,2404.61,2421.2,5.53,-1.0,SL,255,0.68,-1.13,2405.64,2415.12,2404.91,0.73,47,2.74,0.19,0.14,L3,"9PM BUY: levizje e vogel ne favor (+0.3R deri +1R), pastaj SL; SL pas 255 min | qiri 9PM (Asia), hyrje afer mesit te range-it"
527,2024-07-15 10:45,2024-07-15 03:45,e hene,1AM,BUY,2405.84,2401.02,2415.48,4.82,2.0,TP,180,2.06,-0.03,2404.91,2415.12,2401.32,3.59,9,2.74,0.17,0.14,W1,1AM BUY: fitim: preku TP
528,2024-07-17 09:45,2024-07-17 02:45,e merkure,1AM,BUY,2467.19,2461.51,2478.55,5.68,2.0,TP,90,2.06,-0.54,2464.0,2482.37,2461.81,2.19,17,4.93,0.18,0.14,W1,1AM BUY: fitim: preku TP
529,2024-07-17 21:30,2024-07-17 14:30,e merkure,1PM,BUY,2456.58,2451.23,2467.28,5.35,0.79,time,480,1.41,-0.08,2452.81,2483.67,2451.53,1.28,12,4.93,0.17,0.14,W2,1PM BUY: mbyllje me kohe ne fitim; +0.79R pas 8.0 oresh
530,2024-07-18 13:45,2024-07-18 06:45,e enjte,5AM,BUY,2464.91,2461.29,2472.15,3.62,-1.0,SL,135,1.08,-1.28,2464.65,2474.89,2461.59,3.06,3,4.4,0.12,0.14,L4,"5AM BUY: fitim i humbur: arriti te pakten +1R, pastaj u kthye ne SL (maksimumi +1.1R); SL pas 135 min"
531,2024-07-18 21:00,2024-07-18 14:00,e enjte,1PM,BUY,2456.43,2451.52,2466.25,4.91,-1.0,SL,30,0.01,-1.1,2455.85,2469.84,2451.82,4.03,4,4.4,0.16,0.14,L1,"1PM BUY: kthim i menjehershem: cmimi shkoi kunder menjehere (sweep-i vazhdoi), SL brenda 1 ore; SL pas 30 min"
532,2024-07-19 06:00,2024-07-18 23:00,e enjte,9PM,BUY,2428.51,2420.17,2445.19,8.34,-1.0,SL,180,0.12,-1.68,2426.22,2445.55,2420.47,5.75,12,3.72,0.26,0.14,L2,"9PM BUY: pa drejtim: trade-i nuk shkoi kurre ne favor, SL pas me shume se 1 ore; SL pas 180 min | qiri 9PM (Asia)"
533,2024-07-19 11:30,2024-07-19 04:30,e premte,1AM,BUY,2420.67,2412.6,2436.81,8.07,-1.0,SL,90,0.12,-1.24,2420.47,2445.55,2412.9,7.57,1,3.72,0.25,0.14,L2,"1AM BUY: pa drejtim: trade-i nuk shkoi kurre ne favor, SL pas me shume se 1 ore; SL pas 90 min | e premte"
534,2024-07-19 14:30,2024-07-19 07:30,e premte,5AM,BUY,2414.05,2410.16,2421.83,3.89,-1.0,SL,15,0.07,-1.43,2412.9,2426.11,2410.46,2.44,9,3.72,0.12,0.14,L1,"5AM BUY: kthim i menjehershem: cmimi shkoi kunder menjehere (sweep-i vazhdoi), SL brenda 1 ore; SL pas 15 min | e premte"
535,2024-07-19 16:45,2024-07-19 09:45,e premte,9AM,BUY,2403.84,2393.49,2424.54,10.35,-0.5,time,375,0.44,-0.79,2401.63,2421.11,2393.79,7.84,11,3.72,0.32,0.14,L5,"9AM BUY: mbyllje me kohe ne humbje (8 ore ose e premte); -0.50R pas 6.2 oresh | ora e lajmeve 8-10 NY, e premte, SL i madh (>30% e ATR ditore)"
536,2024-07-22 09:45,2024-07-22 02:45,e hene,1AM,BUY,2404.18,2398.71,2415.12,5.47,-1.0,SL,300,0.76,-1.13,2402.02,2412.13,2399.01,3.01,21,1.79,0.16,0.14,L3,"1AM BUY: levizje e vogel ne favor (+0.3R deri +1R), pastaj SL; SL pas 300 min"
537,2024-07-22 19:45,2024-07-22 12:45,e hene,9AM,BUY,2391.65,2383.5,2407.95,8.15,0.81,time,480,1.03,-0.05,2388.76,2408.36,2383.8,4.96,15,1.79,0.24,0.14,W2,9AM BUY: mbyllje me kohe ne fitim; +0.81R pas 8.0 oresh
538,2024-07-23 10:45,2024-07-23 03:45,e marte,1AM,BUY,2395.64,2387.97,2410.98,7.67,2.0,TP,210,2.13,-0.02,2394.76,2403.94,2388.27,6.49,10,1.56,0.22,0.14,W1,1AM BUY: fitim: preku TP | sweep i thelle (>50% e range-it)
539,2024-07-23 17:30,2024-07-23 10:30,e marte,9AM,BUY,2404.26,2399.26,2414.26,5.0,0.86,time,480,1.14,-0.44,2403.17,2411.98,2399.56,3.61,12,1.56,0.14,0.14,W2,9AM BUY: mbyllje me kohe ne fitim; +0.86R pas 8.0 oresh
540,2024-07-24 13:00,2024-07-24 06:00,e merkure,5AM,BUY,2413.55,2409.49,2421.67,4.06,2.0,TP,165,2.07,-0.73,2410.67,2419.16,2409.79,0.88,34,2.09,0.12,0.14,W1,5AM BUY: fitim: preku TP
541,2024-07-25 02:00,2024-07-24 19:00,e merkure,5PM,BUY,2397.97,2392.72,2408.47,5.25,-1.0,SL,135,0.61,-2.34,2396.56,2419.52,2393.02,3.54,6,1.54,0.15,0.14,L3,"5PM BUY: levizje e vogel ne favor (+0.3R deri +1R), pastaj SL; SL pas 135 min | qiri 5PM (pas mbylljes ditore)"
542,2024-07-25 10:30,2024-07-25 03:30,e enjte,1AM,BUY,2373.81,2365.55,2390.33,8.26,-1.0,SL,270,1.05,-1.34,2366.8,2401.17,2365.85,0.95,20,1.54,0.23,0.14,L4,"1AM BUY: fitim i humbur: arriti te pakten +1R, pastaj u kthye ne SL (maksimumi +1.1R); SL pas 270 min"
543,2024-07-25 22:45,2024-07-25 15:45,e enjte,1PM,BUY,2363.81,2352.8,2385.83,11.01,0.84,time,480,1.41,-0.73,2357.57,2376.34,2353.1,4.47,33,1.54,0.31,0.14,W2,1PM BUY: mbyllje me kohe ne fitim; +0.84R pas 8.0 oresh | SL i madh (>30% e ATR ditore)
544,2024-07-29 15:30,2024-07-29 08:30,e hene,5AM,BUY,2390.5,2385.11,2401.28,5.39,-1.0,SL,120,1.15,-1.87,2386.93,2396.19,2385.41,1.52,39,1.14,0.15,0.14,L4,"5AM BUY: fitim i humbur: arriti te pakten +1R, pastaj u kthye ne SL (maksimumi +1.2R); SL pas 120 min | ora e lajmeve 8-10 NY"
545,2024-07-30 05:45,2024-07-29 22:45,e hene,9PM,BUY,2381.5,2376.2,2392.1,5.3,1.36,time,480,1.98,-0.36,2380.25,2384.91,2376.5,3.75,27,1.04,0.14,0.16,W2,"9PM BUY: mbyllje me kohe ne fitim; +1.36R pas 8.0 oresh | qiri 9PM (Asia), sweep i thelle (>50% e range-it)"
546,2024-07-30 19:15,2024-07-30 12:15,e marte,9AM,BUY,2387.17,2383.11,2395.29,4.06,2.0,TP,30,3.23,-0.09,2385.64,2392.36,2383.41,2.23,23,1.04,0.11,0.14,W1,9AM BUY: fitim: preku TP
547,2024-08-01 07:30,2024-08-01 00:30,e enjte,9PM,BUY,2445.88,2436.98,2463.68,8.9,-1.0,SL,225,0.33,-1.08,2444.28,2449.41,2437.28,7.0,31,3.7,0.24,0.14,L3,"9PM BUY: levizje e vogel ne favor (+0.3R deri +1R), pastaj SL; SL pas 225 min | qiri 9PM (Asia), sweep i thelle (>50% e range-it)"
548,2024-08-01 13:15,2024-08-01 06:15,e enjte,5AM,BUY,2434.38,2429.91,2443.32,4.47,2.0,TP,105,2.1,-0.13,2433.2,2448.81,2430.21,2.99,8,3.7,0.12,0.14,W1,5AM BUY: fitim: preku TP
549,2024-08-01 22:30,2024-08-01 15:30,e enjte,1PM,BUY,2443.36,2434.59,2460.9,8.77,1.3,time,480,1.82,-0.96,2442.08,2462.23,2434.89,7.19,6,3.7,0.24,0.14,W2,1PM BUY: mbyllje me kohe ne fitim; +1.30R pas 8.0 oresh
550,2024-08-05 12:45,2024-08-05 05:45,e hene,5AM,BUY,2426.84,2418.72,2443.08,8.12,-1.0,SL,45,0.13,-1.21,2422.15,2452.61,2419.02,3.13,15,3.26,0.21,0.14,L1,"5AM BUY: kthim i menjehershem: cmimi shkoi kunder menjehere (sweep-i vazhdoi), SL brenda 1 ore; SL pas 45 min"
551,2024-08-06 09:30,2024-08-06 02:30,e marte,1AM,BUY,2406.48,2394.51,2430.42,11.97,-1.0,SL,360,0.82,-1.15,2404.37,2418.3,2394.81,9.56,15,1.86,0.28,0.14,L3,"1AM BUY: levizje e vogel ne favor (+0.3R deri +1R), pastaj SL; SL pas 360 min | sweep i thelle (>50% e range-it)"
552,2024-08-07 04:00,2024-08-06 21:00,e marte,5PM,BUY,2386.57,2380.78,2398.15,5.79,-1.0,SL,15,0.16,-1.31,2386.4,2395.94,2381.08,5.32,2,0.99,0.13,0.14,L1,"5PM BUY: kthim i menjehershem: cmimi shkoi kunder menjehere (sweep-i vazhdoi), SL brenda 1 ore; SL pas 15 min | qiri 5PM (pas mbylljes ditore), sweep i thelle (>50% e range-it)"
553,2024-08-07 19:15,2024-08-07 12:15,e merkure,9AM,BUY,2395.9,2391.67,2404.36,4.23,-1.0,SL,60,0.9,-1.16,2392.4,2406.98,2391.97,0.43,24,0.99,0.1,0.14,L3,"9AM BUY: levizje e vogel ne favor (+0.3R deri +1R), pastaj SL; SL pas 60 min | SL i vogel (<10% e ATR ditore)"
554,2024-08-08 01:30,2024-08-07 18:30,e merkure,5PM,BUY,2383.2,2380.67,2388.26,2.53,2.0,TP,120,2.19,-0.18,2381.76,2399.69,2380.97,0.79,8,0.64,0.06,0.14,W1,"5PM BUY: fitim: preku TP | qiri 5PM (pas mbylljes ditore), SL i vogel (<10% e ATR ditore)"
555,2024-08-09 07:45,2024-08-09 00:45,e premte,9PM,BUY,2422.94,2419.05,2430.72,3.89,-1.0,SL,45,0.38,-1.09,2422.57,2427.67,2419.35,3.22,7,2.45,0.09,0.14,L3,"9PM BUY: levizje e vogel ne favor (+0.3R deri +1R), pastaj SL; SL pas 45 min | qiri 9PM (Asia), e premte, SL i vogel (<10% e ATR ditore), sweep i thelle (>50% e range-it)"
556,2024-08-09 10:00,2024-08-09 03:00,e premte,1AM,BUY,2420.87,2416.49,2429.63,4.38,2.0,TP,210,2.13,-0.18,2419.35,2428.83,2416.79,2.56,16,2.45,0.1,0.16,W1,1AM BUY: fitim: preku TP | e premte
557,2024-08-12 05:30,2024-08-11 22:30,e diel,9PM,BUY,2426.97,2423.49,2433.93,3.48,2.0,TP,150,2.17,-0.65,2426.75,2433.4,2423.79,2.96,3,2.52,0.08,0.16,W1,"9PM BUY: fitim: preku TP | qiri 9PM (Asia), SL i vogel (<10% e ATR ditore)"
558,2024-08-13 09:00,2024-08-13 02:00,e marte,1AM,BUY,2463.01,2458.14,2472.75,4.87,2.0,TP,450,2.18,-0.85,2460.2,2476.87,2458.44,1.76,17,4.19,0.11,0.18,W1,1AM BUY: fitim: preku TP
559,2024-08-15 16:30,2024-08-15 09:30,e enjte,9AM,BUY,2450.82,2431.86,2488.74,18.96,0.28,time,510,0.57,-0.78,2440.98,2470.02,2432.16,8.82,34,2.92,0.45,0.16,W2,"9AM BUY: mbyllje me kohe ne fitim; +0.28R pas 8.5 oresh | ora e lajmeve 8-10 NY, SL i madh (>30% e ATR ditore)"
560,2024-08-19 05:45,2024-08-18 22:45,e diel,9PM,BUY,2500.74,2494.63,2512.96,6.11,-1.0,SL,450,1.05,-1.26,2500.3,2509.99,2494.93,5.37,5,5.18,0.14,0.16,L4,"9PM BUY: fitim i humbur: arriti te pakten +1R, pastaj u kthye ne SL (maksimumi +1.0R); SL pas 450 min | qiri 9PM (Asia), sweep i thelle (>50% e range-it)"
561,2024-08-19 17:00,2024-08-19 10:00,e hene,9AM,BUY,2494.89,2485.27,2514.13,9.62,0.88,time,480,1.3,-0.11,2486.49,2503.99,2485.57,0.92,48,5.18,0.22,0.16,W2,9AM BUY: mbyllje me kohe ne fitim; +0.88R pas 8.0 oresh | hyrje afer mesit te range-it
562,2024-08-20 07:45,2024-08-20 00:45,e marte,9PM,BUY,2502.89,2498.35,2511.97,4.54,-1.0,SL,75,0.17,-1.23,2502.06,2506.78,2498.65,3.41,18,4.87,0.11,0.16,L2,"9PM BUY: pa drejtim: trade-i nuk shkoi kurre ne favor, SL pas me shume se 1 ore; SL pas 75 min | qiri 9PM (Asia), sweep i thelle (>50% e range-it)"
563,2024-08-21 12:30,2024-08-21 05:30,e merkure,5AM,BUY,2508.65,2504.88,2516.19,3.77,-1.0,SL,15,0.06,-1.1,2506.86,2519.55,2505.18,1.68,14,5.1,0.09,0.16,L1,"5AM BUY: kthim i menjehershem: cmimi shkoi kunder menjehere (sweep-i vazhdoi), SL brenda 1 ore; SL pas 15 min | SL i vogel (<10% e ATR ditore)"
564,2024-08-21 17:15,2024-08-21 10:15,e merkure,9AM,BUY,2505.71,2493.59,2529.95,12.12,0.58,time,480,1.11,-0.93,2504.44,2513.66,2493.89,10.55,14,5.1,0.29,0.18,W2,9AM BUY: mbyllje me kohe ne fitim; +0.58R pas 8.0 oresh | sweep i thelle (>50% e range-it)
565,2024-08-22 15:45,2024-08-22 08:45,e enjte,5AM,BUY,2502.95,2494.87,2519.11,8.08,-1.0,SL,30,0.03,-1.46,2500.63,2510.54,2495.17,5.46,23,4.87,0.19,0.17,L1,"5AM BUY: kthim i menjehershem: cmimi shkoi kunder menjehere (sweep-i vazhdoi), SL brenda 1 ore; SL pas 30 min | ora e lajmeve 8-10 NY, sweep i thelle (>50% e range-it)"
566,2024-08-27 11:30,2024-08-27 04:30,e marte,1AM,BUY,2511.4,2503.18,2527.84,8.22,0.17,time,480,1.1,-0.96,2505.74,2518.05,2503.48,2.26,46,4.62,0.24,0.16,W2,1AM BUY: mbyllje me kohe ne fitim; +0.17R pas 8.0 oresh | hyrje afer mesit te range-it
567,2024-08-30 01:30,2024-08-29 18:30,e enjte,5PM,BUY,2521.75,2519.17,2526.91,2.58,-1.0,SL,60,0.0,-1.13,2520.65,2528.67,2519.47,1.18,14,4.29,0.08,0.17,L1,"5PM BUY: kthim i menjehershem: cmimi shkoi kunder menjehere (sweep-i vazhdoi), SL brenda 1 ore; SL pas 60 min | qiri 5PM (pas mbylljes ditore), SL i vogel (<10% e ATR ditore)"
568,2024-08-30 04:30,2024-08-29 21:30,e enjte,9PM,BUY,2518.79,2514.82,2526.73,3.97,-1.0,SL,15,0.31,-1.11,2516.68,2521.63,2515.12,1.56,43,4.29,0.12,0.16,L3,"9PM BUY: levizje e vogel ne favor (+0.3R deri +1R), pastaj SL; SL pas 15 min | qiri 9PM (Asia), hyrje afer mesit te range-it"
569,2024-08-30 16:45,2024-08-30 09:45,e premte,9AM,BUY,2518.39,2512.6,2529.97,5.79,-1.0,SL,15,0.06,-1.21,2514.97,2526.82,2512.9,2.07,29,4.29,0.17,0.15,L1,"9AM BUY: kthim i menjehershem: cmimi shkoi kunder menjehere (sweep-i vazhdoi), SL brenda 1 ore; SL pas 15 min | ora e lajmeve 8-10 NY, e premte"
570,2024-09-03 05:15,2024-09-02 22:15,e hene,9PM,BUY,2495.29,2489.36,2507.15,5.93,0.74,time,480,1.84,-0.48,2494.99,2499.87,2489.66,5.33,6,3.1,0.18,0.15,W2,"9PM BUY: mbyllje me kohe ne fitim; +0.74R pas 8.0 oresh | qiri 9PM (Asia), sweep i thelle (>50% e range-it)"
571,2024-09-03 14:00,2024-09-03 07:00,e marte,5AM,BUY,2497.4,2492.35,2507.5,5.05,-1.0,SL,30,0.83,-1.04,2492.73,2506.22,2492.65,0.08,35,3.1,0.16,0.15,L3,"5AM BUY: levizje e vogel ne favor (+0.3R deri +1R), pastaj SL; SL pas 30 min"
572,2024-09-03 19:00,2024-09-03 12:00,e marte,9AM,BUY,2488.54,2473.0,2519.62,15.54,0.3,time,480,0.4,-0.3,2484.73,2504.97,2473.3,11.43,19,3.1,0.48,0.2,W2,"9AM BUY: mbyllje me kohe ne fitim; +0.30R pas 8.0 oresh | SL i madh (>30% e ATR ditore), sweep i thelle (>50% e range-it)"
573,2024-09-04 12:45,2024-09-04 05:45,e merkure,5AM,BUY,2479.06,2471.49,2494.2,7.57,2.0,TP,255,2.69,-0.07,2472.45,2496.56,2471.79,0.66,27,2.68,0.24,0.15,W1,5AM BUY: fitim: preku TP
574,2024-09-05 17:30,2024-09-05 10:30,e enjte,9AM,BUY,2517.31,2507.34,2537.25,9.97,-1.0,SL,30,0.13,-1.35,2513.27,2523.4,2507.64,5.63,40,2.62,0.32,0.15,L1,"9AM BUY: kthim i menjehershem: cmimi shkoi kunder menjehere (sweep-i vazhdoi), SL brenda 1 ore; SL pas 30 min | SL i madh (>30% e ATR ditore), sweep i thelle (>50% e range-it)"
575,2024-09-06 05:30,2024-09-05 22:30,e enjte,9PM,BUY,2515.89,2512.67,2522.33,3.22,1.02,time,480,1.82,-0.29,2515.59,2517.92,2512.97,2.62,13,3.33,0.11,0.15,W2,"9PM BUY: mbyllje me kohe ne fitim; +1.02R pas 8.0 oresh | qiri 9PM (Asia), sweep i thelle (>50% e range-it)"
576,2024-09-06 17:45,2024-09-06 10:45,e premte,9AM,BUY,2513.76,2500.14,2541.0,13.62,-1.0,SL,75,0.34,-1.34,2507.46,2529.16,2500.44,7.02,29,3.33,0.47,0.15,L3,"9AM BUY: levizje e vogel ne favor (+0.3R deri +1R), pastaj SL; SL pas 75 min | e premte, SL i madh (>30% e ATR ditore)"
577,2024-09-10 08:30,2024-09-10 01:30,e marte,1AM,BUY,2503.54,2500.45,2509.72,3.09,-1.0,SL,180,1.35,-1.14,2501.05,2507.63,2500.75,0.3,38,2.61,0.11,0.16,L4,"1AM BUY: fitim i humbur: arriti te pakten +1R, pastaj u kthye ne SL (maksimumi +1.3R); SL pas 180 min"
578,2024-09-16 14:15,2024-09-16 07:15,e hene,5AM,BUY,2580.79,2574.9,2592.57,5.89,-0.1,time,480,1.45,-0.79,2579.54,2589.61,2575.2,4.34,12,4.96,0.2,0.15,L5,5AM BUY: mbyllje me kohe ne humbje (8 ore ose e premte); -0.10R pas 8.0 oresh
579,2024-09-17 04:45,2024-09-16 21:45,e hene,9PM,BUY,2581.66,2578.04,2588.9,3.62,-1.0,SL,90,1.28,-1.15,2580.25,2584.38,2578.34,1.91,34,4.91,0.12,0.15,L4,"9PM BUY: fitim i humbur: arriti te pakten +1R, pastaj u kthye ne SL (maksimumi +1.3R); SL pas 90 min | qiri 9PM (Asia)"
580,2024-09-17 08:45,2024-09-17 01:45,e marte,1AM,BUY,2578.1,2574.25,2585.8,3.85,2.0,TP,45,2.08,-0.04,2574.92,2586.29,2574.55,0.37,28,4.91,0.13,0.15,W1,1AM BUY: fitim: preku TP
581,2024-09-17 14:30,2024-09-17 07:30,e marte,5AM,BUY,2576.09,2569.39,2589.49,6.7,-1.0,SL,60,0.83,-1.16,2574.55,2586.87,2569.69,4.86,12,4.91,0.23,0.15,L3,"5AM BUY: levizje e vogel ne favor (+0.3R deri +1R), pastaj SL; SL pas 60 min"
582,2024-09-17 20:30,2024-09-17 13:30,e marte,1PM,BUY,2565.58,2560.4,2575.94,5.18,2.0,TP,450,2.09,-0.37,2561.36,2582.18,2560.7,0.66,20,4.91,0.18,0.15,W1,1PM BUY: fitim: preku TP
583,2024-09-18 09:30,2024-09-18 02:30,e merkure,1AM,BUY,2568.48,2565.42,2574.6,3.06,2.0,TP,225,2.22,-0.28,2567.98,2576.43,2565.72,2.26,6,4.2,0.11,0.15,W1,1AM BUY: fitim: preku TP
584,2024-09-19 17:30,2024-09-19 10:30,e enjte,9AM,BUY,2580.32,2569.42,2602.12,10.9,0.65,time,480,1.13,-0.03,2573.16,2594.82,2569.72,3.44,33,3.61,0.36,0.15,W2,9AM BUY: mbyllje me kohe ne fitim; +0.65R pas 8.0 oresh | SL i madh (>30% e ATR ditore)
585,2024-09-23 11:15,2024-09-23 04:15,e hene,1AM,BUY,2617.1,2613.5,2624.3,3.6,2.0,TP,195,2.4,-0.49,2616.04,2631.08,2613.8,2.24,7,5.85,0.11,0.15,W1,1AM BUY: fitim: preku TP
586,2024-09-24 11:00,2024-09-24 04:00,e marte,1AM,BUY,2629.06,2622.3,2642.58,6.76,2.0,TP,390,2.07,-0.85,2623.81,2638.21,2622.6,1.21,36,5.93,0.21,0.15,W1,1AM BUY: fitim: preku TP
587,2024-09-25 11:00,2024-09-25 04:00,e merkure,1AM,BUY,2657.05,2650.72,2669.71,6.33,0.12,time,480,1.64,-0.69,2655.48,2670.47,2651.02,4.46,10,6.92,0.19,0.15,W2,1AM BUY: mbyllje me kohe ne fitim; +0.12R pas 8.0 oresh
588,2024-09-26 18:30,2024-09-26 11:30,e enjte,9AM,BUY,2669.7,2654.48,2700.14,15.22,0.16,time,480,0.54,-0.44,2666.89,2685.51,2654.78,12.11,15,6.76,0.47,0.15,W2,"9AM BUY: mbyllje me kohe ne fitim; +0.16R pas 8.0 oresh | SL i madh (>30% e ATR ditore), sweep i thelle (>50% e range-it)"
589,2024-09-27 09:15,2024-09-27 02:15,e premte,1AM,BUY,2666.94,2662.04,2676.74,4.9,-1.0,SL,60,0.52,-1.18,2666.19,2673.93,2662.34,3.85,10,7.16,0.16,0.15,L3,"1AM BUY: levizje e vogel ne favor (+0.3R deri +1R), pastaj SL; SL pas 60 min | e premte"
590,2024-09-27 12:45,2024-09-27 05:45,e premte,5AM,BUY,2663.34,2658.0,2674.02,5.34,2.0,TP,180,2.05,-0.25,2660.91,2671.3,2658.3,2.61,23,7.16,0.17,0.15,W1,5AM BUY: fitim: preku TP | e premte
591,2024-09-30 19:15,2024-09-30 12:15,e hene,9AM,BUY,2635.89,2628.48,2650.71,7.41,-1.0,SL,105,0.79,-1.1,2634.43,2653.63,2628.78,5.65,8,6.38,0.23,0.15,L3,"9AM BUY: levizje e vogel ne favor (+0.3R deri +1R), pastaj SL; SL pas 105 min"
592,2024-09-30 21:45,2024-09-30 14:45,e hene,1PM,BUY,2631.14,2624.35,2644.72,6.79,0.99,time,480,1.29,-0.68,2628.78,2642.09,2624.65,4.13,18,6.38,0.21,0.16,W2,1PM BUY: mbyllje me kohe ne fitim; +0.99R pas 8.0 oresh
593,2024-10-02 10:15,2024-10-02 03:15,e merkure,1AM,BUY,2653.19,2644.21,2671.15,8.98,-1.0,SL,300,0.29,-1.06,2652.6,2662.88,2644.51,8.09,6,6.17,0.26,0.15,L2,"1AM BUY: pa drejtim: trade-i nuk shkoi kurre ne favor, SL pas me shume se 1 ore; SL pas 300 min | sweep i thelle (>50% e range-it)"
594,2024-10-03 05:00,2024-10-02 22:00,e merkure,9PM,BUY,2658.35,2654.67,2665.71,3.68,-1.0,SL,60,0.07,-1.03,2657.43,2662.86,2654.97,2.46,17,5.76,0.11,0.15,L1,"9PM BUY: kthim i menjehershem: cmimi shkoi kunder menjehere (sweep-i vazhdoi), SL brenda 1 ore; SL pas 60 min | qiri 9PM (Asia)"
595,2024-10-03 09:15,2024-10-03 02:15,e enjte,1AM,BUY,2654.15,2650.98,2660.49,3.17,-1.0,SL,60,1.05,-1.68,2653.3,2662.86,2651.28,2.02,9,5.76,0.1,0.15,L4,"1AM BUY: fitim i humbur: arriti te pakten +1R, pastaj u kthye ne SL (maksimumi +1.0R); SL pas 60 min | SL i vogel (<10% e ATR ditore)"
596,2024-10-03 12:45,2024-10-03 05:45,e enjte,5AM,BUY,2647.1,2640.65,2660.0,6.45,-1.0,SL,255,1.13,-1.52,2641.77,2657.47,2640.95,0.82,34,5.76,0.2,0.15,L4,"5AM BUY: fitim i humbur: arriti te pakten +1R, pastaj u kthye ne SL (maksimumi +1.1R); SL pas 255 min"
597,2024-10-04 01:45,2024-10-03 18:45,e enjte,5PM,BUY,2655.94,2654.07,2659.68,1.87,2.0,TP,210,2.97,-0.88,2655.12,2662.06,2654.37,0.75,12,5.41,0.06,0.15,W1,"5PM BUY: fitim: preku TP | qiri 5PM (pas mbylljes ditore), SL i vogel (<10% e ATR ditore)"
598,2024-10-04 13:30,2024-10-04 06:30,e premte,5AM,BUY,2659.36,2656.53,2665.02,2.83,-1.0,SL,90,1.11,-1.1,2658.72,2667.85,2656.83,1.89,7,5.41,0.09,0.15,L4,"5AM BUY: fitim i humbur: arriti te pakten +1R, pastaj u kthye ne SL (maksimumi +1.1R); SL pas 90 min | e premte, SL i vogel (<10% e ATR ditore)"
599,2024-10-07 10:30,2024-10-07 03:30,e hene,1AM,BUY,2645.44,2639.36,2657.6,6.08,2.0,TP,150,2.06,-0.03,2643.83,2652.87,2639.66,4.17,18,5.09,0.18,0.15,W1,1AM BUY: fitim: preku TP
600,2024-10-08 06:30,2024-10-07 23:30,e hene,9PM,BUY,2641.89,2633.42,2658.83,8.47,-1.0,SL,210,0.54,-1.27,2641.72,2649.11,2633.72,8.0,2,4.44,0.25,0.15,L3,"9PM BUY: levizje e vogel ne favor (+0.3R deri +1R), pastaj SL; SL pas 210 min | qiri 9PM (Asia), sweep i thelle (>50% e range-it)"
601,2024-10-08 11:45,2024-10-08 04:45,e marte,1AM,BUY,2638.4,2628.24,2658.72,10.16,-1.0,SL,330,1.44,-1.21,2633.72,2649.11,2628.54,5.18,30,4.44,0.3,0.15,L4,"1AM BUY: fitim i humbur: arriti te pakten +1R, pastaj u kthye ne SL (maksimumi +1.4R); SL pas 330 min | SL i madh (>30% e ATR ditore)"
602,2024-10-09 10:30,2024-10-09 03:30,e merkure,1AM,BUY,2615.15,2608.8,2627.85,6.35,-1.0,SL,360,1.14,-1.3,2614.9,2624.23,2609.1,5.8,3,3.44,0.19,0.15,L4,"1AM BUY: fitim i humbur: arriti te pakten +1R, pastaj u kthye ne SL (maksimumi +1.1R); SL pas 360 min | sweep i thelle (>50% e range-it)"
603,2024-10-09 18:15,2024-10-09 11:15,e merkure,9AM,BUY,2616.0,2604.86,2638.28,11.14,-0.63,time,480,0.16,-0.97,2614.64,2622.4,2605.16,9.48,18,3.44,0.33,0.15,L5,"9AM BUY: mbyllje me kohe ne humbje (8 ore ose e premte); -0.63R pas 8.0 oresh | SL i madh (>30% e ATR ditore), sweep i thelle (>50% e range-it)"
604,2024-10-11 14:00,2024-10-11 07:00,e premte,5AM,BUY,2641.72,2635.91,2653.34,5.81,2.0,TP,195,2.02,-0.53,2638.02,2647.12,2636.21,1.81,41,3.48,0.19,0.16,W1,"5AM BUY: fitim: preku TP | e premte, hyrje afer mesit te range-it"
605,2024-10-14 04:30,2024-10-13 21:30,e diel,9PM,BUY,2648.06,2643.21,2657.76,4.85,-1.0,SL,30,0.07,-1.01,2645.1,2653.66,2643.51,1.59,35,4.37,0.15,0.17,L1,"9PM BUY: kthim i menjehershem: cmimi shkoi kunder menjehere (sweep-i vazhdoi), SL brenda 1 ore; SL pas 30 min | qiri 9PM (Asia)"
606,2024-10-14 16:30,2024-10-14 09:30,e hene,9AM,BUY,2653.53,2647.38,2665.83,6.15,-1.0,SL,45,1.24,-1.2,2649.26,2662.96,2647.68,1.58,31,4.37,0.19,0.15,L4,"9AM BUY: fitim i humbur: arriti te pakten +1R, pastaj u kthye ne SL (maksimumi +1.2R); SL pas 45 min | ora e lajmeve 8-10 NY"
607,2024-10-15 09:15,2024-10-15 02:15,e marte,1AM,BUY,2644.3,2637.73,2657.44,6.57,1.57,time,480,2.0,-0.28,2642.92,2652.7,2638.03,4.89,14,3.86,0.22,0.15,W2,1AM BUY: mbyllje me kohe ne fitim; +1.57R pas 8.0 oresh
608,2024-10-16 18:30,2024-10-16 11:30,e merkure,9AM,BUY,2674.79,2667.26,2689.85,7.53,-1.0,SL,30,0.03,-1.08,2672.96,2682.63,2667.56,5.4,19,4.17,0.24,0.15,L1,"9AM BUY: kthim i menjehershem: cmimi shkoi kunder menjehere (sweep-i vazhdoi), SL brenda 1 ore; SL pas 30 min | sweep i thelle (>50% e range-it)"
609,2024-10-17 12:45,2024-10-17 05:45,e enjte,5AM,BUY,2680.98,2676.63,2689.68,4.35,-1.0,SL,165,1.79,-1.8,2678.05,2685.65,2676.93,1.12,39,4.38,0.14,0.15,L4,"5AM BUY: fitim i humbur: arriti te pakten +1R, pastaj u kthye ne SL (maksimumi +1.8R); SL pas 165 min"
610,2024-10-21 22:30,2024-10-21 15:30,e hene,1PM,BUY,2720.34,2713.87,2733.28,6.47,1.83,time,480,1.88,-0.32,2716.89,2740.53,2714.17,2.72,15,5.78,0.22,0.15,W2,1PM BUY: mbyllje me kohe ne fitim; +1.83R pas 8.0 oresh
611,2024-10-23 07:00,2024-10-23 00:00,e merkure,9PM,BUY,2746.2,2737.62,2763.36,8.58,0.43,time,480,1.42,-0.1,2744.75,2748.09,2737.92,6.83,43,6.4,0.29,0.15,W2,"9PM BUY: mbyllje me kohe ne fitim; +0.43R pas 8.0 oresh | qiri 9PM (Asia), sweep i thelle (>50% e range-it), hyrje afer mesit te range-it"
612,2024-10-25 13:00,2024-10-25 06:00,e premte,5AM,BUY,2721.35,2716.72,2730.61,4.63,2.0,TP,165,2.38,-0.9,2718.85,2732.57,2717.02,1.83,18,5.46,0.15,0.15,W1,5AM BUY: fitim: preku TP | e premte
613,2024-10-28 05:00,2024-10-27 22:00,e diel,9PM,BUY,2732.51,2724.38,2748.77,8.13,-0.4,time,480,1.48,-0.51,2730.26,2740.17,2724.68,5.58,23,5.67,0.26,0.15,L5,"9PM BUY: mbyllje me kohe ne humbje (8 ore ose e premte); -0.40R pas 8.0 oresh | qiri 9PM (Asia), sweep i thelle (>50% e range-it)"
614,2024-10-28 13:45,2024-10-28 06:45,e hene,5AM,BUY,2732.96,2727.48,2743.92,5.48,2.0,TP,195,2.03,-0.59,2731.12,2744.54,2727.78,3.34,14,5.67,0.18,0.16,W1,5AM BUY: fitim: preku TP
615,2024-10-29 01:30,2024-10-28 18:30,e hene,5PM,BUY,2741.97,2739.56,2746.79,2.41,2.0,TP,150,3.35,-0.35,2740.14,2744.94,2739.86,0.28,38,5.32,0.08,0.16,W1,"5PM BUY: fitim: preku TP | qiri 5PM (pas mbylljes ditore), SL i vogel (<10% e ATR ditore)"
616,2024-10-30 15:45,2024-10-30 08:45,e merkure,5AM,BUY,2781.05,2773.13,2796.89,7.92,-1.0,SL,45,0.81,-1.29,2777.99,2789.76,2773.43,4.56,26,6.33,0.26,0.18,L3,"5AM BUY: levizje e vogel ne favor (+0.3R deri +1R), pastaj SL; SL pas 45 min | ora e lajmeve 8-10 NY"
617,2024-10-31 10:30,2024-10-31 03:30,e enjte,1AM,BUY,2782.45,2777.76,2791.83,4.69,-1.0,SL,60,0.34,-1.17,2782.03,2790.02,2778.06,3.97,5,6.6,0.16,0.16,L3,"1AM BUY: levizje e vogel ne favor (+0.3R deri +1R), pastaj SL; SL pas 60 min"
618,2024-10-31 13:45,2024-10-31 06:45,e enjte,5AM,BUY,2780.18,2772.96,2794.62,7.22,-1.0,SL,120,0.33,-1.14,2776.94,2786.52,2773.26,3.68,34,6.6,0.25,0.16,L3,"5AM BUY: levizje e vogel ne favor (+0.3R deri +1R), pastaj SL; SL pas 120 min"
619,2024-11-01 14:00,2024-11-01 07:00,e premte,5AM,BUY,2750.07,2744.49,2761.23,5.58,2.0,TP,120,2.04,-0.35,2747.13,2757.67,2744.79,2.34,28,4.73,0.18,0.16,W1,5AM BUY: fitim: preku TP | e premte
620,2024-11-04 19:30,2024-11-04 12:30,e hene,9AM,BUY,2737.76,2731.42,2750.44,6.34,-0.65,time,480,0.3,-0.76,2736.42,2746.74,2731.72,4.7,13,4.28,0.2,0.16,L5,9AM BUY: mbyllje me kohe ne humbje (8 ore ose e premte); -0.65R pas 8.0 oresh
621,2024-11-05 05:45,2024-11-04 22:45,e hene,9PM,BUY,2733.92,2724.39,2752.98,9.53,0.67,time,480,1.16,-0.23,2732.91,2737.71,2724.69,8.22,21,4.11,0.31,0.16,W2,"9PM BUY: mbyllje me kohe ne fitim; +0.67R pas 8.0 oresh | qiri 9PM (Asia), SL i madh (>30% e ATR ditore), sweep i thelle (>50% e range-it)"
622,2024-11-06 03:30,2024-11-05 20:30,e marte,5PM,BUY,2741.31,2732.31,2759.31,9.0,-1.0,SL,105,0.93,-1.21,2739.34,2744.88,2732.61,6.73,36,4.22,0.3,0.18,L3,"5PM BUY: levizje e vogel ne favor (+0.3R deri +1R), pastaj SL; SL pas 105 min | qiri 5PM (pas mbylljes ditore), sweep i thelle (>50% e range-it)"
623,2024-11-06 17:15,2024-11-06 10:15,e merkure,9AM,BUY,2665.12,2652.0,2691.36,13.12,-0.12,time,480,0.99,-0.49,2658.49,2727.12,2652.3,6.19,10,4.22,0.43,0.16,L5,9AM BUY: mbyllje me kohe ne humbje (8 ore ose e premte); -0.12R pas 8.0 oresh | SL i madh (>30% e ATR ditore)
624,2024-11-08 05:15,2024-11-07 22:15,e enjte,9PM,BUY,2700.24,2694.8,2711.12,5.44,-1.0,SL,15,0.03,-1.09,2699.13,2710.33,2695.1,4.03,10,2.52,0.14,0.16,L1,"9PM BUY: kthim i menjehershem: cmimi shkoi kunder menjehere (sweep-i vazhdoi), SL brenda 1 ore; SL pas 15 min | qiri 9PM (Asia)"
625,2024-11-11 13:30,2024-11-11 06:30,e hene,5AM,BUY,2666.12,2658.62,2681.12,7.5,-1.0,SL,60,0.12,-1.11,2663.8,2674.08,2658.92,4.88,23,1.56,0.19,0.16,L1,"5AM BUY: kthim i menjehershem: cmimi shkoi kunder menjehere (sweep-i vazhdoi), SL brenda 1 ore; SL pas 60 min"
626,2024-11-11 20:45,2024-11-11 13:45,e hene,1PM,BUY,2618.25,2610.34,2634.07,7.91,0.46,time,480,1.11,-0.12,2611.11,2635.64,2610.64,0.47,29,1.56,0.21,0.16,W2,1PM BUY: mbyllje me kohe ne fitim; +0.46R pas 8.0 oresh
627,2024-11-12 17:15,2024-11-12 10:15,e marte,9AM,SELL,2609.16,2617.36,2592.76,8.2,2.0,TP,120,2.01,-0.19,2589.62,2616.29,2617.06,0.77,73,-1.02,0.2,0.16,W1,9AM SELL: fitim: preku TP
628,2024-11-13 05:30,2024-11-12 22:30,e marte,9PM,SELL,2608.32,2613.55,2597.86,5.23,-0.08,time,480,1.37,-0.82,2597.5,2611.12,2613.25,2.13,79,-1.88,0.13,0.16,L5,9PM SELL: mbyllje me kohe ne humbje (8 ore ose e premte); -0.08R pas 8.0 oresh | qiri 9PM (Asia)
629,2024-11-13 15:00,2024-11-13 08:00,e merkure,5AM,SELL,2609.67,2612.96,2603.09,3.29,-1.0,SL,30,0.73,-2.81,2601.0,2611.69,2612.66,0.97,81,-1.88,0.08,0.16,L3,"5AM SELL: levizje e vogel ne favor (+0.3R deri +1R), pastaj SL; SL pas 30 min | ora e lajmeve 8-10 NY, SL i vogel (<10% e ATR ditore)"
630,2024-11-14 17:00,2024-11-14 10:00,e enjte,9AM,SELL,2559.68,2566.18,2546.68,6.5,-1.0,SL,0,0.15,-1.4,2538.99,2560.29,2565.88,5.59,97,-2.91,0.15,0.16,L1,"9AM SELL: kthim i menjehershem: cmimi shkoi kunder menjehere (sweep-i vazhdoi), SL brenda 1 ore; SL pas 0 min"
631,2024-11-15 14:15,2024-11-15 07:15,e premte,5AM,SELL,2566.84,2573.54,2553.44,6.7,-1.0,SL,45,0.18,-1.36,2554.27,2568.93,2573.24,4.31,86,-3.24,0.16,0.17,L1,"5AM SELL: kthim i menjehershem: cmimi shkoi kunder menjehere (sweep-i vazhdoi), SL brenda 1 ore; SL pas 45 min | e premte"
632,2024-11-15 17:30,2024-11-15 10:30,e premte,9AM,SELL,2569.58,2576.25,2556.24,6.67,1.09,time,330,1.5,-0.58,2561.18,2575.77,2575.95,0.18,58,-3.24,0.15,0.16,W2,"9AM SELL: mbyllje me kohe ne fitim; +1.09R pas 5.5 oresh | e premte, hyrje afer mesit te range-it"
633,2024-11-19 02:15,2024-11-18 19:15,e hene,5PM,SELL,2611.33,2613.29,2607.41,1.96,-1.0,SL,15,0.08,-1.08,2607.71,2612.58,2612.99,0.41,74,-1.58,0.04,0.17,L1,"5PM SELL: kthim i menjehershem: cmimi shkoi kunder menjehere (sweep-i vazhdoi), SL brenda 1 ore; SL pas 15 min | qiri 5PM (pas mbylljes ditore), SL i vogel (<10% e ATR ditore)"
634,2024-11-19 09:15,2024-11-19 02:15,e marte,1AM,SELL,2618.86,2626.93,2602.72,8.07,-1.0,SL,90,0.13,-1.02,2610.4,2625.49,2626.63,1.14,56,-1.58,0.18,0.16,L2,"1AM SELL: pa drejtim: trade-i nuk shkoi kurre ne favor, SL pas me shume se 1 ore; SL pas 90 min | hyrje afer mesit te range-it"
635,2024-11-19 13:45,2024-11-19 06:45,e marte,5AM,SELL,2633.75,2636.77,2627.71,3.02,-1.0,SL,45,1.61,-1.1,2617.68,2634.45,2636.47,2.02,96,-1.58,0.07,0.16,L4,"5AM SELL: fitim i humbur: arriti te pakten +1R, pastaj u kthye ne SL (maksimumi +1.6R); SL pas 45 min | SL i vogel (<10% e ATR ditore)"
636,2024-11-20 05:45,2024-11-19 22:45,e marte,9PM,SELL,2639.39,2642.14,2633.89,2.75,2.0,TP,135,3.07,-0.19,2631.46,2641.41,2641.84,0.43,80,-0.91,0.06,0.16,W1,"9PM SELL: fitim: preku TP | qiri 9PM (Asia), SL i vogel (<10% e ATR ditore)"
637,2024-11-21 13:45,2024-11-21 06:45,e enjte,5AM,SELL,2670.61,2673.78,2664.27,3.17,2.0,TP,15,2.02,-0.67,2656.52,2671.61,2673.48,1.87,93,-0.32,0.07,0.16,W1,"5AM SELL: fitim: preku TP | trend i dobet (<0.5% nga mesatarja), SL i vogel (<10% e ATR ditore)"
638,2024-11-21 21:30,2024-11-21 14:30,e enjte,1PM,SELL,2670.99,2673.77,2665.43,2.78,-1.0,SL,330,1.09,-2.69,2661.3,2672.77,2673.47,0.7,84,-0.32,0.06,0.2,L4,"1PM SELL: fitim i humbur: arriti te pakten +1R, pastaj u kthye ne SL (maksimumi +1.1R); SL pas 330 min | trend i dobet (<0.5% nga mesatarja), SL i vogel (<10% e ATR ditore)"
639,2024-11-22 16:45,2024-11-22 09:45,e premte,9AM,BUY,2692.05,2684.09,2707.97,7.96,2.0,TP,195,2.16,-0.5,2689.31,2710.08,2684.39,4.92,13,0.31,0.18,0.16,W1,"9AM BUY: fitim: preku TP | ora e lajmeve 8-10 NY, e premte, trend i dobet (<0.5% nga mesatarja)"
640,2024-11-25 21:45,2024-11-25 14:45,e hene,1PM,BUY,2625.34,2615.27,2645.48,10.07,-1.0,SL,225,0.33,-1.99,2624.48,2678.69,2615.57,8.91,2,1.93,0.22,0.16,L3,"1PM BUY: levizje e vogel ne favor (+0.3R deri +1R), pastaj SL; SL pas 225 min"
641,2024-11-27 02:15,2024-11-26 19:15,e marte,5PM,SELL,2631.11,2634.42,2624.49,3.31,-1.0,SL,105,1.17,-1.38,2619.55,2633.52,2634.12,0.6,83,-1.24,0.07,0.2,L4,"5PM SELL: fitim i humbur: arriti te pakten +1R, pastaj u kthye ne SL (maksimumi +1.2R); SL pas 105 min | qiri 5PM (pas mbylljes ditore), SL i vogel (<10% e ATR ditore)"
642,2024-11-27 15:00,2024-11-27 08:00,e merkure,5AM,SELL,2651.29,2655.32,2643.23,4.03,-1.0,SL,45,1.31,-1.75,2638.97,2653.8,2655.02,1.22,83,-1.24,0.09,0.17,L4,"5AM SELL: fitim i humbur: arriti te pakten +1R, pastaj u kthye ne SL (maksimumi +1.3R); SL pas 45 min | ora e lajmeve 8-10 NY, SL i vogel (<10% e ATR ditore)"
643,2024-11-29 09:15,2024-11-29 02:15,e premte,1AM,SELL,2661.95,2666.49,2652.87,4.54,2.0,TP,450,2.18,-0.89,2633.97,2664.13,2666.19,2.06,93,-1.15,0.1,0.16,W1,1AM SELL: fitim: preku TP | e premte
644,2024-12-02 12:45,2024-12-02 05:45,e hene,5AM,SELL,2634.41,2638.01,2627.21,3.6,-1.0,SL,15,0.0,-1.6,2621.9,2636.84,2637.71,0.87,84,-0.7,0.09,0.16,L1,"5AM SELL: kthim i menjehershem: cmimi shkoi kunder menjehere (sweep-i vazhdoi), SL brenda 1 ore; SL pas 15 min | SL i vogel (<10% e ATR ditore)"
645,2024-12-02 17:15,2024-12-02 10:15,e hene,9AM,SELL,2644.16,2652.1,2628.28,7.94,0.51,time,480,1.32,-0.66,2633.26,2648.79,2651.8,3.01,70,-0.7,0.19,0.16,W2,9AM SELL: mbyllje me kohe ne fitim; +0.51R pas 8.0 oresh
646,2024-12-03 03:00,2024-12-02 20:00,e hene,5PM,SELL,2641.05,2644.61,2633.93,3.56,-1.0,SL,0,0.0,-1.06,2633.48,2644.18,2644.31,0.13,71,-1.14,0.09,0.21,L1,"5PM SELL: kthim i menjehershem: cmimi shkoi kunder menjehere (sweep-i vazhdoi), SL brenda 1 ore; SL pas 0 min | qiri 5PM (pas mbylljes ditore), SL i vogel (<10% e ATR ditore)"
647,2024-12-03 09:45,2024-12-03 02:45,e marte,1AM,SELL,2644.86,2650.29,2634.0,5.43,-1.0,SL,360,1.29,-1.66,2634.02,2645.18,2649.99,4.81,97,-1.14,0.13,0.16,L4,"1AM SELL: fitim i humbur: arriti te pakten +1R, pastaj u kthye ne SL (maksimumi +1.3R); SL pas 360 min"
648,2024-12-03 17:00,2024-12-03 10:00,e marte,9AM,SELL,2646.73,2655.89,2628.41,9.16,0.4,time,480,1.25,-0.28,2637.71,2653.72,2655.59,1.87,56,-1.14,0.23,0.18,W2,9AM SELL: mbyllje me kohe ne fitim; +0.40R pas 8.0 oresh | hyrje afer mesit te range-it
649,2024-12-04 09:15,2024-12-04 02:15,e merkure,1AM,SELL,2646.63,2651.63,2636.63,5.0,2.0,TP,330,2.06,-0.25,2637.63,2651.15,2651.33,0.18,67,-0.95,0.13,0.18,W1,1AM SELL: fitim: preku TP
650,2024-12-04 17:00,2024-12-04 10:00,e merkure,9AM,SELL,2648.2,2653.68,2637.24,5.48,-1.0,SL,15,0.0,-1.43,2632.36,2649.17,2653.38,4.21,94,-0.95,0.14,0.17,L1,"9AM SELL: kthim i menjehershem: cmimi shkoi kunder menjehere (sweep-i vazhdoi), SL brenda 1 ore; SL pas 15 min"
651,2024-12-06 02:15,2024-12-05 19:15,e enjte,5PM,SELL,2631.96,2634.14,2627.6,2.18,2.0,TP,45,8.42,-0.5,2623.53,2632.31,2633.84,1.53,96,-1.36,0.06,0.16,W1,"5PM SELL: fitim: preku TP | qiri 5PM (pas mbylljes ditore), SL i vogel (<10% e ATR ditore)"
652,2024-12-06 11:30,2024-12-06 04:30,e premte,1AM,SELL,2642.19,2645.89,2634.79,3.7,2.0,TP,60,2.04,-0.34,2613.34,2644.51,2645.59,1.08,93,-1.36,0.1,0.16,W1,"1AM SELL: fitim: preku TP | e premte, SL i vogel (<10% e ATR ditore)"
653,2024-12-09 12:45,2024-12-09 05:45,e hene,5AM,SELL,2656.03,2658.59,2650.91,2.56,-1.0,SL,30,0.19,-1.79,2638.09,2657.38,2658.29,0.91,93,-1.3,0.07,0.16,L1,"5AM SELL: kthim i menjehershem: cmimi shkoi kunder menjehere (sweep-i vazhdoi), SL brenda 1 ore; SL pas 30 min | SL i vogel (<10% e ATR ditore)"
654,2024-12-09 19:45,2024-12-09 12:45,e hene,9AM,SELL,2665.48,2676.74,2642.96,11.26,0.18,time,480,0.76,-0.1,2653.23,2666.18,2676.44,10.26,95,-1.3,0.31,0.16,W2,"9AM SELL: mbyllje me kohe ne fitim; +0.18R pas 8.0 oresh | SL i madh (>30% e ATR ditore), sweep i thelle (>50% e range-it)"
655,2024-12-10 05:15,2024-12-09 22:15,e hene,9PM,SELL,2667.71,2671.71,2659.71,4.0,-1.0,SL,30,0.53,-1.04,2657.89,2668.61,2671.41,2.8,92,-0.31,0.11,0.16,L3,"9PM SELL: levizje e vogel ne favor (+0.3R deri +1R), pastaj SL; SL pas 30 min | qiri 9PM (Asia), trend i dobet (<0.5% nga mesatarja)"
656,2024-12-12 13:45,2024-12-12 06:45,e enjte,5AM,BUY,2713.14,2706.9,2725.62,6.24,-1.0,SL,60,0.05,-1.15,2709.91,2720.39,2707.2,2.71,31,1.79,0.16,0.25,L1,"5AM BUY: kthim i menjehershem: cmimi shkoi kunder menjehere (sweep-i vazhdoi), SL brenda 1 ore; SL pas 60 min"
657,2024-12-13 02:45,2024-12-12 19:45,e enjte,5PM,BUY,2682.02,2678.68,2688.7,3.34,2.0,TP,15,2.63,-0.16,2679.27,2687.13,2678.98,0.29,35,0.38,0.08,0.24,W1,"5PM BUY: fitim: preku TP | qiri 5PM (pas mbylljes ditore), trend i dobet (<0.5% nga mesatarja), SL i vogel (<10% e ATR ditore)"
658,2024-12-13 14:15,2024-12-13 07:15,e premte,5AM,BUY,2668.74,2662.61,2681.0,6.13,-1.0,SL,75,0.67,-1.05,2667.43,2690.46,2662.91,4.52,6,0.38,0.15,0.27,L3,"5AM BUY: levizje e vogel ne favor (+0.3R deri +1R), pastaj SL; SL pas 75 min | e premte, trend i dobet (<0.5% nga mesatarja)"
659,2024-12-13 17:45,2024-12-13 10:45,e premte,9AM,BUY,2660.96,2654.39,2674.1,6.57,-1.0,SL,135,0.53,-1.02,2659.55,2672.87,2654.69,4.86,11,0.38,0.16,0.27,L3,"9AM BUY: levizje e vogel ne favor (+0.3R deri +1R), pastaj SL; SL pas 135 min | e premte, trend i dobet (<0.5% nga mesatarja)"
660,2024-12-16 06:45,2024-12-15 23:45,e diel,9PM,SELL,2652.67,2655.88,2646.25,3.21,-1.0,SL,180,0.93,-1.02,2643.48,2655.57,2655.58,0.01,76,-0.83,0.09,0.24,L3,"9PM SELL: levizje e vogel ne favor (+0.3R deri +1R), pastaj SL; SL pas 180 min | qiri 9PM (Asia), SL i vogel (<10% e ATR ditore)"
661,2024-12-16 14:30,2024-12-16 07:30,e hene,5AM,SELL,2661.78,2664.61,2656.12,2.83,2.0,TP,120,2.24,-0.93,2651.57,2661.98,2664.31,2.33,98,-0.83,0.08,0.27,W1,5AM SELL: fitim: preku TP | SL i vogel (<10% e ATR ditore)
662,2024-12-17 22:00,2024-12-17 15:00,e marte,1PM,SELL,2645.29,2649.28,2637.31,3.99,-1.0,SL,270,0.51,-1.22,2633.05,2646.97,2648.98,2.01,88,-0.66,0.12,0.27,L3,"1PM SELL: levizje e vogel ne favor (+0.3R deri +1R), pastaj SL; SL pas 270 min"
663,2024-12-19 13:45,2024-12-19 06:45,e enjte,5AM,SELL,2616.81,2626.61,2597.21,9.8,2.0,TP,120,2.17,-0.22,2603.34,2622.78,2626.31,3.53,69,-3.21,0.26,0.24,W1,5AM SELL: fitim: preku TP
664,2024-12-19 21:30,2024-12-19 14:30,e enjte,1PM,SELL,2597.76,2601.16,2590.96,3.4,-1.0,SL,0,0.11,-1.02,2586.92,2600.71,2600.86,0.15,79,-3.21,0.09,0.27,L1,"1PM SELL: kthim i menjehershem: cmimi shkoi kunder menjehere (sweep-i vazhdoi), SL brenda 1 ore; SL pas 0 min | SL i vogel (<10% e ATR ditore)"
665,2024-12-23 05:30,2024-12-22 22:30,e diel,9PM,SELL,2624.29,2627.72,2617.43,3.43,-1.0,SL,120,0.5,-1.49,2617.33,2625.16,2627.42,2.26,89,-1.78,0.09,0.23,L3,"9PM SELL: levizje e vogel ne favor (+0.3R deri +1R), pastaj SL; SL pas 120 min | qiri 9PM (Asia), SL i vogel (<10% e ATR ditore)"
666,2024-12-23 10:15,2024-12-23 03:15,e hene,1AM,SELL,2628.94,2633.63,2619.56,4.69,2.0,TP,150,2.07,-0.71,2617.33,2629.17,2633.33,4.16,98,-1.78,0.12,0.24,W1,1AM SELL: fitim: preku TP
667,2024-12-24 05:00,2024-12-23 22:00,e hene,9PM,SELL,2616.89,2620.23,2610.21,3.34,-1.0,SL,105,0.28,-1.14,2612.6,2617.94,2619.93,1.99,80,-2.11,0.09,0.23,L2,"9PM SELL: pa drejtim: trade-i nuk shkoi kurre ne favor, SL pas me shume se 1 ore; SL pas 105 min | qiri 9PM (Asia), SL i vogel (<10% e ATR ditore)"
668,2024-12-24 10:00,2024-12-24 03:00,e marte,1AM,SELL,2618.28,2621.73,2611.38,3.45,2.0,TP,405,2.27,-0.49,2612.6,2621.42,2621.43,0.01,64,-2.11,0.09,0.24,W1,1AM SELL: fitim: preku TP | SL i vogel (<10% e ATR ditore)
669,2024-12-26 05:30,2024-12-25 22:30,e merkure,9PM,SELL,2626.16,2629.25,2619.98,3.09,-1.0,SL,60,0.11,-1.07,2614.17,2627.74,2628.95,1.21,88,-1.9,0.08,0.23,L1,"9PM SELL: kthim i menjehershem: cmimi shkoi kunder menjehere (sweep-i vazhdoi), SL brenda 1 ore; SL pas 60 min | qiri 9PM (Asia), SL i vogel (<10% e ATR ditore)"
670,2024-12-26 09:30,2024-12-26 02:30,e enjte,1AM,SELL,2624.5,2629.77,2613.96,5.27,-1.0,SL,210,0.13,-1.07,2614.17,2629.23,2629.47,0.24,69,-1.9,0.14,0.24,L2,"1AM SELL: pa drejtim: trade-i nuk shkoi kurre ne favor, SL pas me shume se 1 ore; SL pas 210 min"
671,2024-12-26 14:00,2024-12-26 07:00,e enjte,5AM,SELL,2627.73,2630.22,2622.75,2.49,-1.0,SL,60,1.22,-1.42,2623.55,2629.47,2629.92,0.45,71,-1.9,0.07,0.27,L4,"5AM SELL: fitim i humbur: arriti te pakten +1R, pastaj u kthye ne SL (maksimumi +1.2R); SL pas 60 min | SL i vogel (<10% e ATR ditore)"
672,2024-12-26 19:15,2024-12-26 12:15,e enjte,9AM,SELL,2630.32,2639.31,2612.34,8.99,-0.29,time,480,0.24,-0.67,2621.51,2630.96,2639.01,8.05,93,-1.9,0.24,0.27,L5,9AM SELL: mbyllje me kohe ne humbje (8 ore ose e premte); -0.29R pas 8.0 oresh | sweep i thelle (>50% e range-it)
673,2024-12-27 09:45,2024-12-27 02:45,e premte,1AM,SELL,2635.44,2638.34,2629.64,2.9,2.0,TP,15,2.51,-0.24,2628.85,2635.47,2638.04,2.57,100,-1.25,0.08,0.24,W1,"1AM SELL: fitim: preku TP | e premte, SL i vogel (<10% e ATR ditore)"
674,2024-12-30 06:00,2024-12-29 23:00,e diel,9PM,SELL,2626.5,2628.25,2623.0,1.75,2.0,TP,30,2.69,-0.13,2619.4,2626.67,2627.95,1.28,98,-1.64,0.05,0.23,W1,"9PM SELL: fitim: preku TP | qiri 9PM (Asia), SL i vogel (<10% e ATR ditore)"
675,2025-01-02 04:45,2025-01-01 21:45,e merkure,9PM,SELL,2633.43,2636.85,2626.59,3.42,-1.0,SL,315,0.64,-1.1,2621.7,2634.5,2636.55,2.05,92,-1.38,0.1,0.23,L3,"9PM SELL: levizje e vogel ne favor (+0.3R deri +1R), pastaj SL; SL pas 315 min | qiri 9PM (Asia), SL i vogel (<10% e ATR ditore)"
676,2025-01-02 10:30,2025-01-02 03:30,e enjte,1AM,SELL,2633.26,2637.24,2625.3,3.98,-1.0,SL,15,0.48,-1.16,2621.7,2636.55,2636.94,0.39,78,-1.38,0.11,0.28,L3,"1AM SELL: levizje e vogel ne favor (+0.3R deri +1R), pastaj SL; SL pas 15 min"
677,2025-01-02 15:15,2025-01-02 08:15,e enjte,5AM,SELL,2638.66,2646.65,2622.68,7.99,-1.0,SL,30,0.3,-1.09,2631.08,2639.93,2646.35,6.42,86,-1.38,0.23,0.24,L1,"5AM SELL: kthim i menjehershem: cmimi shkoi kunder menjehere (sweep-i vazhdoi), SL brenda 1 ore; SL pas 30 min | ora e lajmeve 8-10 NY, sweep i thelle (>50% e range-it)"
678,2025-01-03 03:30,2025-01-02 20:30,e enjte,5PM,SELL,2658.67,2662.74,2650.53,4.07,-1.0,SL,45,0.55,-1.39,2653.68,2660.33,2662.44,2.11,75,-0.05,0.12,0.28,L3,"5PM SELL: levizje e vogel ne favor (+0.3R deri +1R), pastaj SL; SL pas 45 min | qiri 5PM (pas mbylljes ditore), trend i dobet (<0.5% nga mesatarja)"
679,2025-01-03 06:00,2025-01-02 23:00,e enjte,9PM,SELL,2662.3,2665.56,2655.78,3.26,2.0,TP,195,3.16,-0.68,2656.57,2662.44,2665.26,2.82,98,-0.05,0.1,0.28,W1,"9PM SELL: fitim: preku TP | qiri 9PM (Asia), trend i dobet (<0.5% nga mesatarja), SL i vogel (<10% e ATR ditore)"
680,2025-01-07 08:45,2025-01-07 01:45,e marte,1AM,SELL,2643.5,2646.95,2636.6,3.45,-1.0,SL,255,1.52,-1.06,2632.88,2645.67,2646.65,0.98,83,-0.74,0.11,0.23,L4,"1AM SELL: fitim i humbur: arriti te pakten +1R, pastaj u kthye ne SL (maksimumi +1.5R); SL pas 255 min"
681,2025-01-08 10:15,2025-01-08 03:15,e merkure,1AM,SELL,2651.12,2654.65,2644.06,3.53,-1.0,SL,45,0.38,-1.15,2645.29,2651.51,2654.35,2.84,94,-0.18,0.11,0.23,L3,"1AM SELL: levizje e vogel ne favor (+0.3R deri +1R), pastaj SL; SL pas 45 min | trend i dobet (<0.5% nga mesatarja)"
682,2025-01-08 13:00,2025-01-08 06:00,e merkure,5AM,SELL,2653.07,2655.36,2648.49,2.29,2.0,TP,30,2.33,-0.1,2648.83,2654.96,2655.06,0.1,69,-0.18,0.07,0.22,W1,"5AM SELL: fitim: preku TP | trend i dobet (<0.5% nga mesatarja), SL i vogel (<10% e ATR ditore)"
683,2025-01-08 19:45,2025-01-08 12:45,e merkure,9AM,SELL,2653.51,2670.21,2620.11,16.7,-0.34,time,480,0.21,-0.64,2645.78,2660.29,2669.91,9.62,53,-0.18,0.51,0.25,L5,"9AM SELL: mbyllje me kohe ne humbje (8 ore ose e premte); -0.34R pas 8.0 oresh | trend i dobet (<0.5% nga mesatarja), SL i madh (>30% e ATR ditore), sweep i thelle (>50% e range-it), hyrje afer mesit te range-it"
684,2025-01-09 05:00,2025-01-08 22:00,e merkure,9PM,BUY,2659.03,2656.07,2664.95,2.96,-1.0,SL,90,1.01,-1.21,2657.26,2663.18,2656.37,0.89,30,0.35,0.09,0.21,L4,"9PM BUY: fitim i humbur: arriti te pakten +1R, pastaj u kthye ne SL (maksimumi +1.0R); SL pas 90 min | qiri 9PM (Asia), trend i dobet (<0.5% nga mesatarja), SL i vogel (<10% e ATR ditore)"
685,2025-01-09 20:00,2025-01-09 13:00,e enjte,9AM,BUY,2666.13,2662.3,2673.79,3.83,1.28,time,480,1.67,-0.31,2664.36,2678.11,2662.6,1.76,13,0.35,0.12,0.25,W2,9AM BUY: mbyllje me kohe ne fitim; +1.28R pas 8.0 oresh | trend i dobet (<0.5% nga mesatarja)
686,2025-01-13 21:45,2025-01-13 14:45,e hene,1PM,BUY,2659.89,2656.25,2667.17,3.64,2.0,TP,225,2.17,-0.6,2659.15,2674.25,2656.55,2.6,5,1.54,0.13,0.27,W1,1PM BUY: fitim: preku TP
687,2025-01-14 13:45,2025-01-14 06:45,e marte,5AM,BUY,2666.48,2664.21,2671.02,2.27,2.0,TP,30,2.22,-0.26,2664.76,2674.44,2664.51,0.25,18,0.63,0.08,0.24,W1,5AM BUY: fitim: preku TP | SL i vogel (<10% e ATR ditore)
688,2025-01-14 17:00,2025-01-14 10:00,e marte,9AM,BUY,2665.37,2659.59,2676.93,5.78,2.0,TP,375,2.18,-0.04,2660.69,2674.18,2659.89,0.8,35,0.63,0.21,0.14,W1,9AM BUY: fitim: preku TP
689,2025-01-15 18:30,2025-01-15 11:30,e merkure,9AM,BUY,2683.11,2676.38,2696.57,6.73,2.0,TP,270,2.11,-0.22,2682.12,2694.13,2676.68,5.44,8,1.2,0.24,0.14,W1,9AM BUY: fitim: preku TP
690,2025-01-16 08:45,2025-01-16 01:45,e enjte,1AM,BUY,2693.33,2689.59,2700.81,3.74,2.0,TP,90,2.67,-0.18,2692.97,2702.19,2689.89,3.08,4,1.98,0.13,0.14,W1,1AM BUY: fitim: preku TP
691,2025-01-17 04:00,2025-01-16 21:00,e enjte,5PM,BUY,2714.9,2709.53,2725.64,5.37,-1.0,SL,345,0.45,-1.16,2712.28,2723.23,2709.83,2.45,24,2.65,0.18,0.14,L3,"5PM BUY: levizje e vogel ne favor (+0.3R deri +1R), pastaj SL; SL pas 345 min | qiri 5PM (pas mbylljes ditore)"
692,2025-01-17 10:30,2025-01-17 03:30,e premte,1AM,BUY,2711.03,2708.37,2716.35,2.66,-1.0,SL,45,0.73,-2.0,2709.83,2717.32,2708.67,1.16,16,2.65,0.09,0.14,L3,"1AM BUY: levizje e vogel ne favor (+0.3R deri +1R), pastaj SL; SL pas 45 min | e premte, SL i vogel (<10% e ATR ditore)"
693,2025-01-17 12:30,2025-01-17 05:30,e premte,5AM,BUY,2705.96,2703.43,2711.02,2.53,-1.0,SL,0,0.09,-1.24,2704.05,2714.62,2703.73,0.32,18,2.65,0.09,0.14,L1,"5AM BUY: kthim i menjehershem: cmimi shkoi kunder menjehere (sweep-i vazhdoi), SL brenda 1 ore; SL pas 0 min | e premte, SL i vogel (<10% e ATR ditore)"
694,2025-01-21 13:45,2025-01-21 06:45,e marte,5AM,BUY,2721.45,2716.24,2731.87,5.21,2.0,TP,150,2.1,-0.12,2717.94,2732.84,2716.54,1.4,24,2.36,0.18,0.14,W1,5AM BUY: fitim: preku TP
695,2025-01-23 02:45,2025-01-22 19:45,e merkure,5PM,BUY,2755.83,2752.69,2762.11,3.14,-1.0,SL,60,0.11,-1.68,2754.6,2759.3,2752.99,1.61,26,4.06,0.11,0.21,L1,"5PM BUY: kthim i menjehershem: cmimi shkoi kunder menjehere (sweep-i vazhdoi), SL brenda 1 ore; SL pas 60 min | qiri 5PM (pas mbylljes ditore)"
696,2025-01-23 06:15,2025-01-22 23:15,e merkure,9PM,BUY,2752.62,2749.16,2759.54,3.46,-1.0,SL,300,0.84,-3.01,2750.57,2756.41,2749.46,1.11,35,4.06,0.12,0.21,L3,"9PM BUY: levizje e vogel ne favor (+0.3R deri +1R), pastaj SL; SL pas 300 min | qiri 9PM (Asia)"
697,2025-01-27 09:00,2025-01-27 02:00,e hene,1AM,BUY,2754.83,2750.5,2763.49,4.33,-1.0,SL,15,0.05,-1.59,2752.8,2772.58,2750.8,2.0,10,4.34,0.15,0.21,L1,"1AM BUY: kthim i menjehershem: cmimi shkoi kunder menjehere (sweep-i vazhdoi), SL brenda 1 ore; SL pas 15 min"
698,2025-01-28 05:15,2025-01-27 22:15,e hene,9PM,BUY,2741.16,2738.01,2747.46,3.15,-1.0,SL,30,0.2,-1.07,2739.39,2745.16,2738.31,1.08,31,3.04,0.11,0.21,L1,"9PM BUY: kthim i menjehershem: cmimi shkoi kunder menjehere (sweep-i vazhdoi), SL brenda 1 ore; SL pas 30 min | qiri 9PM (Asia)"
699,2025-01-28 11:00,2025-01-28 04:00,e marte,1AM,BUY,2741.33,2734.39,2755.21,6.94,2.0,TP,330,2.15,-0.14,2737.8,2745.16,2734.69,3.11,48,3.04,0.24,0.23,W1,1AM BUY: fitim: preku TP | hyrje afer mesit te range-it
700,2025-01-29 06:30,2025-01-28 23:30,e marte,9PM,BUY,2763.75,2761.07,2769.11,2.68,-1.0,SL,60,0.11,-1.34,2762.11,2766.15,2761.37,0.74,41,3.76,0.09,0.21,L1,"9PM BUY: kthim i menjehershem: cmimi shkoi kunder menjehere (sweep-i vazhdoi), SL brenda 1 ore; SL pas 60 min | qiri 9PM (Asia), SL i vogel (<10% e ATR ditore), hyrje afer mesit te range-it"
701,2025-01-29 10:15,2025-01-29 03:15,e merkure,1AM,BUY,2761.6,2757.04,2770.72,4.56,-1.0,SL,225,0.96,-1.19,2760.15,2766.15,2757.34,2.81,24,3.76,0.16,0.23,L3,"1AM BUY: levizje e vogel ne favor (+0.3R deri +1R), pastaj SL; SL pas 225 min"
702,2025-01-29 15:45,2025-01-29 08:45,e merkure,5AM,BUY,2757.6,2751.82,2769.16,5.78,-1.0,SL,90,0.6,-1.33,2757.34,2765.97,2752.12,5.22,3,3.76,0.2,0.07,L3,"5AM BUY: levizje e vogel ne favor (+0.3R deri +1R), pastaj SL; SL pas 90 min | ora e lajmeve 8-10 NY, sweep i thelle (>50% e range-it)"
703,2025-01-29 18:00,2025-01-29 11:00,e merkure,9AM,BUY,2754.18,2748.15,2766.24,6.03,-1.0,SL,180,0.32,-1.46,2752.12,2763.29,2748.45,3.67,18,3.76,0.21,0.07,L3,"9AM BUY: levizje e vogel ne favor (+0.3R deri +1R), pastaj SL; SL pas 180 min"
704,2025-01-29 21:45,2025-01-29 14:45,e merkure,1PM,BUY,2754.51,2744.34,2774.85,10.17,0.69,time,480,0.8,-0.34,2748.28,2761.04,2744.64,3.64,49,3.76,0.35,0.07,W2,"1PM BUY: mbyllje me kohe ne fitim; +0.69R pas 8.0 oresh | SL i madh (>30% e ATR ditore), hyrje afer mesit te range-it"
705,2025-01-31 13:15,2025-01-31 06:15,e premte,5AM,BUY,2795.27,2790.68,2804.45,4.59,2.0,TP,60,2.25,-0.1,2791.81,2800.89,2790.98,0.83,38,4.67,0.16,0.07,W1,5AM BUY: fitim: preku TP | e premte
706,2025-02-03 06:15,2025-02-02 23:15,e diel,9PM,BUY,2782.77,2771.85,2804.61,10.92,1.71,time,480,1.96,-0.53,2778.36,2804.78,2772.15,6.21,17,4.71,0.38,0.07,W2,"9PM BUY: mbyllje me kohe ne fitim; +1.71R pas 8.0 oresh | qiri 9PM (Asia), SL i madh (>30% e ATR ditore)"
707,2025-02-04 09:00,2025-02-04 02:00,e marte,1AM,BUY,2813.47,2810.57,2819.27,2.9,-1.0,SL,15,0.37,-2.11,2812.51,2824.67,2810.87,1.64,8,5.21,0.09,0.07,L3,"1AM BUY: levizje e vogel ne favor (+0.3R deri +1R), pastaj SL; SL pas 15 min | SL i vogel (<10% e ATR ditore)"
708,2025-02-05 01:45,2025-02-04 18:45,e marte,5PM,BUY,2841.8,2840.3,2844.8,1.5,2.0,TP,45,4.29,-0.67,2840.88,2844.95,2840.6,0.28,23,6.14,0.05,0.21,W1,"5PM BUY: fitim: preku TP | qiri 5PM (pas mbylljes ditore), SL i vogel (<10% e ATR ditore)"
709,2025-02-05 23:30,2025-02-05 16:30,e merkure,1PM,BUY,2863.4,2859.59,2871.02,3.81,2.0,TP,255,2.19,-0.35,2860.63,2882.17,2859.89,0.74,13,6.14,0.12,0.25,W1,1PM BUY: fitim: preku TP
710,2025-02-10 16:30,2025-02-10 09:30,e hene,9AM,BUY,2904.48,2895.99,2921.46,8.49,0.42,time,510,0.86,-0.93,2898.14,2910.88,2896.29,1.85,50,6.29,0.24,0.07,W2,"9AM BUY: mbyllje me kohe ne fitim; +0.42R pas 8.5 oresh | ora e lajmeve 8-10 NY, hyrje afer mesit te range-it"
711,2025-02-14 05:15,2025-02-13 22:15,e enjte,9PM,BUY,2929.06,2925.61,2935.96,3.45,-1.0,SL,15,0.37,-1.63,2927.26,2933.81,2925.91,1.35,27,7.94,0.09,0.07,L3,"9PM BUY: levizje e vogel ne favor (+0.3R deri +1R), pastaj SL; SL pas 15 min | qiri 9PM (Asia), SL i vogel (<10% e ATR ditore)"
712,2025-02-14 14:30,2025-02-14 07:30,e premte,5AM,BUY,2932.21,2928.86,2938.91,3.35,-1.0,SL,0,0.04,-1.34,2929.93,2938.73,2929.16,0.77,26,7.94,0.08,0.07,L1,"5AM BUY: kthim i menjehershem: cmimi shkoi kunder menjehere (sweep-i vazhdoi), SL brenda 1 ore; SL pas 0 min | e premte, SL i vogel (<10% e ATR ditore)"
713,2025-02-14 16:30,2025-02-14 09:30,e premte,9AM,BUY,2926.83,2914.03,2952.43,12.8,-1.0,SL,45,0.12,-2.3,2917.65,2939.97,2914.33,3.32,41,7.94,0.32,0.07,L1,"9AM BUY: kthim i menjehershem: cmimi shkoi kunder menjehere (sweep-i vazhdoi), SL brenda 1 ore; SL pas 45 min | ora e lajmeve 8-10 NY, e premte, SL i madh (>30% e ATR ditore), hyrje afer mesit te range-it"
714,2025-02-18 13:00,2025-02-18 06:00,e marte,5AM,BUY,2911.3,2906.79,2920.32,4.51,2.0,TP,150,2.02,-0.34,2908.17,2915.37,2907.09,1.08,43,6.47,0.11,0.08,W1,5AM BUY: fitim: preku TP | hyrje afer mesit te range-it
715,2025-02-19 08:00,2025-02-19 01:00,e merkure,9PM,BUY,2932.92,2923.81,2951.14,9.11,0.37,time,480,1.54,-0.27,2928.2,2939.65,2924.11,4.09,41,7.55,0.21,0.07,W2,"9PM BUY: mbyllje me kohe ne fitim; +0.37R pas 8.0 oresh | qiri 9PM (Asia), hyrje afer mesit te range-it"
716,2025-02-19 20:45,2025-02-19 13:45,e merkure,1PM,BUY,2925.16,2918.19,2939.1,6.97,2.0,TP,315,2.15,-0.23,2921.51,2940.56,2918.49,3.02,19,7.55,0.16,0.07,W1,1PM BUY: fitim: preku TP
717,2025-02-20 16:45,2025-02-20 09:45,e enjte,9AM,BUY,2939.3,2923.8,2970.3,15.5,-0.06,time,495,0.5,-0.48,2933.91,2954.79,2924.1,9.81,26,7.26,0.37,0.14,L5,"9AM BUY: mbyllje me kohe ne humbje (8 ore ose e premte); -0.06R pas 8.2 oresh | ora e lajmeve 8-10 NY, SL i madh (>30% e ATR ditore)"
718,2025-02-21 07:45,2025-02-21 00:45,e premte,9PM,BUY,2930.82,2923.89,2944.68,6.93,-1.0,SL,135,0.47,-1.03,2926.85,2949.75,2924.19,2.66,17,7.29,0.16,0.14,L3,"9PM BUY: levizje e vogel ne favor (+0.3R deri +1R), pastaj SL; SL pas 135 min | qiri 9PM (Asia), e premte"
719,2025-02-21 11:30,2025-02-21 04:30,e premte,1AM,BUY,2925.36,2916.7,2942.68,8.66,1.46,time,480,1.65,-0.42,2924.19,2949.75,2917.0,7.19,5,7.29,0.2,0.14,W2,1AM BUY: mbyllje me kohe ne fitim; +1.46R pas 8.0 oresh | e premte
720,2025-02-24 13:15,2025-02-24 06:15,e hene,5AM,BUY,2938.92,2934.62,2947.52,4.3,2.0,TP,30,2.13,-0.09,2935.57,2948.77,2934.92,0.65,25,7.02,0.11,0.14,W1,5AM BUY: fitim: preku TP
721,2025-02-24 18:15,2025-02-24 11:15,e hene,9AM,BUY,2942.88,2930.98,2966.68,11.9,0.56,time,480,0.91,-0.25,2934.92,2954.56,2931.28,3.64,41,7.02,0.29,0.14,W2,9AM BUY: mbyllje me kohe ne fitim; +0.56R pas 8.0 oresh | hyrje afer mesit te range-it
722,2025-02-25 09:00,2025-02-25 02:00,e marte,1AM,BUY,2935.97,2933.24,2941.43,2.73,-1.0,SL,45,1.56,-1.96,2935.06,2953.73,2933.54,1.52,5,7.42,0.07,0.14,L4,"1AM BUY: fitim i humbur: arriti te pakten +1R, pastaj u kthye ne SL (maksimumi +1.6R); SL pas 45 min | SL i vogel (<10% e ATR ditore)"
723,2025-02-25 15:15,2025-02-25 08:15,e marte,5AM,BUY,2931.21,2923.68,2946.27,7.53,-1.0,SL,120,1.8,-2.8,2929.55,2942.29,2923.98,5.57,13,7.42,0.19,0.14,L4,"5AM BUY: fitim i humbur: arriti te pakten +1R, pastaj u kthye ne SL (maksimumi +1.8R); SL pas 120 min | ora e lajmeve 8-10 NY"
724,2025-02-26 07:15,2025-02-26 00:15,e merkure,9PM,BUY,2917.18,2912.29,2926.96,4.89,-1.0,SL,45,0.79,-1.7,2913.58,2930.11,2912.59,0.99,22,5.82,0.12,0.07,L3,"9PM BUY: levizje e vogel ne favor (+0.3R deri +1R), pastaj SL; SL pas 45 min | qiri 9PM (Asia)"
725,2025-02-26 09:45,2025-02-26 02:45,e merkure,1AM,BUY,2914.72,2905.47,2933.22,9.25,-1.0,SL,375,0.46,-2.36,2912.59,2930.11,2905.77,6.82,12,5.82,0.22,0.14,L3,"1AM BUY: levizje e vogel ne favor (+0.3R deri +1R), pastaj SL; SL pas 375 min"
726,2025-02-27 11:30,2025-02-27 04:30,e enjte,1AM,BUY,2890.98,2876.81,2919.32,14.17,-1.0,SL,315,0.29,-1.64,2888.61,2920.77,2877.11,11.5,7,5.66,0.34,0.14,L2,"1AM BUY: pa drejtim: trade-i nuk shkoi kurre ne favor, SL pas me shume se 1 ore; SL pas 315 min | SL i madh (>30% e ATR ditore)"
727,2025-02-27 20:00,2025-02-27 13:00,e enjte,9AM,BUY,2883.39,2867.5,2915.17,15.89,-0.54,time,480,0.26,-0.76,2881.67,2895.03,2867.8,13.87,13,5.66,0.38,0.14,L5,"9AM BUY: mbyllje me kohe ne humbje (8 ore ose e premte); -0.54R pas 8.0 oresh | SL i madh (>30% e ATR ditore), sweep i thelle (>50% e range-it)"
728,2025-02-28 11:15,2025-02-28 04:15,e premte,1AM,BUY,2860.38,2850.72,2879.7,9.66,-1.0,SL,270,0.47,-1.25,2856.88,2885.08,2851.02,5.86,12,4.08,0.22,0.14,L3,"1AM BUY: levizje e vogel ne favor (+0.3R deri +1R), pastaj SL; SL pas 270 min | e premte"
729,2025-02-28 18:00,2025-02-28 11:00,e premte,9AM,BUY,2850.69,2832.39,2887.29,18.3,0.21,time,300,0.23,-0.69,2848.27,2864.89,2832.69,15.58,15,4.08,0.42,0.14,W2,"9AM BUY: mbyllje me kohe ne fitim; +0.21R pas 5.0 oresh | e premte, SL i madh (>30% e ATR ditore), sweep i thelle (>50% e range-it)"
730,2025-03-03 05:45,2025-03-02 22:45,e diel,9PM,BUY,2864.96,2858.95,2876.98,6.01,-1.0,SL,270,0.58,-1.0,2860.33,2876.95,2859.25,1.08,28,3.17,0.14,0.14,L3,"9PM BUY: levizje e vogel ne favor (+0.3R deri +1R), pastaj SL; SL pas 270 min | qiri 9PM (Asia)"
731,2025-03-03 10:45,2025-03-03 03:45,e hene,1AM,BUY,2865.11,2858.65,2878.03,6.46,2.0,TP,345,2.76,-0.13,2859.25,2876.95,2858.95,0.3,33,3.17,0.15,0.14,W1,1AM BUY: fitim: preku TP
732,2025-03-04 19:00,2025-03-04 12:00,e marte,9AM,BUY,2915.3,2900.33,2945.24,14.97,-0.08,time,480,0.33,-0.47,2912.19,2927.72,2900.63,11.56,20,4.2,0.36,0.1,L5,"9AM BUY: mbyllje me kohe ne humbje (8 ore ose e premte); -0.08R pas 8.0 oresh | SL i madh (>30% e ATR ditore), sweep i thelle (>50% e range-it)"
733,2025-03-05 05:15,2025-03-04 22:15,e marte,9PM,BUY,2908.78,2901.84,2922.66,6.94,0.78,time,480,1.99,-0.12,2903.44,2918.06,2902.14,1.3,37,4.9,0.17,0.07,W2,9PM BUY: mbyllje me kohe ne fitim; +0.78R pas 8.0 oresh | qiri 9PM (Asia)
734,2025-03-05 14:15,2025-03-05 07:15,e merkure,5AM,BUY,2917.94,2908.65,2936.52,9.29,-1.0,SL,75,0.13,-2.1,2913.36,2922.56,2908.95,4.41,50,4.9,0.22,0.14,L2,"5AM BUY: pa drejtim: trade-i nuk shkoi kurre ne favor, SL pas me shume se 1 ore; SL pas 75 min | hyrje afer mesit te range-it"
735,2025-03-06 07:45,2025-03-06 00:45,e enjte,9PM,BUY,2918.97,2914.27,2928.37,4.7,-1.0,SL,105,0.85,-1.58,2915.94,2925.62,2914.57,1.37,31,4.71,0.11,0.14,L3,"9PM BUY: levizje e vogel ne favor (+0.3R deri +1R), pastaj SL; SL pas 105 min | qiri 9PM (Asia)"
736,2025-03-07 16:30,2025-03-07 09:30,e premte,9AM,BUY,2917.46,2904.95,2942.48,12.51,-1.0,SL,225,1.04,-1.24,2910.39,2926.04,2905.25,5.14,45,4.19,0.31,0.14,L4,"9AM BUY: fitim i humbur: arriti te pakten +1R, pastaj u kthye ne SL (maksimumi +1.0R); SL pas 225 min | ora e lajmeve 8-10 NY, e premte, SL i madh (>30% e ATR ditore), hyrje afer mesit te range-it"
737,2025-03-10 06:45,2025-03-09 23:45,e diel,9PM,BUY,2912.06,2909.26,2917.66,2.8,-1.0,SL,45,0.52,-1.39,2909.76,2917.0,2909.56,0.2,32,3.98,0.07,0.14,L3,"9PM BUY: levizje e vogel ne favor (+0.3R deri +1R), pastaj SL; SL pas 45 min | qiri 9PM (Asia), SL i vogel (<10% e ATR ditore)"
738,2025-03-10 10:30,2025-03-10 03:30,e hene,1AM,BUY,2912.31,2906.7,2923.53,5.61,-1.0,SL,75,0.56,-1.41,2908.17,2918.23,2907.0,1.17,41,3.98,0.14,0.14,L3,"1AM BUY: levizje e vogel ne favor (+0.3R deri +1R), pastaj SL; SL pas 75 min | hyrje afer mesit te range-it"
739,2025-03-10 13:15,2025-03-10 06:15,e hene,5AM,BUY,2908.05,2896.41,2931.33,11.64,-1.0,SL,135,0.63,-1.07,2904.42,2915.44,2896.71,7.71,33,3.98,0.29,0.14,L3,"5AM BUY: levizje e vogel ne favor (+0.3R deri +1R), pastaj SL; SL pas 135 min | sweep i thelle (>50% e range-it)"
740,2025-03-12 05:30,2025-03-11 22:30,e marte,9PM,BUY,2914.71,2910.57,2922.99,4.14,-1.0,SL,330,1.53,-1.01,2914.37,2919.68,2910.87,3.5,6,3.83,0.1,0.14,L4,"9PM BUY: fitim i humbur: arriti te pakten +1R, pastaj u kthye ne SL (maksimumi +1.5R); SL pas 330 min | qiri 9PM (Asia), sweep i thelle (>50% e range-it)"
741,2025-03-12 11:45,2025-03-12 04:45,e merkure,1AM,BUY,2912.73,2908.63,2920.93,4.1,2.0,TP,60,2.29,-0.08,2910.87,2919.98,2908.93,1.94,20,3.83,0.1,0.14,W1,1AM BUY: fitim: preku TP
742,2025-03-14 11:00,2025-03-14 04:00,e premte,1AM,BUY,2985.88,2980.9,2995.84,4.98,-1.0,SL,15,0.02,-1.01,2981.26,2992.85,2981.2,0.06,40,5.64,0.12,0.14,L1,"1AM BUY: kthim i menjehershem: cmimi shkoi kunder menjehere (sweep-i vazhdoi), SL brenda 1 ore; SL pas 15 min | e premte"
743,2025-03-17 08:30,2025-03-17 01:30,e hene,1AM,BUY,2984.32,2981.94,2989.08,2.38,2.0,TP,45,2.51,-0.5,2982.43,2994.09,2982.24,0.19,16,5.24,0.06,0.14,W1,1AM BUY: fitim: preku TP | SL i vogel (<10% e ATR ditore)
744,2025-03-19 05:15,2025-03-18 22:15,e marte,9PM,BUY,3031.42,3027.08,3040.1,4.34,2.0,TP,195,2.66,-0.39,3030.47,3035.04,3027.38,3.09,21,6.4,0.12,0.14,W1,"9PM BUY: fitim: preku TP | qiri 9PM (Asia), sweep i thelle (>50% e range-it)"
745,2025-03-19 12:30,2025-03-19 05:30,e merkure,5AM,BUY,3028.19,3022.49,3039.59,5.7,2.0,TP,120,2.06,-0.1,3024.67,3045.34,3022.79,1.88,17,6.4,0.16,0.14,W1,5AM BUY: fitim: preku TP
746,2025-03-20 06:15,2025-03-19 23:15,e merkure,9PM,BUY,3048.8,3044.67,3057.06,4.13,2.0,TP,75,2.06,-0.34,3046.01,3055.5,3044.97,1.04,29,6.59,0.12,0.14,W1,9PM BUY: fitim: preku TP | qiri 9PM (Asia)
747,2025-03-20 09:15,2025-03-20 02:15,e enjte,1AM,BUY,3049.34,3044.61,3058.8,4.73,-1.0,SL,60,0.45,-1.05,3044.97,3057.47,3044.91,0.06,35,6.59,0.14,0.14,L3,"1AM BUY: levizje e vogel ne favor (+0.3R deri +1R), pastaj SL; SL pas 60 min"
748,2025-03-20 15:45,2025-03-20 08:45,e enjte,5AM,BUY,3040.71,3025.38,3071.37,15.33,0.28,time,480,0.35,-0.7,3038.66,3053.34,3025.68,12.98,14,6.59,0.45,0.14,W2,"5AM BUY: mbyllje me kohe ne fitim; +0.28R pas 8.0 oresh | ora e lajmeve 8-10 NY, SL i madh (>30% e ATR ditore), sweep i thelle (>50% e range-it)"
749,2025-03-21 09:00,2025-03-21 02:00,e premte,1AM,BUY,3028.21,3021.45,3041.73,6.76,-1.0,SL,450,1.46,-2.16,3027.94,3047.41,3021.75,6.19,1,6.21,0.2,0.14,L4,"1AM BUY: fitim i humbur: arriti te pakten +1R, pastaj u kthye ne SL (maksimumi +1.5R); SL pas 450 min | e premte"
750,2025-03-24 08:00,2025-03-24 01:00,e hene,9PM,BUY,3019.49,3013.43,3031.61,6.06,2.0,TP,315,2.22,-0.36,3017.14,3026.36,3013.73,3.41,25,5.19,0.18,0.14,W1,9PM BUY: fitim: preku TP | qiri 9PM (Asia)
751,2025-03-24 23:30,2025-03-24 16:30,e hene,1PM,BUY,3011.72,3002.14,3030.88,9.58,0.39,time,480,0.48,-0.44,3005.77,3028.33,3002.44,3.33,26,5.19,0.28,0.14,W2,1PM BUY: mbyllje me kohe ne fitim; +0.39R pas 8.0 oresh
752,2025-03-25 22:15,2025-03-25 15:15,e marte,1PM,BUY,3019.74,3017.45,3024.32,2.29,-1.0,SL,345,1.15,-1.48,3017.94,3035.93,3017.75,0.19,10,4.56,0.07,0.14,L4,"1PM BUY: fitim i humbur: arriti te pakten +1R, pastaj u kthye ne SL (maksimumi +1.2R); SL pas 345 min | SL i vogel (<10% e ATR ditore)"
753,2025-03-26 08:45,2025-03-26 01:45,e merkure,1AM,BUY,3019.59,3012.98,3032.81,6.61,0.38,time,480,1.87,-0.39,3014.28,3027.02,3013.28,1.0,42,4.6,0.2,0.14,W2,1AM BUY: mbyllje me kohe ne fitim; +0.38R pas 8.0 oresh | hyrje afer mesit te range-it
754,2025-03-26 19:30,2025-03-26 12:30,e merkure,9AM,BUY,3019.16,3011.97,3033.54,7.19,0.58,time,480,0.83,-0.55,3017.0,3030.29,3012.27,4.73,16,4.6,0.22,0.14,W2,9AM BUY: mbyllje me kohe ne fitim; +0.58R pas 8.0 oresh
755,2025-03-31 17:15,2025-03-31 10:15,e hene,9AM,BUY,3115.18,3099.64,3146.26,15.54,0.59,time,480,0.77,-0.28,3111.85,3126.52,3099.94,11.91,23,6.08,0.49,0.2,W2,"9AM BUY: mbyllje me kohe ne fitim; +0.59R pas 8.0 oresh | SL i madh (>30% e ATR ditore), sweep i thelle (>50% e range-it)"
756,2025-04-01 18:15,2025-04-01 11:15,e marte,9AM,BUY,3131.16,3123.54,3146.4,7.62,-1.0,SL,15,0.05,-1.57,3127.66,3138.93,3123.84,3.82,31,7.14,0.23,0.2,L1,"9AM BUY: kthim i menjehershem: cmimi shkoi kunder menjehere (sweep-i vazhdoi), SL brenda 1 ore; SL pas 15 min"
757,2025-04-02 09:00,2025-04-02 02:00,e merkure,1AM,BUY,3118.17,3105.97,3142.57,12.2,0.34,time,480,1.28,-0.66,3107.68,3135.64,3106.27,1.41,38,6.57,0.38,0.2,W2,1AM BUY: mbyllje me kohe ne fitim; +0.34R pas 8.0 oresh | SL i madh (>30% e ATR ditore)
758,2025-04-03 10:00,2025-04-03 03:00,e enjte,1AM,BUY,3128.01,3116.12,3151.79,11.89,-1.0,SL,180,0.34,-1.33,3122.74,3167.75,3116.42,6.32,12,7.05,0.36,0.2,L3,"1AM BUY: levizje e vogel ne favor (+0.3R deri +1R), pastaj SL; SL pas 180 min | SL i madh (>30% e ATR ditore)"
759,2025-04-03 16:45,2025-04-03 09:45,e enjte,9AM,BUY,3086.9,3053.73,3153.24,33.17,0.82,time,495,1.47,-0.08,3062.31,3129.5,3054.03,8.28,37,7.05,0.99,0.2,W2,"9AM BUY: mbyllje me kohe ne fitim; +0.82R pas 8.2 oresh | ora e lajmeve 8-10 NY, SL i madh (>30% e ATR ditore)"
760,2025-04-07 17:15,2025-04-07 10:15,e hene,9AM,BUY,3027.01,3001.79,3077.45,25.22,-1.0,SL,15,0.43,-1.18,3014.78,3046.08,3002.09,12.69,39,3.22,0.52,0.2,L3,"9AM BUY: levizje e vogel ne favor (+0.3R deri +1R), pastaj SL; SL pas 15 min | SL i madh (>30% e ATR ditore)"
761,2025-04-07 21:00,2025-04-07 14:00,e hene,1PM,BUY,2970.23,2956.17,2998.35,14.06,2.0,TP,420,2.17,-0.45,2969.86,3037.94,2956.47,13.39,1,3.22,0.29,0.2,W1,1PM BUY: fitim: preku TP
762,2025-04-08 12:45,2025-04-08 05:45,e marte,5AM,BUY,3006.44,2994.46,3030.4,11.98,-1.0,SL,390,1.35,-1.17,2999.48,3015.64,2994.76,4.72,43,1.22,0.23,0.2,L4,"5AM BUY: fitim i humbur: arriti te pakten +1R, pastaj u kthye ne SL (maksimumi +1.4R); SL pas 390 min | hyrje afer mesit te range-it"
763,2025-04-08 21:00,2025-04-08 14:00,e marte,1PM,BUY,2985.27,2974.36,3007.09,10.91,-1.0,SL,330,0.64,-1.41,2984.32,3022.64,2974.66,9.66,2,1.22,0.21,0.2,L3,"1PM BUY: levizje e vogel ne favor (+0.3R deri +1R), pastaj SL; SL pas 330 min"
764,2025-04-10 12:30,2025-04-10 05:30,e enjte,5AM,BUY,3110.03,3102.94,3124.21,7.09,2.0,TP,120,2.1,-0.69,3104.67,3132.5,3103.24,1.43,19,4.24,0.12,0.2,W1,5AM BUY: fitim: preku TP
765,2025-04-14 14:15,2025-04-14 07:15,e hene,5AM,BUY,3223.19,3205.96,3257.65,17.23,-1.0,SL,75,0.26,-1.31,3216.44,3238.04,3206.26,10.18,31,8.87,0.25,0.2,L2,"5AM BUY: pa drejtim: trade-i nuk shkoi kurre ne favor, SL pas me shume se 1 ore; SL pas 75 min"
766,2025-04-14 16:45,2025-04-14 09:45,e hene,9AM,BUY,3208.01,3193.26,3237.51,14.75,0.25,time,495,0.57,-0.86,3200.64,3231.53,3193.56,7.08,24,8.87,0.22,0.2,W2,9AM BUY: mbyllje me kohe ne fitim; +0.25R pas 8.2 oresh | ora e lajmeve 8-10 NY
767,2025-04-15 15:15,2025-04-15 08:15,e marte,5AM,BUY,3223.82,3216.42,3238.62,7.4,-1.0,SL,0,0.3,-1.29,3217.32,3232.08,3216.72,0.6,44,7.72,0.11,0.2,L3,"5AM BUY: levizje e vogel ne favor (+0.3R deri +1R), pastaj SL; SL pas 0 min | ora e lajmeve 8-10 NY, hyrje afer mesit te range-it"
768,2025-04-15 17:15,2025-04-15 10:15,e marte,9AM,BUY,3220.34,3211.28,3238.46,9.06,1.31,time,480,1.46,-0.39,3214.26,3230.05,3211.58,2.68,39,7.72,0.13,0.2,W2,9AM BUY: mbyllje me kohe ne fitim; +1.31R pas 8.0 oresh
769,2025-04-17 07:00,2025-04-17 00:00,e enjte,9PM,BUY,3344.69,3320.4,3393.27,24.29,-1.0,SL,180,0.03,-1.02,3338.85,3357.67,3320.7,18.15,31,11.51,0.32,0.2,L2,"9PM BUY: pa drejtim: trade-i nuk shkoi kurre ne favor, SL pas me shume se 1 ore; SL pas 180 min | qiri 9PM (Asia), SL i madh (>30% e ATR ditore), sweep i thelle (>50% e range-it)"
770,2025-04-17 10:45,2025-04-17 03:45,e enjte,1AM,BUY,3323.37,3313.89,3342.33,9.48,-1.0,SL,45,0.16,-1.13,3320.7,3357.67,3314.19,6.51,7,11.51,0.13,0.2,L1,"1AM BUY: kthim i menjehershem: cmimi shkoi kunder menjehere (sweep-i vazhdoi), SL brenda 1 ore; SL pas 45 min"
771,2025-04-22 17:30,2025-04-22 10:30,e marte,9AM,BUY,3432.39,3408.34,3480.49,24.05,-1.0,SL,90,0.27,-1.13,3424.2,3468.21,3408.64,15.56,19,13.47,0.29,0.2,L2,"9AM BUY: pa drejtim: trade-i nuk shkoi kurre ne favor, SL pas me shume se 1 ore; SL pas 90 min"
772,2025-04-22 23:15,2025-04-22 16:15,e marte,1PM,BUY,3382.29,3366.44,3413.99,15.85,-1.0,SL,105,0.03,-4.14,3372.08,3449.7,3366.74,5.34,13,13.47,0.19,0.2,L2,"1PM BUY: pa drejtim: trade-i nuk shkoi kurre ne favor, SL pas me shume se 1 ore; SL pas 105 min"
773,2025-04-23 04:00,2025-04-22 21:00,e marte,5PM,BUY,3368.11,3315.44,3473.45,52.67,-1.0,SL,300,1.03,-1.14,3366.74,3410.25,3315.74,51.0,3,11.68,0.6,0.2,L4,"5PM BUY: fitim i humbur: arriti te pakten +1R, pastaj u kthye ne SL (maksimumi +1.0R); SL pas 300 min | qiri 5PM (pas mbylljes ditore), SL i madh (>30% e ATR ditore), sweep i thelle (>50% e range-it)"
774,2025-04-23 09:30,2025-04-23 02:30,e merkure,1AM,BUY,3322.58,3307.61,3352.52,14.97,-1.0,SL,15,0.02,-2.06,3315.74,3386.65,3307.91,7.83,10,11.68,0.17,0.2,L1,"1AM BUY: kthim i menjehershem: cmimi shkoi kunder menjehere (sweep-i vazhdoi), SL brenda 1 ore; SL pas 15 min"
775,2025-04-24 17:45,2025-04-24 10:45,e enjte,9AM,BUY,3326.57,3306.32,3367.07,20.25,2.0,TP,465,2.18,-0.35,3325.4,3344.65,3306.62,18.78,6,8.34,0.21,0.21,W1,9AM BUY: fitim: preku TP | sweep i thelle (>50% e range-it)
776,2025-04-25 05:15,2025-04-24 22:15,e enjte,9PM,BUY,3352.75,3342.57,3373.11,10.18,-1.0,SL,75,0.14,-1.1,3346.91,3370.76,3342.87,4.04,24,10.03,0.11,0.21,L2,"9PM BUY: pa drejtim: trade-i nuk shkoi kurre ne favor, SL pas me shume se 1 ore; SL pas 75 min | qiri 9PM (Asia)"
777,2025-04-28 08:00,2025-04-28 01:00,e hene,9PM,BUY,3299.36,3267.67,3362.74,31.69,-0.11,time,480,0.09,-0.82,3298.6,3331.41,3267.97,30.63,2,8.73,0.34,0.26,L5,"9PM BUY: mbyllje me kohe ne humbje (8 ore ose e premte); -0.11R pas 8.0 oresh | qiri 9PM (Asia), SL i madh (>30% e ATR ditore), sweep i thelle (>50% e range-it)"
778,2025-04-29 08:45,2025-04-29 01:45,e marte,1AM,BUY,3316.3,3304.8,3339.3,11.5,-1.0,SL,390,0.74,-1.38,3306.77,3349.55,3305.1,1.67,22,9.24,0.13,0.2,L3,"1AM BUY: levizje e vogel ne favor (+0.3R deri +1R), pastaj SL; SL pas 390 min"
779,2025-04-29 16:00,2025-04-29 09:00,e marte,5AM,BUY,3312.97,3300.14,3338.63,12.83,-1.0,SL,45,0.64,-1.03,3305.1,3324.82,3300.44,4.66,40,9.24,0.14,0.2,L3,"5AM BUY: levizje e vogel ne favor (+0.3R deri +1R), pastaj SL; SL pas 45 min | ora e lajmeve 8-10 NY"
780,2025-04-30 04:30,2025-04-29 21:30,e marte,9PM,BUY,3319.17,3307.94,3341.63,11.23,-1.0,SL,15,0.26,-1.02,3310.96,3327.91,3308.24,2.72,48,8.1,0.12,0.2,L1,"9PM BUY: kthim i menjehershem: cmimi shkoi kunder menjehere (sweep-i vazhdoi), SL brenda 1 ore; SL pas 15 min | qiri 9PM (Asia), hyrje afer mesit te range-it"
781,2025-04-30 14:30,2025-04-30 07:30,e merkure,5AM,BUY,3280.62,3267.98,3305.9,12.64,-1.0,SL,30,0.07,-1.07,3280.25,3314.65,3268.28,11.97,1,8.1,0.14,0.2,L1,"5AM BUY: kthim i menjehershem: cmimi shkoi kunder menjehere (sweep-i vazhdoi), SL brenda 1 ore; SL pas 30 min"
782,2025-05-01 04:30,2025-04-30 21:30,e merkure,9PM,BUY,3249.14,3235.56,3276.3,13.58,-1.0,SL,15,0.16,-1.08,3241.53,3290.68,3235.86,5.67,15,6.93,0.16,0.2,L1,"9PM BUY: kthim i menjehershem: cmimi shkoi kunder menjehere (sweep-i vazhdoi), SL brenda 1 ore; SL pas 15 min | qiri 9PM (Asia)"
783,2025-05-01 13:45,2025-05-01 06:45,e enjte,5AM,BUY,3224.15,3213.21,3246.03,10.94,-1.0,SL,60,0.27,-1.9,3223.36,3243.08,3213.51,9.85,4,6.93,0.13,0.2,L1,"5AM BUY: kthim i menjehershem: cmimi shkoi kunder menjehere (sweep-i vazhdoi), SL brenda 1 ore; SL pas 60 min"
784,2025-05-02 16:30,2025-05-02 09:30,e premte,9AM,BUY,3257.35,3239.09,3293.87,18.26,-1.0,SL,120,0.39,-1.25,3250.3,3269.15,3239.39,10.91,37,5.07,0.21,0.2,L3,"9AM BUY: levizje e vogel ne favor (+0.3R deri +1R), pastaj SL; SL pas 120 min | ora e lajmeve 8-10 NY, e premte, sweep i thelle (>50% e range-it)"
785,2025-05-07 05:00,2025-05-06 22:00,e marte,9PM,BUY,3374.84,3359.87,3404.78,14.97,-0.33,time,480,1.5,-0.34,3361.08,3431.66,3360.17,0.91,19,10.5,0.16,0.2,L5,9PM BUY: mbyllje me kohe ne humbje (8 ore ose e premte); -0.33R pas 8.0 oresh | qiri 9PM (Asia)
786,2025-05-07 13:15,2025-05-07 06:15,e merkure,5AM,BUY,3384.04,3368.86,3414.4,15.18,0.74,time,480,0.91,-0.55,3378.24,3397.36,3369.16,9.08,30,10.5,0.16,0.2,W2,5AM BUY: mbyllje me kohe ne fitim; +0.74R pas 8.0 oresh
787,2025-05-08 21:00,2025-05-08 14:00,e enjte,1PM,BUY,3308.41,3297.47,3330.29,10.94,-1.0,SL,75,0.22,-1.8,3304.47,3369.38,3297.77,6.7,6,8.03,0.12,0.2,L2,"1PM BUY: pa drejtim: trade-i nuk shkoi kurre ne favor, SL pas me shume se 1 ore; SL pas 75 min"
788,2025-05-09 06:00,2025-05-08 23:00,e enjte,9PM,BUY,3308.46,3274.31,3376.76,34.15,0.44,time,480,0.7,-0.26,3305.66,3323.93,3274.61,31.05,15,5.84,0.36,0.2,W2,"9PM BUY: mbyllje me kohe ne fitim; +0.44R pas 8.0 oresh | qiri 9PM (Asia), SL i madh (>30% e ATR ditore), sweep i thelle (>50% e range-it)"
789,2025-05-12 04:45,2025-05-11 21:45,e diel,9PM,BUY,3273.94,3258.64,3304.54,15.3,-1.0,SL,315,0.71,-1.85,3265.87,3292.27,3258.94,6.93,31,6.2,0.17,0.2,L3,"9PM BUY: levizje e vogel ne favor (+0.3R deri +1R), pastaj SL; SL pas 315 min | qiri 9PM (Asia)"
790,2025-05-12 14:15,2025-05-12 07:15,e hene,5AM,BUY,3222.54,3207.45,3252.72,15.09,0.67,time,480,1.72,-0.58,3215.98,3281.63,3207.75,8.23,10,6.2,0.16,0.2,W2,5AM BUY: mbyllje me kohe ne fitim; +0.67R pas 8.0 oresh
791,2025-05-13 15:45,2025-05-13 08:45,e marte,5AM,BUY,3247.16,3236.98,3267.52,10.18,-1.0,SL,30,0.17,-1.06,3247.19,3265.45,3237.28,9.91,0,3.09,0.11,0.2,L1,"5AM BUY: kthim i menjehershem: cmimi shkoi kunder menjehere (sweep-i vazhdoi), SL brenda 1 ore; SL pas 30 min | ora e lajmeve 8-10 NY, sweep i thelle (>50% e range-it)"
792,2025-05-13 17:30,2025-05-13 10:30,e marte,9AM,BUY,3240.67,3225.15,3271.71,15.52,0.68,time,480,1.1,-0.09,3237.28,3258.51,3225.45,11.83,16,3.09,0.18,0.2,W2,9AM BUY: mbyllje me kohe ne fitim; +0.68R pas 8.0 oresh | sweep i thelle (>50% e range-it)
793,2025-05-14 08:45,2025-05-14 01:45,e merkure,1AM,BUY,3228.7,3221.37,3243.36,7.33,2.0,TP,135,2.04,-0.62,3222.58,3257.03,3221.67,0.91,18,3.3,0.09,0.2,W1,1AM BUY: fitim: preku TP | SL i vogel (<10% e ATR ditore)
794,2025-05-14 17:00,2025-05-14 10:00,e merkure,9AM,BUY,3191.55,3174.48,3225.69,17.07,-1.0,SL,150,0.15,-1.05,3184.29,3239.09,3174.78,9.51,13,3.3,0.21,0.2,L2,"9AM BUY: pa drejtim: trade-i nuk shkoi kurre ne favor, SL pas me shume se 1 ore; SL pas 150 min"
795,2025-05-14 22:30,2025-05-14 15:30,e merkure,1PM,BUY,3173.95,3167.74,3186.37,6.21,2.0,TP,240,2.09,-0.22,3173.67,3198.24,3168.04,5.63,1,3.3,0.08,0.2,W1,1PM BUY: fitim: preku TP | SL i vogel (<10% e ATR ditore)
796,2025-05-15 09:30,2025-05-15 02:30,e enjte,1AM,BUY,3140.69,3120.45,3181.17,20.24,2.0,TP,330,2.07,-0.5,3135.51,3192.63,3120.75,14.76,9,0.82,0.25,0.2,W1,1AM BUY: fitim: preku TP
797,2025-05-16 10:45,2025-05-16 03:45,e premte,1AM,BUY,3215.16,3205.02,3235.44,10.14,-1.0,SL,15,0.0,-1.81,3206.46,3252.11,3205.32,1.14,19,2.6,0.12,0.2,L1,"1AM BUY: kthim i menjehershem: cmimi shkoi kunder menjehere (sweep-i vazhdoi), SL brenda 1 ore; SL pas 15 min | e premte"
798,2025-05-19 17:30,2025-05-19 10:30,e hene,9AM,BUY,3231.61,3216.97,3260.89,14.64,-0.31,time,480,0.55,-0.45,3228.85,3248.4,3217.27,11.58,14,1.23,0.18,0.2,L5,9AM BUY: mbyllje me kohe ne humbje (8 ore ose e premte); -0.31R pas 8.0 oresh | sweep i thelle (>50% e range-it)
799,2025-05-20 08:00,2025-05-20 01:00,e marte,9PM,BUY,3217.32,3204.17,3243.62,13.15,2.0,TP,450,2.53,-0.71,3214.18,3230.37,3204.47,9.71,19,1.86,0.16,0.21,W1,"9PM BUY: fitim: preku TP | qiri 9PM (Asia), sweep i thelle (>50% e range-it)"
800,2025-05-22 15:00,2025-05-22 08:00,e enjte,5AM,BUY,3314.36,3282.68,3377.72,31.68,-1.0,SL,120,0.04,-1.11,3310.13,3339.48,3282.98,27.15,14,4.07,0.39,0.2,L2,"5AM BUY: pa drejtim: trade-i nuk shkoi kurre ne favor, SL pas me shume se 1 ore; SL pas 120 min | ora e lajmeve 8-10 NY, SL i madh (>30% e ATR ditore), sweep i thelle (>50% e range-it)"
801,2025-05-22 17:30,2025-05-22 10:30,e enjte,9AM,BUY,3297.7,3279.03,3335.04,18.67,0.04,time,480,0.38,-0.87,3282.98,3314.67,3279.33,3.65,46,4.07,0.23,0.2,W2,9AM BUY: mbyllje me kohe ne fitim; +0.04R pas 8.0 oresh | hyrje afer mesit te range-it
802,2025-05-27 06:00,2025-05-26 23:00,e hene,9PM,BUY,3343.03,3331.62,3365.85,11.41,-1.0,SL,105,0.36,-1.09,3342.38,3349.84,3331.92,10.46,9,4.23,0.15,0.2,L3,"9PM BUY: levizje e vogel ne favor (+0.3R deri +1R), pastaj SL; SL pas 105 min | qiri 9PM (Asia), sweep i thelle (>50% e range-it)"
803,2025-05-27 15:15,2025-05-27 08:15,e marte,5AM,BUY,3294.3,3287.43,3308.04,6.87,-1.0,SL,105,1.54,-1.29,3292.6,3332.63,3287.73,4.87,4,4.23,0.09,0.2,L4,"5AM BUY: fitim i humbur: arriti te pakten +1R, pastaj u kthye ne SL (maksimumi +1.5R); SL pas 105 min | ora e lajmeve 8-10 NY, SL i vogel (<10% e ATR ditore)"
804,2025-05-29 05:00,2025-05-28 22:00,e merkure,9PM,BUY,3263.65,3245.08,3300.79,18.57,0.99,time,480,1.38,-0.15,3250.27,3294.88,3245.38,4.89,30,2.17,0.27,0.2,W2,9PM BUY: mbyllje me kohe ne fitim; +0.99R pas 8.0 oresh | qiri 9PM (Asia)
805,2025-05-30 08:30,2025-05-30 01:30,e premte,1AM,BUY,3297.05,3289.91,3311.33,7.14,-1.0,SL,90,1.11,-1.36,3291.27,3322.61,3290.21,1.06,18,2.93,0.1,0.2,L4,"1AM BUY: fitim i humbur: arriti te pakten +1R, pastaj u kthye ne SL (maksimumi +1.1R); SL pas 90 min | e premte"
806,2025-05-30 18:30,2025-05-30 11:30,e premte,9AM,BUY,3287.1,3271.26,3318.78,15.84,0.5,time,270,0.54,-0.2,3282.89,3306.71,3271.56,11.33,18,2.93,0.22,0.2,W2,9AM BUY: mbyllje me kohe ne fitim; +0.50R pas 4.5 oresh | e premte
807,2025-06-03 05:15,2025-06-02 22:15,e hene,9PM,BUY,3374.98,3362.94,3399.06,12.04,-1.0,SL,75,0.24,-1.27,3373.83,3392.04,3363.24,10.59,6,4.52,0.17,0.2,L2,"9PM BUY: pa drejtim: trade-i nuk shkoi kurre ne favor, SL pas me shume se 1 ore; SL pas 75 min | qiri 9PM (Asia), sweep i thelle (>50% e range-it)"
808,2025-06-03 09:00,2025-06-03 02:00,e marte,1AM,BUY,3365.31,3355.99,3383.95,9.32,-1.0,SL,30,0.22,-1.43,3359.13,3392.04,3356.29,2.84,19,4.52,0.13,0.2,L1,"1AM BUY: kthim i menjehershem: cmimi shkoi kunder menjehere (sweep-i vazhdoi), SL brenda 1 ore; SL pas 30 min"
809,2025-06-03 17:45,2025-06-03 10:45,e marte,9AM,BUY,3349.96,3332.78,3384.32,17.18,0.47,time,480,0.49,-0.35,3348.96,3362.95,3333.08,15.88,7,4.52,0.24,0.2,W2,9AM BUY: mbyllje me kohe ne fitim; +0.47R pas 8.0 oresh | sweep i thelle (>50% e range-it)
810,2025-06-04 15:45,2025-06-04 08:45,e merkure,5AM,BUY,3355.96,3343.47,3380.94,12.49,2.0,TP,105,2.29,-0.41,3347.96,3365.13,3343.77,4.19,47,3.43,0.18,0.2,W1,"5AM BUY: fitim: preku TP | ora e lajmeve 8-10 NY, hyrje afer mesit te range-it"
811,2025-06-05 06:30,2025-06-04 23:30,e merkure,9PM,BUY,3374.12,3367.85,3386.66,6.27,-1.0,SL,45,0.51,-1.65,3372.23,3381.65,3368.15,4.08,20,3.8,0.1,0.2,L3,"9PM BUY: levizje e vogel ne favor (+0.3R deri +1R), pastaj SL; SL pas 45 min | qiri 9PM (Asia), SL i vogel (<10% e ATR ditore)"
812,2025-06-05 09:15,2025-06-05 02:15,e enjte,1AM,BUY,3368.23,3360.82,3383.05,7.41,2.0,TP,180,2.68,-0.51,3363.77,3384.08,3361.12,2.65,22,3.8,0.12,0.2,W1,1AM BUY: fitim: preku TP
813,2025-06-05 16:45,2025-06-05 09:45,e enjte,9AM,BUY,3384.98,3371.02,3412.9,13.96,-1.0,SL,15,0.02,-1.25,3374.04,3403.4,3371.32,2.72,37,3.8,0.22,0.2,L1,"9AM BUY: kthim i menjehershem: cmimi shkoi kunder menjehere (sweep-i vazhdoi), SL brenda 1 ore; SL pas 15 min | ora e lajmeve 8-10 NY"
814,2025-06-09 05:30,2025-06-08 22:30,e diel,9PM,BUY,3302.05,3293.27,3319.61,8.78,2.0,TP,225,2.09,-0.22,3298.3,3321.09,3293.57,4.73,16,1.57,0.14,0.2,W1,9PM BUY: fitim: preku TP | qiri 9PM (Asia)
815,2025-06-10 02:15,2025-06-09 19:15,e hene,5PM,BUY,3325.54,3321.31,3334.0,4.23,-1.0,SL,45,0.54,-1.32,3324.93,3338.15,3321.61,3.32,5,1.84,0.07,0.26,L3,"5PM BUY: levizje e vogel ne favor (+0.3R deri +1R), pastaj SL; SL pas 45 min | qiri 5PM (pas mbylljes ditore), SL i vogel (<10% e ATR ditore)"
816,2025-06-10 22:15,2025-06-10 15:15,e marte,1PM,BUY,3326.3,3319.06,3340.78,7.24,-1.0,SL,240,1.13,-1.49,3319.88,3349.08,3319.36,0.52,22,1.84,0.12,0.2,L4,"1PM BUY: fitim i humbur: arriti te pakten +1R, pastaj u kthye ne SL (maksimumi +1.1R); SL pas 240 min"
817,2025-06-11 14:45,2025-06-11 07:45,e merkure,5AM,BUY,3334.57,3325.79,3352.13,8.78,2.0,TP,45,2.96,-0.84,3332.44,3348.43,3326.09,6.35,13,1.65,0.15,0.21,W1,5AM BUY: fitim: preku TP
818,2025-06-17 07:00,2025-06-17 00:00,e marte,9PM,BUY,3387.77,3373.65,3416.01,14.12,0.05,time,480,0.87,-0.85,3386.18,3403.18,3373.95,12.23,9,2.8,0.24,0.2,W2,"9PM BUY: mbyllje me kohe ne fitim; +0.05R pas 8.0 oresh | qiri 9PM (Asia), sweep i thelle (>50% e range-it)"
819,2025-06-17 18:00,2025-06-17 11:00,e marte,9AM,BUY,3385.14,3365.85,3423.72,19.29,0.2,time,480,0.57,-0.65,3375.71,3400.08,3366.15,9.56,39,2.8,0.32,0.2,W2,9AM BUY: mbyllje me kohe ne fitim; +0.20R pas 8.0 oresh | SL i madh (>30% e ATR ditore)
820,2025-06-18 06:15,2025-06-17 23:15,e marte,9PM,BUY,3384.27,3370.34,3412.13,13.93,-0.24,time,480,1.12,-0.63,3382.91,3396.21,3370.64,12.27,10,2.65,0.24,0.2,L5,"9PM BUY: mbyllje me kohe ne humbje (8 ore ose e premte); -0.24R pas 8.0 oresh | qiri 9PM (Asia), sweep i thelle (>50% e range-it)"
821,2025-06-19 11:45,2025-06-19 04:45,e enjte,1AM,BUY,3370.33,3347.18,3416.63,23.15,-0.03,time,480,0.37,-0.38,3369.62,3387.81,3347.48,22.14,4,1.83,0.42,0.2,L5,"1AM BUY: mbyllje me kohe ne humbje (8 ore ose e premte); -0.03R pas 8.0 oresh | SL i madh (>30% e ATR ditore), sweep i thelle (>50% e range-it)"
822,2025-06-20 10:00,2025-06-20 03:00,e premte,1AM,BUY,3345.48,3340.04,3356.36,5.44,2.0,TP,135,2.06,-0.39,3344.72,3370.43,3340.34,4.38,3,1.7,0.1,0.14,W1,"1AM BUY: fitim: preku TP | e premte, SL i vogel (<10% e ATR ditore)"
823,2025-06-23 09:00,2025-06-23 02:00,e hene,1AM,BUY,3357.1,3346.75,3377.8,10.35,2.0,TP,315,2.41,-0.53,3352.02,3394.52,3347.05,4.97,12,1.52,0.2,0.14,W1,1AM BUY: fitim: preku TP
824,2025-06-24 18:45,2025-06-24 11:45,e marte,9AM,BUY,3315.35,3295.17,3355.71,20.18,0.39,time,480,0.49,-0.2,3304.53,3328.86,3295.47,9.06,44,1.44,0.4,0.14,W2,"9AM BUY: mbyllje me kohe ne fitim; +0.39R pas 8.0 oresh | SL i madh (>30% e ATR ditore), hyrje afer mesit te range-it"
825,2025-06-25 13:15,2025-06-25 06:15,e merkure,5AM,BUY,3327.62,3321.19,3340.48,6.43,-1.0,SL,135,0.29,-1.29,3326.55,3337.07,3321.49,5.06,10,0.03,0.12,0.14,L2,"5AM BUY: pa drejtim: trade-i nuk shkoi kurre ne favor, SL pas me shume se 1 ore; SL pas 135 min | trend i dobet (<0.5% nga mesatarja)"
826,2025-06-25 17:15,2025-06-25 10:15,e merkure,9AM,BUY,3319.98,3311.65,3336.64,8.33,1.61,time,480,1.93,-0.15,3318.13,3329.48,3311.95,6.18,16,0.03,0.16,0.18,W2,"9AM BUY: mbyllje me kohe ne fitim; +1.61R pas 8.0 oresh | trend i dobet (<0.5% nga mesatarja), sweep i thelle (>50% e range-it)"
827,2025-06-26 17:15,2025-06-26 10:15,e enjte,9AM,BUY,3322.52,3309.59,3348.38,12.93,0.14,time,480,1.07,-0.81,3321.68,3348.75,3309.89,11.79,3,0.21,0.26,0.18,W2,9AM BUY: mbyllje me kohe ne fitim; +0.14R pas 8.0 oresh | trend i dobet (<0.5% nga mesatarja)
828,2025-06-27 08:30,2025-06-27 01:30,e premte,1AM,BUY,3298.41,3289.01,3317.21,9.4,-1.0,SL,60,0.27,-1.23,3291.05,3327.51,3289.31,1.74,20,0.09,0.2,0.18,L1,"1AM BUY: kthim i menjehershem: cmimi shkoi kunder menjehere (sweep-i vazhdoi), SL brenda 1 ore; SL pas 60 min | e premte, trend i dobet (<0.5% nga mesatarja)"
829,2025-06-27 17:00,2025-06-27 10:00,e premte,9AM,BUY,3274.49,3255.48,3312.51,19.01,-0.2,time,360,0.43,-0.57,3269.49,3290.87,3255.78,13.71,23,0.09,0.4,0.18,L5,"9AM BUY: mbyllje me kohe ne humbje (8 ore ose e premte); -0.20R pas 6.0 oresh | e premte, trend i dobet (<0.5% nga mesatarja), SL i madh (>30% e ATR ditore), sweep i thelle (>50% e range-it)"
830,2025-06-30 05:45,2025-06-29 22:45,e diel,9PM,SELL,3278.38,3283.6,3267.94,5.22,-1.0,SL,120,0.21,-1.54,3246.1,3280.62,3283.3,2.68,94,-1.48,0.11,0.18,L2,"9PM SELL: pa drejtim: trade-i nuk shkoi kurre ne favor, SL pas me shume se 1 ore; SL pas 120 min | qiri 9PM (Asia)"
831,2025-06-30 20:45,2025-06-30 13:45,e hene,1PM,SELL,3293.6,3298.8,3283.2,5.2,-1.0,SL,30,0.26,-1.1,3277.98,3297.38,3298.5,1.12,81,-1.48,0.1,0.18,L1,"1PM SELL: kthim i menjehershem: cmimi shkoi kunder menjehere (sweep-i vazhdoi), SL brenda 1 ore; SL pas 30 min"
832,2025-07-02 06:00,2025-07-01 23:00,e marte,9PM,BUY,3336.87,3328.12,3354.37,8.75,-1.0,SL,240,0.8,-1.01,3334.61,3344.89,3328.42,6.19,22,0.54,0.17,0.19,L3,"9PM BUY: levizje e vogel ne favor (+0.3R deri +1R), pastaj SL; SL pas 240 min | qiri 9PM (Asia), sweep i thelle (>50% e range-it)"
833,2025-07-02 11:00,2025-07-02 04:00,e merkure,1AM,BUY,3334.81,3327.2,3350.03,7.61,2.0,TP,255,2.06,-0.25,3328.42,3344.89,3327.5,0.92,39,0.54,0.15,0.18,W1,1AM BUY: fitim: preku TP
834,2025-07-03 05:15,2025-07-02 22:15,e merkure,9PM,BUY,3347.84,3341.59,3360.34,6.25,2.0,TP,210,2.01,-0.38,3343.56,3365.66,3341.89,1.67,19,1.09,0.13,0.2,W1,9PM BUY: fitim: preku TP | qiri 9PM (Asia)
835,2025-07-03 13:45,2025-07-03 06:45,e enjte,5AM,BUY,3353.56,3343.58,3373.52,9.98,-1.0,SL,60,0.19,-1.05,3350.14,3363.61,3343.88,6.26,25,1.09,0.2,0.18,L1,"5AM BUY: kthim i menjehershem: cmimi shkoi kunder menjehere (sweep-i vazhdoi), SL brenda 1 ore; SL pas 60 min"
836,2025-07-04 01:45,2025-07-03 18:45,e enjte,5PM,BUY,3327.81,3323.26,3336.91,4.55,2.0,TP,285,2.23,-0.43,3325.33,3334.83,3323.56,1.77,26,0.14,0.09,0.21,W1,"5PM BUY: fitim: preku TP | qiri 5PM (pas mbylljes ditore), trend i dobet (<0.5% nga mesatarja), SL i vogel (<10% e ATR ditore)"
837,2025-07-04 14:00,2025-07-04 07:00,e premte,5AM,BUY,3337.0,3331.23,3348.54,5.77,-1.0,SL,210,0.17,-1.05,3336.44,3345.02,3331.53,4.91,7,0.14,0.12,0.18,L2,"5AM BUY: pa drejtim: trade-i nuk shkoi kurre ne favor, SL pas me shume se 1 ore; SL pas 210 min | e premte, trend i dobet (<0.5% nga mesatarja), sweep i thelle (>50% e range-it)"
838,2025-07-07 11:15,2025-07-07 04:15,e hene,1AM,BUY,3307.19,3300.36,3320.85,6.83,-1.0,SL,135,0.82,-1.43,3305.35,3342.62,3300.66,4.69,5,0.46,0.15,0.18,L3,"1AM BUY: levizje e vogel ne favor (+0.3R deri +1R), pastaj SL; SL pas 135 min | trend i dobet (<0.5% nga mesatarja)"
839,2025-07-07 14:15,2025-07-07 07:15,e hene,5AM,BUY,3304.7,3296.14,3321.82,8.56,2.0,TP,270,2.02,-0.58,3300.66,3315.22,3296.44,4.22,28,0.46,0.19,0.19,W1,5AM BUY: fitim: preku TP | trend i dobet (<0.5% nga mesatarja)
840,2025-07-08 05:30,2025-07-07 22:30,e hene,9PM,BUY,3336.15,3329.33,3349.79,6.82,-1.0,SL,120,0.27,-1.01,3331.15,3345.8,3329.63,1.52,34,0.46,0.15,0.18,L2,"9PM BUY: pa drejtim: trade-i nuk shkoi kurre ne favor, SL pas me shume se 1 ore; SL pas 120 min | qiri 9PM (Asia), trend i dobet (<0.5% nga mesatarja)"
841,2025-07-08 13:45,2025-07-08 06:45,e marte,5AM,BUY,3325.81,3320.2,3337.03,5.61,-1.0,SL,45,0.29,-1.05,3323.3,3339.43,3320.5,2.8,16,0.46,0.12,0.18,L1,"5AM BUY: kthim i menjehershem: cmimi shkoi kunder menjehere (sweep-i vazhdoi), SL brenda 1 ore; SL pas 45 min | trend i dobet (<0.5% nga mesatarja)"
842,2025-07-09 21:00,2025-07-09 14:00,e merkure,1PM,SELL,3309.5,3314.92,3298.66,5.42,-1.0,SL,60,0.23,-1.28,3291.91,3313.23,3314.62,1.39,83,-0.59,0.11,0.18,L1,"1PM SELL: kthim i menjehershem: cmimi shkoi kunder menjehere (sweep-i vazhdoi), SL brenda 1 ore; SL pas 60 min"
843,2025-07-10 05:15,2025-07-09 22:15,e merkure,9PM,SELL,3321.6,3326.56,3311.68,4.96,-1.0,SL,240,1.32,-1.4,3314.15,3321.78,3326.26,4.48,98,-0.25,0.11,0.18,L4,"9PM SELL: fitim i humbur: arriti te pakten +1R, pastaj u kthye ne SL (maksimumi +1.3R); SL pas 240 min | qiri 9PM (Asia), trend i dobet (<0.5% nga mesatarja), sweep i thelle (>50% e range-it)"
844,2025-07-10 10:45,2025-07-10 03:45,e enjte,1AM,SELL,3322.69,3329.7,3308.67,7.01,-1.0,SL,60,0.38,-1.09,3314.15,3326.26,3329.4,3.14,71,-0.25,0.15,0.18,L3,"1AM SELL: levizje e vogel ne favor (+0.3R deri +1R), pastaj SL; SL pas 60 min | trend i dobet (<0.5% nga mesatarja)"
845,2025-07-10 12:30,2025-07-10 05:30,e enjte,5AM,SELL,3326.23,3330.55,3317.59,4.32,2.0,TP,255,3.27,-0.96,3319.84,3330.15,3330.25,0.1,62,-0.25,0.09,0.18,W1,"5AM SELL: fitim: preku TP | trend i dobet (<0.5% nga mesatarja), SL i vogel (<10% e ATR ditore)"
846,2025-07-14 07:45,2025-07-14 00:45,e hene,9PM,BUY,3359.85,3353.6,3372.35,6.25,2.0,TP,135,2.0,-0.99,3359.65,3373.96,3353.9,5.75,1,0.88,0.14,0.2,W1,9PM BUY: fitim: preku TP | qiri 9PM (Asia)
847,2025-07-14 16:30,2025-07-14 09:30,e hene,9AM,BUY,3355.74,3346.92,3373.38,8.82,-1.0,SL,45,0.37,-1.2,3349.36,3374.58,3347.22,2.14,25,0.88,0.19,0.18,L3,"9AM BUY: levizje e vogel ne favor (+0.3R deri +1R), pastaj SL; SL pas 45 min | ora e lajmeve 8-10 NY"
848,2025-07-15 17:00,2025-07-15 10:00,e marte,9AM,BUY,3347.25,3334.11,3373.53,13.14,-1.0,SL,75,0.37,-1.12,3346.44,3366.32,3334.41,12.03,4,0.53,0.3,0.18,L3,"9AM BUY: levizje e vogel ne favor (+0.3R deri +1R), pastaj SL; SL pas 75 min | SL i madh (>30% e ATR ditore), sweep i thelle (>50% e range-it)"
849,2025-07-16 14:45,2025-07-16 07:45,e merkure,5AM,BUY,3338.36,3333.42,3348.24,4.94,-1.0,SL,30,0.5,-1.06,3335.58,3342.64,3333.72,1.86,39,0.0,0.11,0.18,L3,"5AM BUY: levizje e vogel ne favor (+0.3R deri +1R), pastaj SL; SL pas 30 min | trend i dobet (<0.5% nga mesatarja)"
850,2025-07-17 05:00,2025-07-16 22:00,e merkure,9PM,BUY,3344.16,3336.89,3358.7,7.27,-1.0,SL,75,0.08,-1.08,3339.73,3352.16,3337.19,2.54,36,0.71,0.16,0.18,L2,"9PM BUY: pa drejtim: trade-i nuk shkoi kurre ne favor, SL pas me shume se 1 ore; SL pas 75 min | qiri 9PM (Asia)"
851,2025-07-17 13:45,2025-07-17 06:45,e enjte,5AM,BUY,3331.27,3324.39,3345.03,6.88,-1.0,SL,15,0.0,-1.21,3325.06,3342.9,3324.69,0.37,35,0.71,0.15,0.18,L1,"5AM BUY: kthim i menjehershem: cmimi shkoi kunder menjehere (sweep-i vazhdoi), SL brenda 1 ore; SL pas 15 min"
852,2025-07-18 09:15,2025-07-18 02:15,e premte,1AM,BUY,3337.57,3331.51,3349.69,6.06,2.0,TP,75,2.0,-0.16,3333.82,3344.12,3331.81,2.01,36,0.44,0.14,0.18,W1,"1AM BUY: fitim: preku TP | e premte, trend i dobet (<0.5% nga mesatarja)"
853,2025-07-22 06:00,2025-07-21 23:00,e hene,9PM,BUY,3391.76,3384.79,3405.7,6.97,-1.0,SL,165,0.26,-1.01,3390.5,3402.69,3385.09,5.41,10,2.07,0.17,0.18,L2,"9PM BUY: pa drejtim: trade-i nuk shkoi kurre ne favor, SL pas me shume se 1 ore; SL pas 165 min | qiri 9PM (Asia)"
854,2025-07-22 10:45,2025-07-22 03:45,e marte,1AM,BUY,3386.25,3383.04,3392.67,3.21,2.0,TP,255,2.58,-0.5,3385.09,3402.69,3383.34,1.75,7,2.07,0.08,0.18,W1,1AM BUY: fitim: preku TP | SL i vogel (<10% e ATR ditore)
855,2025-07-23 06:30,2025-07-22 23:30,e marte,9PM,BUY,3428.19,3418.89,3446.79,9.3,-1.0,SL,120,0.05,-1.12,3426.29,3439.03,3419.19,7.1,15,3.0,0.22,0.18,L2,"9PM BUY: pa drejtim: trade-i nuk shkoi kurre ne favor, SL pas me shume se 1 ore; SL pas 120 min | qiri 9PM (Asia), sweep i thelle (>50% e range-it)"
856,2025-07-23 09:15,2025-07-23 02:15,e merkure,1AM,BUY,3423.52,3416.07,3438.42,7.45,-1.0,SL,405,1.37,-1.51,3419.19,3439.03,3416.37,2.82,22,3.0,0.17,0.18,L4,"1AM BUY: fitim i humbur: arriti te pakten +1R, pastaj u kthye ne SL (maksimumi +1.4R); SL pas 405 min"
857,2025-07-24 10:15,2025-07-24 03:15,e enjte,1AM,BUY,3377.48,3369.66,3393.12,7.82,-1.0,SL,30,0.0,-1.46,3374.59,3393.31,3369.96,4.63,15,1.54,0.18,0.18,L1,"1AM BUY: kthim i menjehershem: cmimi shkoi kunder menjehere (sweep-i vazhdoi), SL brenda 1 ore; SL pas 30 min"
858,2025-07-25 02:00,2025-07-24 19:00,e enjte,5PM,BUY,3368.93,3364.81,3377.17,4.12,-1.0,SL,195,1.09,-1.3,3366.25,3373.39,3365.11,1.14,38,0.91,0.09,0.18,L4,"5PM BUY: fitim i humbur: arriti te pakten +1R, pastaj u kthye ne SL (maksimumi +1.1R); SL pas 195 min | qiri 5PM (pas mbylljes ditore), SL i vogel (<10% e ATR ditore)"
859,2025-07-25 10:00,2025-07-25 03:00,e premte,1AM,BUY,3359.41,3354.36,3369.51,5.05,-1.0,SL,30,0.12,-1.33,3357.88,3373.42,3354.66,3.22,10,0.91,0.11,0.18,L1,"1AM BUY: kthim i menjehershem: cmimi shkoi kunder menjehere (sweep-i vazhdoi), SL brenda 1 ore; SL pas 30 min | e premte"
860,2025-07-25 12:30,2025-07-25 05:30,e premte,5AM,BUY,3347.39,3342.8,3356.57,4.59,-1.0,SL,60,0.31,-1.07,3344.55,3362.31,3343.1,1.45,16,0.91,0.1,0.18,L3,"5AM BUY: levizje e vogel ne favor (+0.3R deri +1R), pastaj SL; SL pas 60 min | e premte"
861,2025-07-28 09:30,2025-07-28 02:30,e hene,1AM,SELL,3339.37,3345.61,3326.89,6.24,2.0,TP,360,2.06,-0.44,3323.67,3343.97,3345.31,1.34,77,-0.12,0.14,0.18,W1,1AM SELL: fitim: preku TP | trend i dobet (<0.5% nga mesatarja)
862,2025-07-29 06:30,2025-07-28 23:30,e hene,9PM,SELL,3315.17,3321.08,3303.35,5.91,-1.0,SL,165,1.01,-1.06,3308.05,3315.83,3320.78,4.95,92,-0.83,0.14,0.21,L4,"9PM SELL: fitim i humbur: arriti te pakten +1R, pastaj u kthye ne SL (maksimumi +1.0R); SL pas 165 min | qiri 9PM (Asia), sweep i thelle (>50% e range-it)"
863,2025-07-29 18:30,2025-07-29 11:30,e marte,9AM,SELL,3325.83,3334.32,3308.85,8.49,-0.23,time,480,0.78,-0.61,3314.95,3328.2,3334.02,5.82,82,-0.83,0.2,0.18,L5,9AM SELL: mbyllje me kohe ne humbje (8 ore ose e premte); -0.23R pas 8.0 oresh
864,2025-07-30 13:30,2025-07-30 06:30,e merkure,5AM,SELL,3329.05,3334.29,3318.57,5.24,2.0,TP,135,3.46,-0.57,3323.11,3333.38,3333.99,0.61,58,-0.5,0.12,0.18,W1,"5AM SELL: fitim: preku TP | trend i dobet (<0.5% nga mesatarja), hyrje afer mesit te range-it"
865,2025-07-31 08:30,2025-07-31 01:30,e enjte,1AM,SELL,3295.81,3299.39,3288.65,3.58,-1.0,SL,15,0.25,-1.64,3273.91,3298.57,3299.09,0.52,89,-2.01,0.08,0.21,L1,"1AM SELL: kthim i menjehershem: cmimi shkoi kunder menjehere (sweep-i vazhdoi), SL brenda 1 ore; SL pas 15 min | SL i vogel (<10% e ATR ditore)"
866,2025-08-01 07:00,2025-08-01 00:00,e premte,9PM,SELL,3291.4,3297.38,3279.44,5.98,-1.0,SL,105,0.19,-1.55,3286.46,3295.12,3297.08,1.96,57,-1.57,0.13,0.18,L2,"9PM SELL: pa drejtim: trade-i nuk shkoi kurre ne favor, SL pas me shume se 1 ore; SL pas 105 min | qiri 9PM (Asia), e premte, hyrje afer mesit te range-it"
867,2025-08-01 09:30,2025-08-01 02:30,e premte,1AM,SELL,3292.02,3300.76,3274.54,8.74,-1.0,SL,255,0.76,-1.28,3281.6,3297.08,3300.46,3.38,67,-1.57,0.19,0.18,L3,"1AM SELL: levizje e vogel ne favor (+0.3R deri +1R), pastaj SL; SL pas 255 min | e premte"
868,2025-08-01 17:00,2025-08-01 10:00,e premte,9AM,SELL,3343.25,3354.98,3319.79,11.73,-1.0,SL,15,0.0,-1.03,3292.74,3345.14,3354.68,9.54,96,-1.57,0.26,0.18,L1,"9AM SELL: kthim i menjehershem: cmimi shkoi kunder menjehere (sweep-i vazhdoi), SL brenda 1 ore; SL pas 15 min | e premte"
869,2025-08-05 09:15,2025-08-05 02:15,e marte,1AM,BUY,3369.65,3365.41,3378.13,4.24,-1.0,SL,105,1.37,-1.32,3367.63,3382.34,3365.71,1.92,14,0.92,0.09,0.18,L4,"1AM BUY: fitim i humbur: arriti te pakten +1R, pastaj u kthye ne SL (maksimumi +1.4R); SL pas 105 min | SL i vogel (<10% e ATR ditore)"
870,2025-08-05 14:30,2025-08-05 07:30,e marte,5AM,BUY,3361.18,3349.49,3384.56,11.69,2.0,TP,135,2.17,-0.08,3358.87,3375.45,3349.79,9.08,14,0.92,0.24,0.18,W1,5AM BUY: fitim: preku TP | sweep i thelle (>50% e range-it)
871,2025-08-06 03:45,2025-08-05 20:45,e marte,5PM,BUY,3379.49,3375.76,3386.95,3.73,-1.0,SL,0,0.0,-1.7,3378.12,3381.33,3376.06,2.06,43,1.07,0.08,0.2,L1,"5PM BUY: kthim i menjehershem: cmimi shkoi kunder menjehere (sweep-i vazhdoi), SL brenda 1 ore; SL pas 0 min | qiri 5PM (pas mbylljes ditore), SL i vogel (<10% e ATR ditore), sweep i thelle (>50% e range-it), hyrje afer mesit te range-it"
872,2025-08-06 08:00,2025-08-06 01:00,e merkure,9PM,BUY,3374.44,3370.34,3382.64,4.1,-1.0,SL,75,1.01,-1.33,3373.16,3385.28,3370.64,2.52,11,1.07,0.09,0.19,L4,"9PM BUY: fitim i humbur: arriti te pakten +1R, pastaj u kthye ne SL (maksimumi +1.0R); SL pas 75 min | qiri 9PM (Asia), SL i vogel (<10% e ATR ditore)"
873,2025-08-06 09:45,2025-08-06 02:45,e merkure,1AM,BUY,3374.72,3368.7,3386.76,6.02,-1.0,SL,15,0.39,-1.03,3370.64,3385.28,3369.0,1.64,28,1.07,0.13,0.18,L3,"1AM BUY: levizje e vogel ne favor (+0.3R deri +1R), pastaj SL; SL pas 15 min"
874,2025-08-06 21:45,2025-08-06 14:45,e merkure,1PM,BUY,3372.84,3368.64,3381.24,4.2,-1.0,SL,90,0.37,-1.02,3369.62,3379.86,3368.94,0.68,31,1.07,0.09,0.18,L3,"1PM BUY: levizje e vogel ne favor (+0.3R deri +1R), pastaj SL; SL pas 90 min | SL i vogel (<10% e ATR ditore)"
875,2025-08-08 05:45,2025-08-07 22:45,e enjte,9PM,BUY,3388.97,3380.88,3405.15,8.09,-0.09,time,480,1.88,-0.64,3387.74,3408.4,3381.18,6.56,6,1.44,0.17,0.18,L5,9PM BUY: mbyllje me kohe ne humbje (8 ore ose e premte); -0.09R pas 8.0 oresh | qiri 9PM (Asia)
876,2025-08-08 15:30,2025-08-08 08:30,e premte,5AM,BUY,3394.66,3380.04,3423.9,14.62,-1.0,SL,330,0.68,-1.2,3388.66,3404.19,3380.34,8.32,39,1.44,0.31,0.18,L3,"5AM BUY: levizje e vogel ne favor (+0.3R deri +1R), pastaj SL; SL pas 330 min | ora e lajmeve 8-10 NY, e premte, SL i madh (>30% e ATR ditore), sweep i thelle (>50% e range-it)"
877,2025-08-11 12:30,2025-08-11 05:30,e hene,5AM,BUY,3363.64,3354.14,3382.64,9.5,-1.0,SL,15,0.01,-1.13,3357.0,3380.03,3354.44,2.56,29,1.44,0.21,0.18,L1,"5AM BUY: kthim i menjehershem: cmimi shkoi kunder menjehere (sweep-i vazhdoi), SL brenda 1 ore; SL pas 15 min"
878,2025-08-12 04:30,2025-08-11 21:30,e hene,9PM,SELL,3351.03,3357.74,3337.61,6.71,-1.0,SL,360,1.28,-1.07,3342.53,3355.64,3357.44,1.8,65,-0.2,0.15,0.18,L4,"9PM SELL: fitim i humbur: arriti te pakten +1R, pastaj u kthye ne SL (maksimumi +1.3R); SL pas 360 min | qiri 9PM (Asia), trend i dobet (<0.5% nga mesatarja)"
879,2025-08-13 01:45,2025-08-12 18:45,e marte,5PM,SELL,3350.3,3353.95,3343.0,3.65,2.0,TP,120,2.05,-0.52,3345.46,3350.85,3353.65,2.8,90,-0.03,0.08,0.21,W1,"5PM SELL: fitim: preku TP | qiri 5PM (pas mbylljes ditore), trend i dobet (<0.5% nga mesatarja), SL i vogel (<10% e ATR ditore), sweep i thelle (>50% e range-it)"
880,2025-08-13 06:15,2025-08-12 23:15,e marte,9PM,SELL,3350.94,3354.6,3343.62,3.66,-1.0,SL,180,1.41,-1.58,3342.65,3353.65,3354.3,0.65,75,-0.03,0.08,0.19,L4,"9PM SELL: fitim i humbur: arriti te pakten +1R, pastaj u kthye ne SL (maksimumi +1.4R); SL pas 180 min | qiri 9PM (Asia), trend i dobet (<0.5% nga mesatarja), SL i vogel (<10% e ATR ditore)"
881,2025-08-13 11:15,2025-08-13 04:15,e merkure,1AM,SELL,3353.84,3361.19,3339.14,7.35,-1.0,SL,30,0.1,-1.33,3342.65,3354.3,3360.89,6.59,96,-0.03,0.17,0.18,L1,"1AM SELL: kthim i menjehershem: cmimi shkoi kunder menjehere (sweep-i vazhdoi), SL brenda 1 ore; SL pas 30 min | trend i dobet (<0.5% nga mesatarja), sweep i thelle (>50% e range-it)"
882,2025-08-13 14:15,2025-08-13 07:15,e merkure,5AM,SELL,3362.84,3367.34,3353.84,4.5,-1.0,SL,165,1.9,-1.79,3345.6,3363.43,3367.04,3.61,97,-0.03,0.1,0.18,L4,"5AM SELL: fitim i humbur: arriti te pakten +1R, pastaj u kthye ne SL (maksimumi +1.9R); SL pas 165 min | trend i dobet (<0.5% nga mesatarja)"
883,2025-08-13 18:00,2025-08-13 11:00,e merkure,9AM,SELL,3363.31,3371.01,3347.91,7.7,0.73,time,480,1.71,-0.07,3355.45,3367.04,3370.71,3.67,68,-0.03,0.17,0.18,W2,9AM SELL: mbyllje me kohe ne fitim; +0.73R pas 8.0 oresh | trend i dobet (<0.5% nga mesatarja)
884,2025-08-14 07:00,2025-08-14 00:00,e enjte,9PM,BUY,3360.78,3355.31,3371.72,5.47,-1.0,SL,210,1.03,-1.55,3356.66,3374.68,3355.61,1.05,23,0.2,0.13,0.18,L4,"9PM BUY: fitim i humbur: arriti te pakten +1R, pastaj u kthye ne SL (maksimumi +1.0R); SL pas 210 min | qiri 9PM (Asia), trend i dobet (<0.5% nga mesatarja)"
885,2025-08-15 08:30,2025-08-15 01:30,e premte,1AM,SELL,3343.09,3349.04,3331.19,5.95,0.77,time,480,1.57,-0.89,3332.21,3346.57,3348.74,2.17,76,-0.39,0.14,0.18,W2,"1AM SELL: mbyllje me kohe ne fitim; +0.77R pas 8.0 oresh | e premte, trend i dobet (<0.5% nga mesatarja)"
886,2025-08-18 05:30,2025-08-17 22:30,e diel,9PM,SELL,3342.73,3347.81,3332.57,5.08,-1.0,SL,60,0.0,-1.17,3323.54,3342.78,3347.51,4.73,100,-0.41,0.12,0.18,L1,"9PM SELL: kthim i menjehershem: cmimi shkoi kunder menjehere (sweep-i vazhdoi), SL brenda 1 ore; SL pas 60 min | qiri 9PM (Asia), trend i dobet (<0.5% nga mesatarja)"
887,2025-08-18 08:30,2025-08-18 01:30,e hene,1AM,SELL,3351.15,3358.67,3336.11,7.52,1.05,time,480,1.41,-0.62,3323.54,3358.13,3358.37,0.24,80,-0.41,0.18,0.18,W2,1AM SELL: mbyllje me kohe ne fitim; +1.05R pas 8.0 oresh | trend i dobet (<0.5% nga mesatarja)
888,2025-08-19 06:45,2025-08-18 23:45,e hene,9PM,SELL,3338.3,3341.89,3331.12,3.59,-1.0,SL,195,1.02,-1.02,3326.14,3339.14,3341.59,2.45,94,-0.5,0.09,0.19,L4,"9PM SELL: fitim i humbur: arriti te pakten +1R, pastaj u kthye ne SL (maksimumi +1.0R); SL pas 195 min | qiri 9PM (Asia), trend i dobet (<0.5% nga mesatarja), SL i vogel (<10% e ATR ditore)"
889,2025-08-19 14:30,2025-08-19 07:30,e marte,5AM,SELL,3341.63,3345.56,3333.77,3.93,2.0,TP,90,3.97,-0.19,3334.51,3341.77,3345.26,3.49,98,-0.5,0.09,0.21,W1,"5AM SELL: fitim: preku TP | trend i dobet (<0.5% nga mesatarja), SL i vogel (<10% e ATR ditore)"
890,2025-08-20 18:15,2025-08-20 11:15,e merkure,9AM,SELL,3342.83,3350.46,3327.57,7.63,-1.0,SL,405,0.5,-1.24,3323.56,3344.8,3350.16,5.36,91,-1.0,0.2,0.18,L3,"9AM SELL: levizje e vogel ne favor (+0.3R deri +1R), pastaj SL; SL pas 405 min"
891,2025-08-21 02:15,2025-08-20 19:15,e merkure,5PM,SELL,3347.75,3352.43,3338.39,4.68,2.0,TP,330,2.05,-0.2,3344.03,3349.29,3352.13,2.84,71,-0.01,0.12,0.21,W1,"5PM SELL: fitim: preku TP | qiri 5PM (pas mbylljes ditore), trend i dobet (<0.5% nga mesatarja), sweep i thelle (>50% e range-it)"
892,2025-08-21 17:00,2025-08-21 10:00,e enjte,9AM,SELL,3339.28,3347.77,3322.3,8.49,-1.0,SL,30,0.14,-1.06,3325.14,3345.01,3347.47,2.46,71,-0.01,0.22,0.18,L1,"9AM SELL: kthim i menjehershem: cmimi shkoi kunder menjehere (sweep-i vazhdoi), SL brenda 1 ore; SL pas 30 min | trend i dobet (<0.5% nga mesatarja)"
893,2025-08-25 05:45,2025-08-24 22:45,e diel,9PM,BUY,3364.01,3359.43,3373.17,4.58,0.65,time,480,1.26,-0.46,3363.31,3371.28,3359.73,3.58,9,0.76,0.13,0.21,W2,9PM BUY: mbyllje me kohe ne fitim; +0.65R pas 8.0 oresh | qiri 9PM (Asia)
894,2025-08-26 03:15,2025-08-25 20:15,e hene,5PM,BUY,3369.18,3351.03,3405.48,18.15,0.43,time,480,0.95,-0.11,3364.24,3374.84,3351.33,12.91,47,0.58,0.53,0.18,W2,"5PM BUY: mbyllje me kohe ne fitim; +0.43R pas 8.0 oresh | qiri 5PM (pas mbylljes ditore), SL i madh (>30% e ATR ditore), sweep i thelle (>50% e range-it), hyrje afer mesit te range-it"
895,2025-08-26 14:00,2025-08-26 07:00,e marte,5AM,BUY,3372.46,3366.89,3383.6,5.57,2.0,TP,270,2.25,-0.39,3367.24,3379.81,3367.19,0.05,42,0.58,0.16,0.18,W1,5AM BUY: fitim: preku TP | hyrje afer mesit te range-it
896,2025-08-27 10:45,2025-08-27 03:45,e merkure,1AM,BUY,3378.32,3373.43,3388.1,4.89,2.0,TP,435,2.46,-0.93,3373.9,3394.13,3373.73,0.17,22,1.4,0.14,0.18,W1,1AM BUY: fitim: preku TP
897,2025-08-28 06:00,2025-08-27 23:00,e merkure,9PM,BUY,3391.49,3384.27,3405.93,7.22,0.75,time,480,1.4,-0.53,3391.2,3399.2,3384.57,6.63,4,1.49,0.21,0.18,W2,"9PM BUY: mbyllje me kohe ne fitim; +0.75R pas 8.0 oresh | qiri 9PM (Asia), sweep i thelle (>50% e range-it)"
898,2025-08-29 05:45,2025-08-28 22:45,e enjte,9PM,BUY,3413.74,3407.57,3426.08,6.17,-1.0,SL,90,0.02,-1.02,3413.01,3418.32,3407.87,5.14,14,2.06,0.18,0.19,L2,"9PM BUY: pa drejtim: trade-i nuk shkoi kurre ne favor, SL pas me shume se 1 ore; SL pas 90 min | qiri 9PM (Asia), sweep i thelle (>50% e range-it)"
899,2025-08-29 08:45,2025-08-29 01:45,e premte,1AM,BUY,3409.74,3406.67,3415.88,3.07,-1.0,SL,105,0.94,-1.06,3407.45,3418.32,3406.97,0.48,21,2.06,0.09,0.21,L3,"1AM BUY: levizje e vogel ne favor (+0.3R deri +1R), pastaj SL; SL pas 105 min | e premte, SL i vogel (<10% e ATR ditore)"
900,2025-08-29 14:30,2025-08-29 07:30,e premte,5AM,BUY,3407.37,3403.95,3414.21,3.42,2.0,TP,60,2.03,-0.2,3406.49,3414.75,3404.25,2.24,11,2.06,0.1,0.18,W1,"5AM BUY: fitim: preku TP | e premte, SL i vogel (<10% e ATR ditore)"
901,2025-09-01 04:45,2025-08-31 21:45,e diel,9PM,BUY,3447.13,3436.72,3467.95,10.41,2.0,TP,15,2.31,-0.07,3442.17,3452.61,3437.02,5.15,48,2.95,0.31,0.18,W1,"9PM BUY: fitim: preku TP | qiri 9PM (Asia), SL i madh (>30% e ATR ditore), hyrje afer mesit te range-it"
902,2025-09-02 11:45,2025-09-02 04:45,e marte,1AM,BUY,3479.87,3469.85,3499.91,10.02,2.0,TP,330,2.51,-0.54,3474.5,3508.62,3470.15,4.35,16,3.75,0.28,0.18,W1,1AM BUY: fitim: preku TP
903,2025-09-04 01:30,2025-09-03 18:30,e merkure,5PM,BUY,3563.7,3558.44,3574.22,5.26,-1.0,SL,30,0.08,-1.77,3558.92,3578.53,3558.74,0.18,24,5.92,0.13,0.2,L1,"5PM BUY: kthim i menjehershem: cmimi shkoi kunder menjehere (sweep-i vazhdoi), SL brenda 1 ore; SL pas 30 min | qiri 5PM (pas mbylljes ditore)"
904,2025-09-05 02:30,2025-09-04 19:30,e enjte,5PM,BUY,3543.02,3539.78,3549.5,3.24,2.0,TP,0,2.81,-0.06,3542.54,3555.44,3540.08,2.46,4,5.38,0.08,0.18,W1,"5PM BUY: fitim: preku TP | qiri 5PM (pas mbylljes ditore), SL i vogel (<10% e ATR ditore)"
905,2025-09-09 03:00,2025-09-08 20:00,e hene,5PM,BUY,3635.13,3627.96,3649.47,7.17,2.0,TP,120,2.55,-0.22,3631.8,3641.17,3628.26,3.54,36,7.65,0.15,0.18,W1,5PM BUY: fitim: preku TP | qiri 5PM (pas mbylljes ditore)
906,2025-09-09 19:00,2025-09-09 12:00,e marte,9AM,BUY,3645.79,3626.69,3683.99,19.1,-1.0,SL,285,0.19,-1.05,3643.71,3656.69,3626.99,16.72,16,7.65,0.41,0.18,L2,"9AM BUY: pa drejtim: trade-i nuk shkoi kurre ne favor, SL pas me shume se 1 ore; SL pas 285 min | SL i madh (>30% e ATR ditore), sweep i thelle (>50% e range-it)"
907,2025-09-10 01:45,2025-09-09 18:45,e marte,5PM,BUY,3631.65,3622.7,3649.55,8.95,-1.0,SL,120,1.01,-1.13,3625.69,3646.46,3623.0,2.69,29,7.16,0.19,0.18,L4,"5PM BUY: fitim i humbur: arriti te pakten +1R, pastaj u kthye ne SL (maksimumi +1.0R); SL pas 120 min | qiri 5PM (pas mbylljes ditore)"
908,2025-09-10 04:45,2025-09-09 21:45,e marte,9PM,BUY,3627.91,3620.11,3643.51,7.8,2.0,TP,195,2.14,-0.26,3621.51,3640.73,3620.41,1.1,33,7.16,0.17,0.18,W1,9PM BUY: fitim: preku TP | qiri 9PM (Asia)
909,2025-09-10 23:00,2025-09-10 16:00,e merkure,1PM,BUY,3642.23,3634.9,3656.89,7.33,-1.0,SL,405,0.94,-1.08,3638.57,3655.42,3635.2,3.37,22,7.16,0.16,0.18,L3,"1PM BUY: levizje e vogel ne favor (+0.3R deri +1R), pastaj SL; SL pas 405 min"
910,2025-09-11 09:15,2025-09-11 02:15,e enjte,1AM,BUY,3632.78,3622.49,3653.36,10.29,-1.0,SL,165,0.5,-1.38,3629.88,3649.13,3622.79,7.09,15,7.41,0.22,0.18,L3,"1AM BUY: levizje e vogel ne favor (+0.3R deri +1R), pastaj SL; SL pas 165 min"
911,2025-09-11 15:30,2025-09-11 08:30,e enjte,5AM,BUY,3623.74,3613.93,3643.36,9.81,-1.0,SL,0,2.05,-1.09,3622.79,3637.96,3614.23,8.56,6,7.41,0.21,0.18,L4,"5AM BUY: fitim i humbur: arriti te pakten +1R, pastaj u kthye ne SL (maksimumi +2.1R); SL pas 0 min | ora e lajmeve 8-10 NY, sweep i thelle (>50% e range-it)"
912,2025-09-12 12:30,2025-09-12 05:30,e premte,5AM,BUY,3646.22,3637.3,3664.06,8.92,0.18,time,480,0.91,-0.9,3639.64,3656.6,3637.6,2.04,39,7.03,0.19,0.18,W2,5AM BUY: mbyllje me kohe ne fitim; +0.18R pas 8.0 oresh | e premte
913,2025-09-15 01:00,2025-09-14 18:00,e diel,1PM,BUY,3645.42,3640.98,3654.3,4.44,-1.0,SL,15,0.2,-1.27,3641.77,3654.37,3641.28,0.49,29,7.03,0.1,0.21,L1,"1PM BUY: kthim i menjehershem: cmimi shkoi kunder menjehere (sweep-i vazhdoi), SL brenda 1 ore; SL pas 15 min | SL i vogel (<10% e ATR ditore)"
914,2025-09-15 05:00,2025-09-14 22:00,e diel,9PM,BUY,3634.61,3626.33,3651.17,8.28,0.81,time,480,1.48,-0.11,3632.12,3646.3,3626.63,5.49,18,7.11,0.18,0.19,W2,9PM BUY: mbyllje me kohe ne fitim; +0.81R pas 8.0 oresh | qiri 9PM (Asia)
915,2025-09-16 06:15,2025-09-15 23:15,e hene,9PM,BUY,3680.66,3674.39,3693.2,6.27,2.0,TP,210,2.15,-0.09,3676.16,3686.86,3674.69,1.47,42,7.95,0.13,0.18,W1,"9PM BUY: fitim: preku TP | qiri 9PM (Asia), hyrje afer mesit te range-it"
916,2025-09-16 19:15,2025-09-16 12:15,e marte,9AM,BUY,3687.38,3678.5,3705.14,8.88,0.86,time,480,0.9,-0.13,3686.43,3699.43,3678.8,7.63,7,7.95,0.18,0.18,W2,9AM BUY: mbyllje me kohe ne fitim; +0.86R pas 8.0 oresh | sweep i thelle (>50% e range-it)
917,2025-09-17 14:30,2025-09-17 07:30,e merkure,5AM,BUY,3668.19,3659.65,3685.27,8.54,2.0,TP,180,2.04,-0.44,3662.62,3685.9,3659.95,2.67,24,8.01,0.18,0.19,W1,5AM BUY: fitim: preku TP
918,2025-09-18 05:15,2025-09-17 22:15,e merkure,9PM,BUY,3662.82,3651.52,3685.42,11.3,-1.0,SL,210,0.28,-1.18,3655.4,3672.0,3651.82,3.58,45,6.92,0.23,0.18,L2,"9PM BUY: pa drejtim: trade-i nuk shkoi kurre ne favor, SL pas me shume se 1 ore; SL pas 210 min | qiri 9PM (Asia), hyrje afer mesit te range-it"
919,2025-09-18 10:45,2025-09-18 03:45,e enjte,1AM,BUY,3658.85,3633.7,3709.15,25.15,-1.0,SL,345,0.56,-1.15,3651.82,3672.0,3634.0,17.82,35,6.92,0.5,0.18,L3,"1AM BUY: levizje e vogel ne favor (+0.3R deri +1R), pastaj SL; SL pas 345 min | SL i madh (>30% e ATR ditore), sweep i thelle (>50% e range-it)"
920,2025-09-23 18:15,2025-09-23 11:15,e marte,9AM,BUY,3779.27,3767.2,3803.41,12.07,-1.0,SL,75,0.23,-1.18,3774.19,3791.08,3767.5,6.69,30,8.78,0.24,0.18,L2,"9AM BUY: pa drejtim: trade-i nuk shkoi kurre ne favor, SL pas me shume se 1 ore; SL pas 75 min"
921,2025-09-23 22:45,2025-09-23 15:45,e marte,1PM,BUY,3765.35,3751.74,3792.57,13.61,-1.0,SL,405,0.47,-1.08,3765.03,3788.68,3752.04,12.99,1,8.78,0.28,0.18,L3,"1PM BUY: levizje e vogel ne favor (+0.3R deri +1R), pastaj SL; SL pas 405 min | sweep i thelle (>50% e range-it)"
922,2025-09-24 06:30,2025-09-23 23:30,e marte,9PM,BUY,3761.1,3750.34,3782.62,10.76,0.38,time,480,1.68,-0.13,3758.9,3770.06,3750.64,8.26,20,9.03,0.22,0.21,W2,"9PM BUY: mbyllje me kohe ne fitim; +0.38R pas 8.0 oresh | qiri 9PM (Asia), sweep i thelle (>50% e range-it)"
923,2025-09-24 14:45,2025-09-24 07:45,e merkure,5AM,BUY,3768.43,3759.35,3786.59,9.08,-1.0,SL,120,0.49,-1.02,3767.06,3779.23,3759.65,7.41,11,9.03,0.18,0.2,L3,"5AM BUY: levizje e vogel ne favor (+0.3R deri +1R), pastaj SL; SL pas 120 min | sweep i thelle (>50% e range-it)"
924,2025-09-24 23:15,2025-09-24 16:15,e merkure,1PM,BUY,3732.57,3717.14,3763.43,15.43,-0.01,time,480,1.22,-0.19,3732.29,3772.89,3717.44,14.85,1,9.03,0.31,0.21,L5,1PM BUY: mbyllje me kohe ne humbje (8 ore ose e premte); -0.01R pas 8.0 oresh | SL i madh (>30% e ATR ditore)
925,2025-09-25 18:15,2025-09-25 11:15,e enjte,9AM,BUY,3735.07,3721.78,3761.65,13.29,0.79,time,480,1.74,-0.46,3730.66,3761.1,3722.08,8.58,14,7.96,0.26,0.18,W2,9AM BUY: mbyllje me kohe ne fitim; +0.79R pas 8.0 oresh
926,2025-09-26 06:30,2025-09-25 23:30,e enjte,9PM,BUY,3742.72,3734.13,3759.9,8.59,0.97,time,480,1.44,-0.41,3738.02,3751.55,3734.43,3.59,35,8.09,0.18,0.21,W2,9PM BUY: mbyllje me kohe ne fitim; +0.97R pas 8.0 oresh | qiri 9PM (Asia)
927,2025-09-30 13:45,2025-09-30 06:45,e marte,5AM,BUY,3809.75,3792.85,3843.55,16.9,2.0,TP,195,2.2,-0.32,3807.66,3871.66,3793.15,14.51,3,9.97,0.34,0.18,W1,5AM BUY: fitim: preku TP | SL i madh (>30% e ATR ditore)
928,2025-10-01 09:45,2025-10-01 02:45,e merkure,1AM,BUY,3864.0,3853.05,3885.9,10.95,2.0,TP,75,2.29,-0.56,3854.69,3875.41,3853.35,1.34,45,10.42,0.21,0.18,W1,1AM BUY: fitim: preku TP | hyrje afer mesit te range-it
929,2025-10-01 16:45,2025-10-01 09:45,e merkure,9AM,BUY,3872.6,3863.42,3890.96,9.18,-1.0,SL,60,0.66,-1.77,3864.6,3895.07,3863.72,0.88,26,10.42,0.18,0.18,L3,"9AM BUY: levizje e vogel ne favor (+0.3R deri +1R), pastaj SL; SL pas 60 min | ora e lajmeve 8-10 NY"
930,2025-10-01 21:30,2025-10-01 14:30,e merkure,1PM,BUY,3863.2,3854.7,3880.2,8.5,-1.0,SL,390,0.91,-1.21,3856.37,3878.65,3855.0,1.37,31,10.42,0.16,0.18,L3,"1PM BUY: levizje e vogel ne favor (+0.3R deri +1R), pastaj SL; SL pas 390 min"
931,2025-10-07 05:15,2025-10-06 22:15,e hene,9PM,BUY,3961.68,3955.6,3973.84,6.08,2.0,TP,90,2.13,-0.14,3958.47,3977.33,3955.9,2.57,17,11.93,0.1,0.18,W1,9PM BUY: fitim: preku TP | qiri 9PM (Asia)
932,2025-10-09 22:15,2025-10-09 15:15,e enjte,1PM,BUY,3972.16,3944.43,4027.62,27.73,-0.03,time,480,0.8,-0.48,3964.24,4057.94,3944.73,19.51,8,13.31,0.45,0.18,L5,1PM BUY: mbyllje me kohe ne humbje (8 ore ose e premte); -0.03R pas 8.0 oresh | SL i madh (>30% e ATR ditore)
933,2025-10-10 08:00,2025-10-10 01:00,e premte,9PM,BUY,3966.27,3946.78,4005.25,19.49,2.0,TP,285,2.07,-0.7,3958.74,3994.35,3947.08,11.66,21,11.07,0.3,0.18,W1,"9PM BUY: fitim: preku TP | qiri 9PM (Asia), e premte"
934,2025-10-10 16:30,2025-10-10 09:30,e premte,9AM,BUY,3991.71,3979.13,4016.87,12.58,-1.0,SL,15,0.5,-1.26,3980.09,4006.61,3979.43,0.66,44,11.07,0.19,0.18,L3,"9AM BUY: levizje e vogel ne favor (+0.3R deri +1R), pastaj SL; SL pas 15 min | ora e lajmeve 8-10 NY, e premte, hyrje afer mesit te range-it"
935,2025-10-14 10:30,2025-10-14 03:30,e marte,1AM,BUY,4124.65,4090.09,4193.77,34.56,0.38,time,480,0.59,-0.78,4106.6,4169.98,4090.39,16.21,28,13.93,0.49,0.18,W2,1AM BUY: mbyllje me kohe ne fitim; +0.38R pas 8.0 oresh | SL i madh (>30% e ATR ditore)
936,2025-10-17 05:45,2025-10-16 22:45,e enjte,9PM,BUY,4339.76,4278.84,4461.6,60.92,-0.14,time,480,0.64,-0.5,4332.76,4379.69,4279.14,53.62,15,18.26,0.75,0.18,L5,"9PM BUY: mbyllje me kohe ne humbje (8 ore ose e premte); -0.14R pas 8.0 oresh | qiri 9PM (Asia), SL i madh (>30% e ATR ditore), sweep i thelle (>50% e range-it)"
937,2025-10-17 15:15,2025-10-17 08:15,e premte,5AM,BUY,4315.57,4283.24,4380.23,32.33,-1.0,SL,75,0.13,-1.76,4309.55,4378.64,4283.54,26.01,9,18.26,0.4,0.18,L2,"5AM BUY: pa drejtim: trade-i nuk shkoi kurre ne favor, SL pas me shume se 1 ore; SL pas 75 min | ora e lajmeve 8-10 NY, e premte, SL i madh (>30% e ATR ditore)"
938,2025-10-21 09:45,2025-10-21 02:45,e marte,1AM,BUY,4337.77,4316.98,4379.35,20.79,-1.0,SL,45,0.31,-2.13,4332.95,4375.34,4317.28,15.67,11,17.87,0.22,0.18,L3,"1AM BUY: levizje e vogel ne favor (+0.3R deri +1R), pastaj SL; SL pas 45 min"
939,2025-10-22 18:15,2025-10-22 11:15,e merkure,9AM,BUY,4039.14,4011.01,4095.4,28.13,2.0,TP,240,2.36,-0.57,4015.1,4101.47,4011.31,3.79,28,11.15,0.25,0.18,W1,9AM BUY: fitim: preku TP
940,2025-10-24 01:00,2025-10-23 18:00,e enjte,1PM,BUY,4130.53,4107.14,4177.31,23.39,-1.0,SL,90,0.09,-1.05,4125.42,4154.81,4107.44,17.98,17,10.0,0.2,0.18,L2,"1PM BUY: pa drejtim: trade-i nuk shkoi kurre ne favor, SL pas me shume se 1 ore; SL pas 90 min | sweep i thelle (>50% e range-it)"
941,2025-10-24 03:00,2025-10-23 20:00,e enjte,5PM,BUY,4121.52,4105.75,4153.06,15.77,-1.0,SL,255,1.45,-1.03,4107.44,4143.47,4106.05,1.39,39,10.27,0.13,0.18,L4,"5PM BUY: fitim i humbur: arriti te pakten +1R, pastaj u kthye ne SL (maksimumi +1.4R); SL pas 255 min | qiri 5PM (pas mbylljes ditore)"
942,2025-10-24 08:00,2025-10-24 01:00,e premte,9PM,BUY,4112.01,4102.52,4130.99,9.49,-1.0,SL,60,0.63,-3.18,4106.05,4133.6,4102.82,3.23,22,10.27,0.08,0.18,L3,"9PM BUY: levizje e vogel ne favor (+0.3R deri +1R), pastaj SL; SL pas 60 min | qiri 9PM (Asia), e premte, SL i vogel (<10% e ATR ditore)"
943,2025-10-24 15:15,2025-10-24 08:15,e premte,5AM,BUY,4062.57,4043.8,4100.11,18.77,2.0,TP,45,2.8,-0.14,4047.49,4117.95,4044.1,3.39,21,10.27,0.15,0.18,W1,"5AM BUY: fitim: preku TP | ora e lajmeve 8-10 NY, e premte"
944,2025-10-27 15:15,2025-10-27 08:15,e hene,5AM,BUY,4032.81,4015.1,4068.23,17.71,-1.0,SL,90,0.99,-1.1,4024.92,4084.79,4015.4,9.52,13,9.48,0.14,0.18,L3,"5AM BUY: levizje e vogel ne favor (+0.3R deri +1R), pastaj SL; SL pas 90 min | ora e lajmeve 8-10 NY"
945,2025-10-28 12:30,2025-10-28 05:30,e marte,5AM,BUY,3905.0,3886.16,3942.68,18.84,2.0,TP,270,2.1,-0.39,3896.42,3980.0,3886.46,9.96,10,5.64,0.15,0.18,W1,5AM BUY: fitim: preku TP
946,2025-10-30 01:45,2025-10-29 18:45,e merkure,5PM,BUY,3941.55,3916.15,3992.35,25.4,-1.0,SL,255,0.98,-1.03,3927.87,4007.08,3916.45,11.42,17,3.57,0.19,0.18,L3,"5PM BUY: levizje e vogel ne favor (+0.3R deri +1R), pastaj SL; SL pas 255 min | qiri 5PM (pas mbylljes ditore)"
947,2025-10-30 06:30,2025-10-29 23:30,e merkure,9PM,BUY,3933.19,3915.17,3969.23,18.02,2.0,TP,60,2.74,-0.18,3916.45,3964.29,3915.47,0.98,35,3.57,0.14,0.18,W1,9PM BUY: fitim: preku TP | qiri 9PM (Asia)
948,2025-11-04 05:15,2025-11-03 22:15,e hene,9PM,BUY,3988.48,3975.59,4014.26,12.89,-1.0,SL,150,0.84,-1.22,3978.54,4005.72,3975.89,2.65,37,4.38,0.1,0.18,L3,"9PM BUY: levizje e vogel ne favor (+0.3R deri +1R), pastaj SL; SL pas 150 min | qiri 9PM (Asia), SL i vogel (<10% e ATR ditore)"
949,2025-11-04 08:30,2025-11-04 01:30,e marte,1AM,BUY,3975.76,3966.26,3994.76,9.5,2.0,TP,45,2.16,-0.2,3972.71,4005.72,3966.56,6.15,9,4.38,0.07,0.18,W1,1AM BUY: fitim: preku TP | SL i vogel (<10% e ATR ditore)
950,2025-11-04 18:30,2025-11-04 11:30,e marte,9AM,BUY,3972.59,3928.44,4060.89,44.15,-0.77,time,480,0.03,-0.96,3971.83,4000.13,3928.74,43.09,3,4.38,0.34,0.18,L5,"9AM BUY: mbyllje me kohe ne humbje (8 ore ose e premte); -0.77R pas 8.0 oresh | SL i madh (>30% e ATR ditore), sweep i thelle (>50% e range-it)"
951,2025-11-05 03:00,2025-11-04 20:00,e marte,5PM,BUY,3940.73,3929.6,3962.99,11.13,2.0,TP,165,2.2,-0.57,3930.32,3956.78,3929.9,0.42,39,2.28,0.08,0.18,W1,"5PM BUY: fitim: preku TP | qiri 5PM (pas mbylljes ditore), SL i vogel (<10% e ATR ditore)"
952,2025-11-05 15:15,2025-11-05 08:15,e merkure,5AM,BUY,3972.62,3955.72,4006.42,16.9,0.64,time,480,1.05,-0.5,3961.81,3987.02,3956.02,5.79,43,2.28,0.13,0.18,W2,"5AM BUY: mbyllje me kohe ne fitim; +0.64R pas 8.0 oresh | ora e lajmeve 8-10 NY, hyrje afer mesit te range-it"
953,2025-11-07 01:30,2025-11-06 18:30,e enjte,5PM,BUY,3983.78,3974.38,4002.58,9.4,2.0,TP,135,2.02,-0.19,3976.76,3995.19,3974.68,2.08,38,2.84,0.08,0.21,W1,"5PM BUY: fitim: preku TP | qiri 5PM (pas mbylljes ditore), SL i vogel (<10% e ATR ditore)"
954,2025-11-07 18:15,2025-11-07 11:15,e premte,9AM,BUY,3999.54,3983.86,4030.9,15.68,0.27,time,285,1.78,-0.45,3991.67,4011.83,3984.16,7.51,39,2.84,0.13,0.18,W2,9AM BUY: mbyllje me kohe ne fitim; +0.27R pas 4.8 oresh | e premte
955,2025-11-10 17:15,2025-11-10 10:15,e hene,9AM,BUY,4087.64,4073.99,4114.94,13.65,2.0,TP,195,2.05,-0.72,4075.76,4105.9,4074.29,1.47,39,3.15,0.13,0.18,W1,9AM BUY: fitim: preku TP
956,2025-11-13 02:30,2025-11-12 19:30,e merkure,5PM,BUY,4193.02,4185.99,4207.08,7.03,2.0,TP,15,2.24,-0.03,4190.48,4211.76,4186.29,4.19,12,7.14,0.08,0.18,W1,"5PM BUY: fitim: preku TP | qiri 5PM (pas mbylljes ditore), SL i vogel (<10% e ATR ditore)"
957,2025-11-14 10:00,2025-11-14 03:00,e premte,1AM,BUY,4180.56,4158.54,4224.6,22.02,-1.0,SL,180,0.29,-1.34,4170.2,4211.23,4158.84,11.36,25,6.19,0.24,0.18,L2,"1AM BUY: pa drejtim: trade-i nuk shkoi kurre ne favor, SL pas me shume se 1 ore; SL pas 180 min | e premte"
958,2025-11-14 16:45,2025-11-14 09:45,e premte,9AM,BUY,4068.0,4031.84,4140.32,36.16,0.53,time,375,1.19,-0.13,4041.33,4171.04,4032.14,9.19,21,6.19,0.4,0.18,W2,"9AM BUY: mbyllje me kohe ne fitim; +0.53R pas 6.2 oresh | ora e lajmeve 8-10 NY, e premte, SL i madh (>30% e ATR ditore)"
959,2025-11-17 06:15,2025-11-16 23:15,e diel,9PM,BUY,4083.98,4069.55,4112.84,14.43,-1.0,SL,60,0.09,-1.75,4072.37,4106.7,4069.85,2.52,34,3.69,0.15,0.18,L1,"9PM BUY: kthim i menjehershem: cmimi shkoi kunder menjehere (sweep-i vazhdoi), SL brenda 1 ore; SL pas 60 min | qiri 9PM (Asia)"
960,2025-11-17 17:00,2025-11-17 10:00,e hene,9AM,BUY,4076.36,4060.44,4108.2,15.92,-1.0,SL,60,0.07,-1.52,4061.1,4092.24,4060.74,0.36,49,3.69,0.17,0.18,L1,"9AM BUY: kthim i menjehershem: cmimi shkoi kunder menjehere (sweep-i vazhdoi), SL brenda 1 ore; SL pas 60 min | hyrje afer mesit te range-it"
961,2025-11-18 07:45,2025-11-18 00:45,e marte,9PM,BUY,4024.04,4004.75,4062.62,19.29,-1.0,SL,75,0.06,-1.12,4022.41,4055.05,4005.05,17.36,5,2.51,0.21,0.18,L2,"9PM BUY: pa drejtim: trade-i nuk shkoi kurre ne favor, SL pas me shume se 1 ore; SL pas 75 min | qiri 9PM (Asia), sweep i thelle (>50% e range-it)"
962,2025-11-18 09:45,2025-11-18 02:45,e marte,1AM,BUY,4011.92,3997.59,4040.58,14.33,2.0,TP,45,2.14,-0.14,4005.05,4055.05,3997.89,7.16,14,2.51,0.16,0.18,W1,1AM BUY: fitim: preku TP
963,2025-11-19 04:30,2025-11-18 21:30,e marte,9PM,BUY,4064.55,4055.24,4083.17,9.31,2.0,TP,165,2.95,-0.05,4056.39,4078.25,4055.54,0.85,37,2.84,0.1,0.18,W1,9PM BUY: fitim: preku TP | qiri 9PM (Asia)
964,2025-11-20 10:45,2025-11-20 03:45,e enjte,1AM,BUY,4054.63,4038.54,4086.81,16.09,2.0,TP,255,2.47,-0.22,4041.54,4110.09,4038.84,2.7,19,2.88,0.19,0.18,W1,1AM BUY: fitim: preku TP
965,2025-11-20 19:30,2025-11-20 12:30,e enjte,9AM,BUY,4056.34,4043.42,4082.18,12.92,2.0,TP,105,2.38,-0.54,4051.09,4095.89,4043.72,7.37,12,2.88,0.15,0.18,W1,9AM BUY: fitim: preku TP
966,2025-11-21 10:30,2025-11-21 03:30,e premte,1AM,BUY,4042.85,4022.14,4084.27,20.71,1.32,time,480,1.98,-0.57,4039.92,4088.62,4022.44,17.48,6,2.63,0.24,0.18,W2,1AM BUY: mbyllje me kohe ne fitim; +1.32R pas 8.0 oresh | e premte
967,2025-11-24 05:30,2025-11-23 22:30,e diel,9PM,BUY,4049.08,4040.39,4066.46,8.69,-1.0,SL,105,1.39,-1.03,4042.72,4077.66,4040.69,2.03,18,2.12,0.1,0.18,L4,"9PM BUY: fitim i humbur: arriti te pakten +1R, pastaj u kthye ne SL (maksimumi +1.4R); SL pas 105 min | qiri 9PM (Asia), SL i vogel (<10% e ATR ditore)"
968,2025-11-25 12:00,2025-11-25 05:00,e marte,1AM,BUY,4128.42,4109.38,4166.5,19.04,0.93,time,480,1.62,-0.91,4122.59,4155.84,4109.68,12.91,18,3.64,0.21,0.18,W2,1AM BUY: mbyllje me kohe ne fitim; +0.93R pas 8.0 oresh
969,2025-11-26 17:30,2025-11-26 10:30,e merkure,9AM,BUY,4156.82,4136.39,4197.68,20.43,0.36,time,480,0.72,-0.06,4148.94,4173.38,4136.69,12.25,32,3.29,0.23,0.18,W2,9AM BUY: mbyllje me kohe ne fitim; +0.36R pas 8.0 oresh | sweep i thelle (>50% e range-it)
970,2025-11-27 06:30,2025-11-26 23:30,e merkure,9PM,BUY,4149.88,4142.43,4164.78,7.45,2.0,TP,225,2.11,-0.7,4148.57,4168.54,4142.73,5.84,7,3.85,0.09,0.18,W1,"9PM BUY: fitim: preku TP | qiri 9PM (Asia), SL i vogel (<10% e ATR ditore)"
971,2025-11-28 10:45,2025-11-28 03:45,e premte,1AM,BUY,4158.66,4155.97,4164.04,2.69,2.0,TP,15,3.53,-0.63,4158.2,4193.08,4156.27,1.93,1,3.44,0.03,0.5,W1,"1AM BUY: fitim: preku TP | e premte, SL i vogel (<10% e ATR ditore), spread i larte (>0.35)"
972,2025-12-02 01:30,2025-12-01 18:30,e hene,5PM,BUY,4235.83,4228.69,4250.11,7.14,-1.0,SL,0,0.0,-1.01,4229.29,4244.57,4228.99,0.3,43,4.74,0.09,0.2,L1,"5PM BUY: kthim i menjehershem: cmimi shkoi kunder menjehere (sweep-i vazhdoi), SL brenda 1 ore; SL pas 0 min | qiri 5PM (pas mbylljes ditore), SL i vogel (<10% e ATR ditore), hyrje afer mesit te range-it"
973,2025-12-02 19:30,2025-12-02 12:30,e marte,9AM,BUY,4192.34,4163.6,4249.82,28.74,0.85,time,480,0.99,-0.31,4182.45,4215.22,4163.9,18.55,30,4.74,0.35,0.18,W2,"9AM BUY: mbyllje me kohe ne fitim; +0.85R pas 8.0 oresh | SL i madh (>30% e ATR ditore), sweep i thelle (>50% e range-it)"
974,2025-12-03 10:45,2025-12-03 03:45,e merkure,1AM,BUY,4208.93,4199.87,4227.05,9.06,-1.0,SL,15,0.08,-1.31,4202.64,4228.81,4200.17,2.47,24,3.89,0.11,0.18,L1,"1AM BUY: kthim i menjehershem: cmimi shkoi kunder menjehere (sweep-i vazhdoi), SL brenda 1 ore; SL pas 15 min"
975,2025-12-03 12:30,2025-12-03 05:30,e merkure,5AM,BUY,4203.19,4194.31,4220.95,8.88,2.0,TP,165,2.22,-0.67,4197.06,4211.8,4194.61,2.45,42,3.89,0.11,0.18,W1,5AM BUY: fitim: preku TP | hyrje afer mesit te range-it
976,2025-12-03 21:30,2025-12-03 14:30,e merkure,1PM,BUY,4206.34,4194.84,4229.34,11.5,-1.0,SL,450,0.91,-1.63,4195.88,4241.48,4195.14,0.74,23,3.89,0.15,0.18,L3,"1PM BUY: levizje e vogel ne favor (+0.3R deri +1R), pastaj SL; SL pas 450 min"
977,2025-12-08 13:30,2025-12-08 06:30,e hene,5AM,BUY,4209.62,4199.44,4229.98,10.18,-1.0,SL,135,0.57,-1.15,4203.18,4218.99,4199.74,3.44,41,2.99,0.16,0.18,L3,"5AM BUY: levizje e vogel ne favor (+0.3R deri +1R), pastaj SL; SL pas 135 min | hyrje afer mesit te range-it"
978,2025-12-09 08:45,2025-12-09 01:45,e marte,1AM,BUY,4181.24,4169.79,4204.14,11.45,2.0,TP,135,2.12,-0.46,4178.15,4198.71,4170.09,8.06,15,2.63,0.19,0.18,W1,1AM BUY: fitim: preku TP
979,2025-12-10 13:15,2025-12-10 06:15,e merkure,5AM,BUY,4195.41,4187.54,4211.15,7.87,2.0,TP,465,3.08,-0.82,4192.64,4211.65,4187.84,4.8,15,2.88,0.13,0.21,W1,5AM BUY: fitim: preku TP
980,2025-12-11 08:30,2025-12-11 01:30,e enjte,1AM,BUY,4213.85,4204.09,4233.37,9.76,1.83,time,480,1.86,-0.88,4206.09,4247.6,4204.39,1.7,19,3.2,0.17,0.19,W2,1AM BUY: mbyllje me kohe ne fitim; +1.83R pas 8.0 oresh
981,2025-12-16 14:00,2025-12-16 07:00,e marte,5AM,BUY,4278.69,4273.56,4288.95,5.13,2.0,TP,15,2.73,-0.35,4275.51,4292.14,4273.86,1.65,19,4.48,0.09,0.18,W1,5AM BUY: fitim: preku TP | SL i vogel (<10% e ATR ditore)
982,2025-12-17 14:30,2025-12-17 07:30,e merkure,5AM,BUY,4321.45,4306.53,4351.29,14.92,1.34,time,480,1.83,-0.43,4308.83,4337.64,4306.83,2.0,44,4.25,0.25,0.18,W2,5AM BUY: mbyllje me kohe ne fitim; +1.34R pas 8.0 oresh | hyrje afer mesit te range-it
983,2025-12-18 04:00,2025-12-17 21:00,e merkure,5PM,BUY,4331.75,4324.11,4347.03,7.64,-1.0,SL,405,0.79,-1.23,4328.8,4346.39,4324.41,4.39,17,4.96,0.12,0.21,L3,"5PM BUY: levizje e vogel ne favor (+0.3R deri +1R), pastaj SL; SL pas 405 min | qiri 5PM (pas mbylljes ditore)"
984,2025-12-23 19:00,2025-12-23 12:00,e marte,9AM,BUY,4474.64,4430.08,4563.76,44.56,0.83,time,480,0.98,-0.11,4473.24,4497.17,4430.38,42.86,6,6.99,0.7,0.18,W2,"9AM BUY: mbyllje me kohe ne fitim; +0.83R pas 8.0 oresh | SL i madh (>30% e ATR ditore), sweep i thelle (>50% e range-it)"
985,2025-12-24 05:30,2025-12-23 22:30,e marte,9PM,BUY,4491.59,4470.81,4533.15,20.78,-0.21,time,480,0.47,-0.64,4485.78,4525.83,4471.11,14.67,15,7.8,0.32,0.21,L5,"9PM BUY: mbyllje me kohe ne humbje (8 ore ose e premte); -0.21R pas 8.0 oresh | qiri 9PM (Asia), SL i madh (>30% e ATR ditore)"
986,2025-12-24 16:00,2025-12-24 09:00,e merkure,5AM,BUY,4488.12,4474.32,4515.72,13.8,-1.0,SL,30,0.09,-1.36,4478.2,4498.29,4474.62,3.58,49,7.8,0.21,0.21,L1,"5AM BUY: kthim i menjehershem: cmimi shkoi kunder menjehere (sweep-i vazhdoi), SL brenda 1 ore; SL pas 30 min | ora e lajmeve 8-10 NY, hyrje afer mesit te range-it"
987,2025-12-24 18:45,2025-12-24 11:45,e merkure,9AM,BUY,4475.58,4447.96,4530.82,27.62,0.85,time,1815,0.44,-0.12,4474.62,4499.86,4448.26,26.36,4,7.8,0.43,0.18,W2,"9AM BUY: mbyllje me kohe ne fitim; +0.85R pas 30.2 oresh | SL i madh (>30% e ATR ditore), sweep i thelle (>50% e range-it)"
988,2025-12-26 14:15,2025-12-26 07:15,e premte,5AM,BUY,4510.99,4502.75,4527.47,8.24,2.0,TP,75,2.16,-0.86,4507.25,4520.38,4503.05,4.2,28,7.53,0.12,0.18,W1,5AM BUY: fitim: preku TP | e premte
989,2025-12-29 10:15,2025-12-29 03:15,e hene,1AM,BUY,4483.84,4445.21,4561.1,38.63,-1.0,SL,195,0.12,-1.28,4472.59,4549.1,4445.51,27.08,15,8.72,0.57,0.18,L2,"1AM BUY: pa drejtim: trade-i nuk shkoi kurre ne favor, SL pas me shume se 1 ore; SL pas 195 min | SL i madh (>30% e ATR ditore)"
990,2025-12-30 18:30,2025-12-30 11:30,e marte,9AM,BUY,4369.26,4354.51,4398.76,14.75,-1.0,SL,195,0.84,-2.14,4367.62,4404.33,4354.81,12.81,4,3.86,0.18,0.18,L3,"9AM BUY: levizje e vogel ne favor (+0.3R deri +1R), pastaj SL; SL pas 195 min"
991,2025-12-31 02:45,2025-12-30 19:45,e marte,5PM,BUY,4343.01,4328.77,4371.49,14.24,2.0,TP,60,2.13,-0.46,4335.0,4378.63,4329.07,5.93,18,4.01,0.17,0.18,W1,5PM BUY: fitim: preku TP | qiri 5PM (pas mbylljes ditore)
992,2025-12-31 08:30,2025-12-31 01:30,e merkure,1AM,BUY,4307.55,4273.73,4375.19,33.82,0.85,time,480,1.21,-0.13,4276.14,4373.34,4274.03,2.11,32,4.01,0.4,0.18,W2,1AM BUY: mbyllje me kohe ne fitim; +0.85R pas 8.0 oresh | SL i madh (>30% e ATR ditore)
993,2025-12-31 22:45,2025-12-31 15:45,e merkure,1PM,BUY,4321.19,4304.17,4355.23,17.02,0.62,time,1575,0.02,-0.85,4317.08,4353.47,4304.47,12.61,11,4.01,0.2,0.18,W2,1PM BUY: mbyllje me kohe ne fitim; +0.62R pas 26.2 oresh
994,2026-01-05 16:00,2026-01-05 09:00,e hene,5AM,BUY,4417.3,4395.92,4460.06,21.38,1.51,time,540,1.8,-0.01,4411.36,4438.16,4396.22,15.14,22,3.65,0.24,0.18,W2,"5AM BUY: mbyllje me kohe ne fitim; +1.51R pas 9.0 oresh | ora e lajmeve 8-10 NY, sweep i thelle (>50% e range-it)"
995,2026-01-06 13:30,2026-01-06 06:30,e marte,5AM,BUY,4455.7,4442.56,4481.98,13.14,2.0,TP,180,2.09,-0.12,4444.9,4475.8,4442.86,2.04,35,6.28,0.15,0.18,W1,5AM BUY: fitim: preku TP
996,2026-01-07 04:45,2026-01-06 21:45,e marte,9PM,BUY,4475.83,4459.4,4508.69,16.43,-1.0,SL,165,0.27,-1.67,4461.26,4500.54,4459.7,1.56,37,7.18,0.18,0.21,L2,"9PM BUY: pa drejtim: trade-i nuk shkoi kurre ne favor, SL pas me shume se 1 ore; SL pas 165 min | qiri 9PM (Asia)"
997,2026-01-07 09:30,2026-01-07 02:30,e merkure,1AM,BUY,4455.12,4441.22,4482.92,13.9,-1.0,SL,285,1.42,-1.11,4443.43,4500.54,4441.52,1.91,20,7.18,0.16,0.21,L4,"1AM BUY: fitim i humbur: arriti te pakten +1R, pastaj u kthye ne SL (maksimumi +1.4R); SL pas 285 min"
998,2026-01-07 16:00,2026-01-07 09:00,e merkure,5AM,BUY,4452.7,4427.58,4502.94,25.12,-1.0,SL,60,0.06,-1.04,4441.52,4474.89,4427.88,13.64,34,7.18,0.28,0.18,L1,"5AM BUY: kthim i menjehershem: cmimi shkoi kunder menjehere (sweep-i vazhdoi), SL brenda 1 ore; SL pas 60 min | ora e lajmeve 8-10 NY"
999,2026-01-07 18:00,2026-01-07 11:00,e merkure,9AM,BUY,4446.36,4423.17,4492.74,23.19,0.72,time,480,0.95,-0.11,4427.88,4467.66,4423.47,4.41,46,7.18,0.26,0.18,W2,9AM BUY: mbyllje me kohe ne fitim; +0.72R pas 8.0 oresh | hyrje afer mesit te range-it
1000,2026-01-08 05:30,2026-01-07 22:30,e merkure,9PM,BUY,4444.32,4432.95,4467.06,11.37,-1.0,SL,60,0.19,-1.07,4441.91,4466.3,4433.25,8.66,10,6.03,0.13,0.18,L1,"9PM BUY: kthim i menjehershem: cmimi shkoi kunder menjehere (sweep-i vazhdoi), SL brenda 1 ore; SL pas 60 min | qiri 9PM (Asia)"
1001,2026-01-13 10:15,2026-01-13 03:15,e marte,1AM,BUY,4587.68,4573.54,4615.96,14.14,2.0,TP,315,2.3,-0.69,4575.65,4607.97,4573.84,1.81,37,8.54,0.15,0.18,W1,1AM BUY: fitim: preku TP
1002,2026-01-13 20:45,2026-01-13 13:45,e marte,1PM,BUY,4600.56,4580.89,4639.9,19.67,-1.0,SL,105,0.07,-1.57,4586.78,4634.39,4581.19,5.59,29,8.54,0.2,0.18,L2,"1PM BUY: pa drejtim: trade-i nuk shkoi kurre ne favor, SL pas me shume se 1 ore; SL pas 105 min"
1003,2026-01-15 02:00,2026-01-14 19:00,e merkure,5PM,BUY,4615.33,4602.59,4640.81,12.74,-1.0,SL,75,0.22,-1.44,4612.81,4642.84,4602.89,9.92,8,8.59,0.14,0.18,L2,"5PM BUY: pa drejtim: trade-i nuk shkoi kurre ne favor, SL pas me shume se 1 ore; SL pas 75 min | qiri 5PM (pas mbylljes ditore)"
1004,2026-01-15 05:45,2026-01-14 22:45,e merkure,9PM,BUY,4596.72,4580.9,4628.36,15.82,1.34,time,480,1.66,-0.99,4583.68,4632.66,4581.2,2.48,27,8.59,0.17,0.18,W2,9PM BUY: mbyllje me kohe ne fitim; +1.34R pas 8.0 oresh | qiri 9PM (Asia)
1005,2026-01-16 03:15,2026-01-15 20:15,e enjte,5PM,BUY,4604.18,4593.56,4625.42,10.62,-1.0,SL,75,0.41,-1.21,4600.79,4621.48,4593.86,6.93,16,7.99,0.12,0.18,L3,"5PM BUY: levizje e vogel ne favor (+0.3R deri +1R), pastaj SL; SL pas 75 min | qiri 5PM (pas mbylljes ditore)"
1006,2026-01-16 07:00,2026-01-16 00:00,e premte,9PM,BUY,4601.4,4591.0,4622.2,10.4,0.04,time,480,1.42,-0.69,4593.86,4620.96,4591.3,2.56,28,7.99,0.11,0.21,W2,"9PM BUY: mbyllje me kohe ne fitim; +0.04R pas 8.0 oresh | qiri 9PM (Asia), e premte"
1007,2026-01-16 15:45,2026-01-16 08:45,e premte,5AM,BUY,4599.84,4582.24,4635.04,17.6,-1.0,SL,90,1.16,-2.0,4594.23,4612.32,4582.54,11.69,31,7.99,0.19,0.21,L4,"5AM BUY: fitim i humbur: arriti te pakten +1R, pastaj u kthye ne SL (maksimumi +1.2R); SL pas 90 min | ora e lajmeve 8-10 NY, e premte, sweep i thelle (>50% e range-it)"
1008,2026-01-16 18:15,2026-01-16 11:15,e premte,9AM,BUY,4594.19,4536.58,4709.41,57.61,-0.21,time,285,0.08,-0.3,4582.54,4615.88,4536.88,45.66,35,7.99,0.64,0.18,L5,"9AM BUY: mbyllje me kohe ne humbje (8 ore ose e premte); -0.21R pas 4.8 oresh | e premte, SL i madh (>30% e ATR ditore), sweep i thelle (>50% e range-it)"
1009,2026-01-20 03:45,2026-01-19 20:45,e hene,5PM,BUY,4673.37,4659.29,4701.53,14.08,2.0,TP,225,2.33,-0.56,4671.97,4680.04,4659.59,12.38,17,8.63,0.18,0.19,W1,"5PM BUY: fitim: preku TP | qiri 5PM (pas mbylljes ditore), sweep i thelle (>50% e range-it)"
1010,2026-01-21 22:45,2026-01-21 15:45,e merkure,1PM,BUY,4820.21,4755.73,4949.17,64.48,-0.38,time,480,0.3,-0.74,4802.6,4880.84,4756.03,46.57,23,10.37,0.8,0.18,L5,"1PM BUY: mbyllje me kohe ne humbje (8 ore ose e premte); -0.38R pas 8.0 oresh | SL i madh (>30% e ATR ditore), sweep i thelle (>50% e range-it)"
1011,2026-01-27 16:45,2026-01-27 09:45,e marte,9AM,BUY,5078.96,5046.54,5143.8,32.42,2.0,TP,330,2.23,-0.95,5067.05,5098.45,5046.84,20.21,38,14.42,0.36,0.18,W1,"9AM BUY: fitim: preku TP | ora e lajmeve 8-10 NY, SL i madh (>30% e ATR ditore), sweep i thelle (>50% e range-it)"
1012,2026-01-28 15:00,2026-01-28 08:00,e merkure,5AM,BUY,5279.16,5238.71,5360.06,40.45,-1.0,SL,120,0.47,-1.04,5252.03,5311.36,5239.01,13.02,46,17.66,0.41,0.18,L3,"5AM BUY: levizje e vogel ne favor (+0.3R deri +1R), pastaj SL; SL pas 120 min | ora e lajmeve 8-10 NY, SL i madh (>30% e ATR ditore), hyrje afer mesit te range-it"
1013,2026-01-29 13:30,2026-01-29 06:30,e enjte,5AM,BUY,5515.9,5470.56,5606.58,45.34,-1.0,SL,210,0.74,-3.28,5474.86,5595.52,5470.86,4.0,34,22.28,0.41,0.18,L3,"5AM BUY: levizje e vogel ne favor (+0.3R deri +1R), pastaj SL; SL pas 210 min | SL i madh (>30% e ATR ditore)"
1014,2026-01-30 17:45,2026-01-30 10:45,e premte,9AM,BUY,5059.21,4980.3,5217.03,78.91,-1.0,SL,45,0.18,-1.26,4992.53,5145.63,4980.6,11.93,44,20.76,0.56,0.18,L1,"9AM BUY: kthim i menjehershem: cmimi shkoi kunder menjehere (sweep-i vazhdoi), SL brenda 1 ore; SL pas 45 min | e premte, SL i madh (>30% e ATR ditore), hyrje afer mesit te range-it"
1015,2026-02-02 09:00,2026-02-02 02:00,e hene,1AM,BUY,4504.37,4402.83,4707.45,101.54,2.0,TP,150,2.05,-0.16,4499.3,4884.66,4403.13,96.17,1,9.47,0.54,0.18,W1,1AM BUY: fitim: preku TP | SL i madh (>30% e ATR ditore)
1016,2026-02-02 18:15,2026-02-02 11:15,e hene,9AM,BUY,4697.34,4596.6,4898.82,100.74,0.9,time,480,0.99,-0.78,4657.56,4812.18,4596.9,60.66,26,9.47,0.53,0.18,W2,9AM BUY: mbyllje me kohe ne fitim; +0.90R pas 8.0 oresh | SL i madh (>30% e ATR ditore)
1017,2026-02-03 21:30,2026-02-03 14:30,e marte,1PM,BUY,4929.7,4880.41,5028.28,49.29,2.0,TP,330,2.5,-0.55,4893.86,4993.69,4880.71,13.15,36,3.96,0.23,0.18,W1,1PM BUY: fitim: preku TP
1018,2026-02-04 12:45,2026-02-04 05:45,e merkure,5AM,BUY,5060.07,5041.44,5097.33,18.63,-1.0,SL,30,0.05,-2.5,5043.38,5091.72,5041.74,1.64,35,9.92,0.08,0.18,L1,"5AM BUY: kthim i menjehershem: cmimi shkoi kunder menjehere (sweep-i vazhdoi), SL brenda 1 ore; SL pas 30 min | SL i vogel (<10% e ATR ditore)"
1019,2026-02-05 13:15,2026-02-05 06:15,e enjte,5AM,BUY,4887.31,4848.47,4964.99,38.84,-1.0,SL,45,0.19,-1.37,4849.67,4943.7,4848.77,0.9,40,9.94,0.15,0.18,L1,"5AM BUY: kthim i menjehershem: cmimi shkoi kunder menjehere (sweep-i vazhdoi), SL brenda 1 ore; SL pas 45 min | hyrje afer mesit te range-it"
1020,2026-02-06 03:00,2026-02-05 20:00,e enjte,5PM,BUY,4763.25,4654.71,4980.33,108.54,0.9,time,480,1.29,-0.64,4759.99,4875.14,4655.01,104.98,3,5.47,0.41,0.18,W2,"5PM BUY: mbyllje me kohe ne fitim; +0.90R pas 8.0 oresh | qiri 5PM (pas mbylljes ditore), SL i madh (>30% e ATR ditore), sweep i thelle (>50% e range-it)"
1021,2026-02-09 13:30,2026-02-09 06:30,e hene,5AM,BUY,5006.2,4981.99,5054.62,24.21,2.0,TP,240,2.06,-0.46,4997.93,5045.54,4982.29,15.64,17,9.22,0.09,0.19,W1,5AM BUY: fitim: preku TP | SL i vogel (<10% e ATR ditore)
1022,2026-02-10 19:45,2026-02-10 12:45,e marte,9AM,BUY,5037.78,4998.7,5115.94,39.08,0.16,time,480,0.43,-0.84,5019.8,5058.48,4999.0,20.8,46,10.85,0.14,0.2,W2,"9AM BUY: mbyllje me kohe ne fitim; +0.16R pas 8.0 oresh | sweep i thelle (>50% e range-it), hyrje afer mesit te range-it"
1023,2026-02-12 17:15,2026-02-12 10:15,e enjte,9AM,BUY,5065.28,5039.12,5117.6,26.16,-1.0,SL,45,0.37,-4.46,5048.91,5083.67,5039.42,9.49,47,10.59,0.1,0.18,L3,"9AM BUY: levizje e vogel ne favor (+0.3R deri +1R), pastaj SL; SL pas 45 min | SL i vogel (<10% e ATR ditore), hyrje afer mesit te range-it"
1024,2026-02-13 14:00,2026-02-13 07:00,e premte,5AM,BUY,4953.65,4933.93,4993.09,19.72,2.0,TP,90,2.32,-0.07,4946.27,4989.34,4934.23,12.04,17,6.73,0.07,0.18,W1,"5AM BUY: fitim: preku TP | e premte, SL i vogel (<10% e ATR ditore)"
1025,2026-02-16 19:15,2026-02-16 12:15,e hene,9AM,BUY,4991.46,4968.79,5036.8,22.67,-1.0,SL,435,0.4,-1.0,4989.65,5017.23,4969.09,20.56,7,8.93,0.08,0.18,L3,"9AM BUY: levizje e vogel ne favor (+0.3R deri +1R), pastaj SL; SL pas 435 min | SL i vogel (<10% e ATR ditore), sweep i thelle (>50% e range-it)"
1026,2026-02-18 02:45,2026-02-17 19:45,e marte,5PM,BUY,4878.43,4853.73,4927.83,24.7,2.0,TP,195,2.13,-0.24,4862.53,4910.62,4854.03,8.5,33,4.74,0.09,0.18,W1,"5PM BUY: fitim: preku TP | qiri 5PM (pas mbylljes ditore), SL i vogel (<10% e ATR ditore)"
1027,2026-02-18 14:15,2026-02-18 07:15,e merkure,5AM,BUY,4922.72,4906.09,4955.98,16.63,2.0,TP,45,2.16,-0.29,4913.03,4941.93,4906.39,6.64,34,4.74,0.06,0.21,W1,5AM BUY: fitim: preku TP | SL i vogel (<10% e ATR ditore)
1028,2026-02-19 01:30,2026-02-18 18:30,e merkure,5PM,BUY,4982.16,4958.51,5029.46,23.65,1.51,time,480,1.67,-0.91,4973.05,5003.15,4958.81,14.24,30,6.48,0.09,0.21,W2,"5PM BUY: mbyllje me kohe ne fitim; +1.51R pas 8.0 oresh | qiri 5PM (pas mbylljes ditore), SL i vogel (<10% e ATR ditore)"
1029,2026-02-24 15:15,2026-02-24 08:15,e marte,5AM,BUY,5159.43,5144.92,5188.45,14.51,-1.0,SL,15,0.0,-1.79,5156.72,5184.8,5145.22,11.5,10,10.64,0.09,0.18,L1,"5AM BUY: kthim i menjehershem: cmimi shkoi kunder menjehere (sweep-i vazhdoi), SL brenda 1 ore; SL pas 15 min | ora e lajmeve 8-10 NY, SL i vogel (<10% e ATR ditore)"
1030,2026-02-24 16:45,2026-02-24 09:45,e marte,9AM,BUY,5137.53,5093.47,5225.65,44.06,0.11,time,495,0.81,-0.43,5111.14,5181.15,5093.77,17.37,38,10.64,0.28,0.19,W2,9AM BUY: mbyllje me kohe ne fitim; +0.11R pas 8.2 oresh | ora e lajmeve 8-10 NY
1031,2026-02-25 01:45,2026-02-24 18:45,e marte,5PM,BUY,5147.12,5120.04,5201.28,27.08,2.0,TP,345,2.1,-0.38,5140.86,5173.13,5120.34,20.52,19,8.44,0.18,0.18,W1,"5PM BUY: fitim: preku TP | qiri 5PM (pas mbylljes ditore), sweep i thelle (>50% e range-it)"
1032,2026-02-25 14:00,2026-02-25 07:00,e merkure,5AM,BUY,5181.46,5155.12,5234.14,26.34,0.89,time,480,1.38,-0.87,5176.72,5201.78,5155.42,21.3,19,8.44,0.17,0.18,W2,5AM BUY: mbyllje me kohe ne fitim; +0.89R pas 8.0 oresh | sweep i thelle (>50% e range-it)
1033,2026-02-26 13:15,2026-02-26 06:15,e enjte,5AM,BUY,5175.79,5165.66,5196.05,10.13,-1.0,SL,30,0.03,-1.44,5167.87,5199.63,5165.96,1.91,25,8.52,0.07,0.18,L1,"5AM BUY: kthim i menjehershem: cmimi shkoi kunder menjehere (sweep-i vazhdoi), SL brenda 1 ore; SL pas 30 min | SL i vogel (<10% e ATR ditore)"
1034,2026-02-27 13:00,2026-02-27 06:00,e premte,5AM,BUY,5177.8,5168.57,5196.26,9.23,2.0,TP,120,4.0,-0.56,5172.27,5199.2,5168.87,3.4,21,8.52,0.07,0.18,W1,"5AM BUY: fitim: preku TP | e premte, SL i vogel (<10% e ATR ditore)"
1035,2026-03-03 09:45,2026-03-03 02:45,e marte,1AM,BUY,5326.69,5279.15,5421.77,47.54,-1.0,SL,90,0.19,-2.1,5305.21,5379.87,5279.45,25.76,29,10.5,0.37,0.18,L2,"1AM BUY: pa drejtim: trade-i nuk shkoi kurre ne favor, SL pas me shume se 1 ore; SL pas 90 min | SL i madh (>30% e ATR ditore)"
1036,2026-03-03 18:00,2026-03-03 11:00,e marte,9AM,BUY,5095.68,4996.11,5294.82,99.57,0.3,time,480,0.53,-0.3,5074.56,5287.66,4996.41,78.15,10,10.5,0.77,0.18,W2,9AM BUY: mbyllje me kohe ne fitim; +0.30R pas 8.0 oresh | SL i madh (>30% e ATR ditore)
1037,2026-03-04 21:00,2026-03-04 14:00,e merkure,1PM,BUY,5134.06,5108.65,5184.88,25.41,2.0,TP,360,2.06,-0.42,5120.44,5185.12,5108.95,11.49,21,5.33,0.17,0.19,W1,1PM BUY: fitim: preku TP
1038,2026-03-05 09:00,2026-03-05 02:00,e enjte,1AM,BUY,5167.47,5120.78,5260.85,46.69,-1.0,SL,375,0.28,-1.79,5144.72,5194.9,5121.08,23.64,45,6.11,0.33,0.18,L2,"1AM BUY: pa drejtim: trade-i nuk shkoi kurre ne favor, SL pas me shume se 1 ore; SL pas 375 min | SL i madh (>30% e ATR ditore), hyrje afer mesit te range-it"
1039,2026-03-05 19:15,2026-03-05 12:15,e enjte,9AM,BUY,5087.47,5054.07,5154.27,33.4,-1.0,SL,45,0.04,-1.09,5084.1,5171.58,5054.37,29.73,4,6.11,0.24,0.18,L1,"9AM BUY: kthim i menjehershem: cmimi shkoi kunder menjehere (sweep-i vazhdoi), SL brenda 1 ore; SL pas 45 min"
1040,2026-03-05 20:45,2026-03-05 13:45,e enjte,1PM,BUY,5083.42,5050.66,5148.94,32.76,1.25,time,480,1.83,-0.85,5054.37,5129.75,5050.96,3.41,39,6.11,0.23,0.18,W2,1PM BUY: mbyllje me kohe ne fitim; +1.25R pas 8.0 oresh
1041,2026-03-06 13:00,2026-03-06 06:00,e premte,5AM,BUY,5091.69,5075.56,5123.95,16.13,-1.0,SL,45,0.49,-1.79,5083.45,5123.06,5075.86,7.59,21,4.66,0.11,0.21,L3,"5AM BUY: levizje e vogel ne favor (+0.3R deri +1R), pastaj SL; SL pas 45 min | e premte"
1042,2026-03-09 04:45,2026-03-08 21:45,e diel,9PM,BUY,5079.51,5014.55,5209.43,64.96,0.36,time,480,0.94,-0.37,5028.36,5197.4,5014.85,13.51,30,6.2,0.45,0.18,W2,"9PM BUY: mbyllje me kohe ne fitim; +0.36R pas 8.0 oresh | qiri 9PM (Asia), SL i madh (>30% e ATR ditore)"
1043,2026-03-09 15:15,2026-03-09 08:15,e hene,5AM,BUY,5096.9,5079.52,5131.66,17.38,-1.0,SL,75,0.87,-1.29,5081.13,5140.63,5079.82,1.31,27,6.2,0.12,0.18,L3,"5AM BUY: levizje e vogel ne favor (+0.3R deri +1R), pastaj SL; SL pas 75 min | ora e lajmeve 8-10 NY"
1044,2026-03-11 12:00,2026-03-11 05:00,e merkure,1AM,BUY,5187.77,5175.24,5212.83,12.53,-1.0,SL,210,0.74,-1.17,5183.0,5223.07,5175.54,7.46,12,5.93,0.09,0.2,L3,"1AM BUY: levizje e vogel ne favor (+0.3R deri +1R), pastaj SL; SL pas 210 min | SL i vogel (<10% e ATR ditore)"
1045,2026-03-13 12:00,2026-03-13 05:00,e premte,1AM,BUY,5087.62,5061.46,5139.94,26.16,-1.0,SL,345,1.3,-1.97,5072.23,5128.63,5061.76,10.47,27,2.98,0.18,0.2,L4,"1AM BUY: fitim i humbur: arriti te pakten +1R, pastaj u kthye ne SL (maksimumi +1.3R); SL pas 345 min | e premte"
1046,2026-03-16 13:30,2026-03-16 06:30,e hene,5AM,BUY,4986.66,4969.94,5020.1,16.72,2.0,TP,45,2.15,-0.38,4985.03,5035.59,4970.24,14.79,3,1.47,0.12,0.2,W1,5AM BUY: fitim: preku TP
1047,2026-03-17 15:30,2026-03-17 08:30,e marte,5AM,BUY,5020.3,4991.78,5077.34,28.52,-1.0,SL,180,0.39,-1.63,5005.17,5044.54,4992.08,13.09,38,0.99,0.21,0.2,L3,"5AM BUY: levizje e vogel ne favor (+0.3R deri +1R), pastaj SL; SL pas 180 min | ora e lajmeve 8-10 NY"
1048,2026-03-17 19:30,2026-03-17 12:30,e marte,9AM,BUY,5004.2,4973.55,5065.5,30.65,-0.04,time,480,0.26,-0.35,4992.08,5025.79,4973.85,18.23,36,0.99,0.22,0.2,L5,9AM BUY: mbyllje me kohe ne humbje (8 ore ose e premte); -0.04R pas 8.0 oresh | sweep i thelle (>50% e range-it)
1049,2026-03-18 05:30,2026-03-17 22:30,e marte,9PM,BUY,5002.36,4990.86,5025.36,11.5,-1.0,SL,15,0.15,-1.03,4993.42,5012.24,4991.16,2.26,48,0.8,0.09,0.2,L1,"9PM BUY: kthim i menjehershem: cmimi shkoi kunder menjehere (sweep-i vazhdoi), SL brenda 1 ore; SL pas 15 min | qiri 9PM (Asia), SL i vogel (<10% e ATR ditore), hyrje afer mesit te range-it"
1050,2026-03-18 16:45,2026-03-18 09:45,e merkure,9AM,BUY,4873.63,4834.42,4952.05,39.21,-1.0,SL,375,0.65,-1.27,4870.83,4995.66,4834.72,36.11,2,0.8,0.29,0.2,L3,"9AM BUY: levizje e vogel ne favor (+0.3R deri +1R), pastaj SL; SL pas 375 min | ora e lajmeve 8-10 NY"
1051,2026-03-20 01:45,2026-03-19 18:45,e enjte,5PM,SELL,4646.65,4677.36,4585.23,30.71,-1.0,SL,135,0.4,-1.1,4574.0,4663.18,4677.06,13.88,81,-6.61,0.19,0.2,L3,"5PM SELL: levizje e vogel ne favor (+0.3R deri +1R), pastaj SL; SL pas 135 min | qiri 5PM (pas mbylljes ditore)"
1052,2026-03-23 18:30,2026-03-23 11:30,e hene,9AM,SELL,4446.69,4512.98,4314.11,66.29,0.07,time,480,1.44,-0.31,4223.87,4492.58,4512.68,20.1,83,-9.77,0.39,0.2,W2,9AM SELL: mbyllje me kohe ne fitim; +0.07R pas 8.0 oresh | SL i madh (>30% e ATR ditore)
1053,2026-03-25 06:45,2026-03-24 23:45,e marte,9PM,SELL,4569.9,4602.52,4504.66,32.62,-0.42,time,480,1.29,-0.49,4455.91,4571.91,4602.22,30.31,98,-10.03,0.18,0.2,L5,9PM SELL: mbyllje me kohe ne humbje (8 ore ose e premte); -0.42R pas 8.0 oresh | qiri 9PM (Asia)
1054,2026-03-26 04:45,2026-03-25 21:45,e merkure,9PM,SELL,4530.25,4544.26,4502.23,14.01,2.0,TP,90,2.15,-0.42,4488.97,4539.12,4543.96,4.84,82,-9.32,0.08,0.2,W1,"9PM SELL: fitim: preku TP | qiri 9PM (Asia), SL i vogel (<10% e ATR ditore)"
1055,2026-03-26 18:15,2026-03-26 11:15,e enjte,9AM,SELL,4455.54,4479.3,4408.02,23.76,2.0,TP,60,2.86,-0.13,4414.61,4456.27,4479.0,22.73,98,-9.32,0.13,0.2,W1,9AM SELL: fitim: preku TP | sweep i thelle (>50% e range-it)
1056,2026-03-27 11:30,2026-03-27 04:30,e premte,1AM,SELL,4433.75,4475.33,4350.59,41.58,-1.0,SL,375,0.7,-1.95,4375.71,4449.55,4475.03,25.48,79,-11.76,0.23,0.2,L3,"1AM SELL: levizje e vogel ne favor (+0.3R deri +1R), pastaj SL; SL pas 375 min | e premte"
1057,2026-03-30 06:45,2026-03-29 23:45,e diel,9PM,SELL,4503.38,4517.57,4475.0,14.19,-1.0,SL,120,1.2,-1.78,4419.89,4515.19,4517.27,2.08,88,-9.43,0.08,0.2,L4,"9PM SELL: fitim i humbur: arriti te pakten +1R, pastaj u kthye ne SL (maksimumi +1.2R); SL pas 120 min | qiri 9PM (Asia), SL i vogel (<10% e ATR ditore)"
1058,2026-04-01 11:00,2026-04-01 04:00,e merkure,1AM,SELL,4712.46,4748.02,4641.34,35.56,-1.0,SL,210,0.05,-1.42,4662.02,4723.99,4747.72,23.73,81,-5.81,0.18,0.2,L2,"1AM SELL: pa drejtim: trade-i nuk shkoi kurre ne favor, SL pas me shume se 1 ore; SL pas 210 min"
1059,2026-04-01 15:15,2026-04-01 08:15,e merkure,5AM,SELL,4743.81,4763.19,4705.05,19.38,-1.0,SL,150,1.4,-1.3,4674.95,4747.72,4762.89,15.17,95,-5.81,0.1,0.2,L4,"5AM SELL: fitim i humbur: arriti te pakten +1R, pastaj u kthye ne SL (maksimumi +1.4R); SL pas 150 min | ora e lajmeve 8-10 NY, SL i vogel (<10% e ATR ditore)"
1060,2026-04-01 20:30,2026-04-01 13:30,e merkure,1PM,SELL,4785.38,4793.27,4769.6,7.89,2.0,TP,30,3.21,-0.12,4716.52,4790.58,4792.97,2.39,93,-5.81,0.04,0.2,W1,1PM SELL: fitim: preku TP | SL i vogel (<10% e ATR ditore)
1061,2026-04-02 03:00,2026-04-01 20:00,e merkure,5PM,SELL,4784.15,4800.69,4751.07,16.54,2.0,TP,60,3.59,-0.89,4742.35,4792.97,4800.39,7.42,83,-3.98,0.09,0.2,W1,"5PM SELL: fitim: preku TP | qiri 5PM (pas mbylljes ditore), SL i vogel (<10% e ATR ditore)"
1062,2026-04-06 08:45,2026-04-06 01:45,e hene,1AM,SELL,4661.54,4678.76,4627.1,17.22,-1.0,SL,120,1.0,-1.57,4600.85,4675.36,4678.46,3.1,81,-5.52,0.08,0.2,L4,"1AM SELL: fitim i humbur: arriti te pakten +1R, pastaj u kthye ne SL (maksimumi +1.0R); SL pas 120 min | SL i vogel (<10% e ATR ditore)"
1063,2026-04-06 13:00,2026-04-06 06:00,e hene,5AM,SELL,4693.7,4706.59,4667.92,12.89,2.0,TP,135,2.63,-0.32,4644.08,4698.06,4706.29,8.23,92,-5.52,0.06,0.2,W1,5AM SELL: fitim: preku TP | SL i vogel (<10% e ATR ditore)
1064,2026-04-07 12:45,2026-04-07 05:45,e marte,5AM,SELL,4667.15,4694.58,4612.29,27.43,2.0,TP,255,2.17,-0.49,4623.37,4690.78,4694.28,3.5,65,-5.97,0.13,0.2,W1,5AM SELL: fitim: preku TP
1065,2026-04-09 12:45,2026-04-09 05:45,e enjte,5AM,SELL,4726.69,4733.47,4713.13,6.78,-1.0,SL,30,0.4,-1.95,4703.43,4733.12,4733.17,0.05,78,-4.23,0.03,0.22,L3,"5AM SELL: levizje e vogel ne favor (+0.3R deri +1R), pastaj SL; SL pas 30 min | SL i vogel (<10% e ATR ditore)"
1066,2026-04-09 21:15,2026-04-09 14:15,e enjte,1PM,SELL,4783.86,4801.32,4748.94,17.46,2.0,TP,465,2.01,-0.27,4738.7,4800.85,4801.02,0.17,73,-4.23,0.09,0.22,W1,1PM SELL: fitim: preku TP | SL i vogel (<10% e ATR ditore)
1067,2026-04-10 15:30,2026-04-10 08:30,e premte,5AM,SELL,4762.66,4771.39,4745.2,8.73,-1.0,SL,0,0.07,-2.3,4730.86,4769.15,4771.09,1.94,83,-3.02,0.05,0.2,L1,"5AM SELL: kthim i menjehershem: cmimi shkoi kunder menjehere (sweep-i vazhdoi), SL brenda 1 ore; SL pas 0 min | ora e lajmeve 8-10 NY, e premte, SL i vogel (<10% e ATR ditore)"
1068,2026-04-10 18:45,2026-04-10 11:45,e premte,9AM,SELL,4765.87,4795.25,4707.11,29.38,0.2,time,255,0.61,-0.25,4740.73,4782.5,4794.95,12.45,60,-3.02,0.16,0.2,W2,9AM SELL: mbyllje me kohe ne fitim; +0.20R pas 4.2 oresh | e premte
1069,2026-04-13 11:45,2026-04-13 04:45,e hene,1AM,SELL,4721.45,4740.28,4683.79,18.83,-1.0,SL,300,0.93,-1.23,4639.97,4728.21,4739.98,11.77,92,-3.16,0.11,0.2,L3,"1AM SELL: levizje e vogel ne favor (+0.3R deri +1R), pastaj SL; SL pas 300 min"
1070,2026-04-13 21:30,2026-04-13 14:30,e hene,1PM,SELL,4727.21,4750.37,4680.89,23.16,-1.0,SL,210,0.01,-1.27,4700.53,4746.1,4750.07,3.97,59,-3.16,0.13,0.2,L2,"1PM SELL: pa drejtim: trade-i nuk shkoi kurre ne favor, SL pas me shume se 1 ore; SL pas 210 min | hyrje afer mesit te range-it"
1071,2026-04-14 06:15,2026-04-13 23:15,e hene,9PM,SELL,4769.29,4777.31,4753.25,8.02,-1.0,SL,210,1.4,-1.72,4744.51,4775.94,4777.01,1.07,79,-3.22,0.05,0.2,L4,"9PM SELL: fitim i humbur: arriti te pakten +1R, pastaj u kthye ne SL (maksimumi +1.4R); SL pas 210 min | qiri 9PM (Asia), SL i vogel (<10% e ATR ditore)"
1072,2026-04-14 10:30,2026-04-14 03:30,e marte,1AM,SELL,4772.62,4796.65,4724.56,24.03,-1.0,SL,360,0.84,-1.27,4744.51,4777.01,4796.35,19.34,86,-3.22,0.16,0.2,L3,"1AM SELL: levizje e vogel ne favor (+0.3R deri +1R), pastaj SL; SL pas 360 min | sweep i thelle (>50% e range-it)"
1073,2026-04-15 02:00,2026-04-14 19:00,e marte,5PM,SELL,4835.0,4850.81,4803.38,15.81,-1.0,SL,120,0.47,-1.12,4809.53,4846.41,4850.51,4.1,69,-1.27,0.11,0.2,L3,"5PM SELL: levizje e vogel ne favor (+0.3R deri +1R), pastaj SL; SL pas 120 min | qiri 5PM (pas mbylljes ditore)"
1074,2026-04-15 17:45,2026-04-15 10:45,e merkure,9AM,SELL,4819.33,4830.7,4796.59,11.37,2.0,TP,45,2.82,-0.03,4786.17,4819.51,4830.4,10.89,99,-1.27,0.08,0.2,W1,9AM SELL: fitim: preku TP | SL i vogel (<10% e ATR ditore)
1075,2026-04-16 08:45,2026-04-16 01:45,e enjte,1AM,SELL,4825.17,4838.58,4798.35,13.41,0.65,time,480,1.48,-0.44,4790.09,4837.41,4838.28,0.87,74,-2.23,0.1,0.22,W2,1AM SELL: mbyllje me kohe ne fitim; +0.65R pas 8.0 oresh | SL i vogel (<10% e ATR ditore)
1076,2026-04-17 08:45,2026-04-17 01:45,e premte,1AM,SELL,4796.63,4806.42,4777.05,9.79,-1.0,SL,360,1.8,-1.56,4767.87,4804.55,4806.12,1.57,78,-2.2,0.08,0.2,L4,"1AM SELL: fitim i humbur: arriti te pakten +1R, pastaj u kthye ne SL (maksimumi +1.8R); SL pas 360 min | e premte, SL i vogel (<10% e ATR ditore)"
1077,2026-04-20 06:15,2026-04-19 23:15,e diel,9PM,SELL,4791.49,4814.58,4745.31,23.09,0.07,time,480,0.5,-0.63,4737.01,4794.84,4814.28,19.44,94,-1.36,0.18,0.23,W2,9PM SELL: mbyllje me kohe ne fitim; +0.07R pas 8.0 oresh | qiri 9PM (Asia)
1078,2026-04-20 16:00,2026-04-20 09:00,e hene,5AM,SELL,4804.02,4822.32,4767.42,18.3,-1.0,SL,15,0.22,-1.19,4779.78,4805.74,4822.02,16.28,93,-1.36,0.15,0.2,L1,"5AM SELL: kthim i menjehershem: cmimi shkoi kunder menjehere (sweep-i vazhdoi), SL brenda 1 ore; SL pas 15 min | ora e lajmeve 8-10 NY, sweep i thelle (>50% e range-it)"
1079,2026-04-20 17:45,2026-04-20 10:45,e hene,9AM,SELL,4814.03,4828.0,4786.09,13.97,-1.0,SL,435,1.53,-1.32,4783.48,4822.02,4827.7,5.68,79,-1.36,0.11,0.2,L4,"9AM SELL: fitim i humbur: arriti te pakten +1R, pastaj u kthye ne SL (maksimumi +1.5R); SL pas 435 min"
1080,2026-04-21 03:00,2026-04-20 20:00,e hene,5PM,SELL,4822.21,4833.34,4799.95,11.13,2.0,TP,195,2.56,-0.77,4803.86,4821.93,4833.04,11.11,102,-1.52,0.09,0.2,W1,"5PM SELL: fitim: preku TP | qiri 5PM (pas mbylljes ditore), SL i vogel (<10% e ATR ditore), sweep i thelle (>50% e range-it)"
1081,2026-04-21 15:15,2026-04-21 08:15,e marte,5AM,SELL,4791.08,4798.18,4776.88,7.1,2.0,TP,15,3.29,-0.12,4772.74,4796.92,4797.88,0.96,76,-1.52,0.06,0.2,W1,"5AM SELL: fitim: preku TP | ora e lajmeve 8-10 NY, SL i vogel (<10% e ATR ditore)"
1082,2026-04-22 01:45,2026-04-21 18:45,e marte,5PM,SELL,4716.89,4729.8,4691.07,12.91,-1.0,SL,15,0.09,-1.01,4668.57,4721.92,4729.5,7.58,91,-3.44,0.11,0.23,L1,"5PM SELL: kthim i menjehershem: cmimi shkoi kunder menjehere (sweep-i vazhdoi), SL brenda 1 ore; SL pas 15 min | qiri 5PM (pas mbylljes ditore)"
1083,2026-04-22 09:15,2026-04-22 02:15,e merkure,1AM,SELL,4762.73,4772.34,4743.51,9.61,-1.0,SL,45,0.21,-1.0,4715.53,4764.94,4772.04,7.1,96,-3.44,0.08,0.2,L1,"1AM SELL: kthim i menjehershem: cmimi shkoi kunder menjehere (sweep-i vazhdoi), SL brenda 1 ore; SL pas 45 min | SL i vogel (<10% e ATR ditore)"
1084,2026-04-28 23:30,2026-04-28 16:30,e marte,1PM,SELL,4592.83,4601.84,4574.81,9.01,-1.0,SL,210,0.52,-1.92,4557.25,4594.82,4601.54,6.72,95,-3.72,0.09,0.2,L3,"1PM SELL: levizje e vogel ne favor (+0.3R deri +1R), pastaj SL; SL pas 210 min | SL i vogel (<10% e ATR ditore)"
1085,2026-04-30 05:30,2026-04-29 22:30,e merkure,9PM,SELL,4572.77,4582.72,4552.87,9.95,2.0,TP,90,2.19,-0.08,4539.34,4574.03,4582.42,8.39,96,-6.28,0.1,0.22,W1,9PM SELL: fitim: preku TP | qiri 9PM (Asia)
1086,2026-04-30 14:45,2026-04-30 07:45,e enjte,5AM,SELL,4629.29,4647.07,4593.73,17.78,0.37,time,480,1.34,-0.94,4542.09,4629.81,4646.77,16.96,99,-6.28,0.19,0.18,W2,5AM SELL: mbyllje me kohe ne fitim; +0.37R pas 8.0 oresh
1087,2026-05-01 03:15,2026-04-30 20:15,e enjte,5PM,SELL,4622.47,4636.0,4595.41,13.53,-1.0,SL,120,0.62,-1.01,4607.63,4627.26,4635.7,8.44,76,-4.53,0.14,0.22,L3,"5PM SELL: levizje e vogel ne favor (+0.3R deri +1R), pastaj SL; SL pas 120 min | qiri 5PM (pas mbylljes ditore)"
1088,2026-05-05 07:30,2026-05-05 00:30,e marte,9PM,SELL,4529.55,4546.9,4494.85,17.35,-1.0,SL,60,0.08,-1.28,4513.51,4530.32,4546.6,16.28,95,-6.21,0.17,0.22,L1,"9PM SELL: kthim i menjehershem: cmimi shkoi kunder menjehere (sweep-i vazhdoi), SL brenda 1 ore; SL pas 60 min | qiri 9PM (Asia), sweep i thelle (>50% e range-it)"
1089,2026-05-05 09:30,2026-05-05 02:30,e marte,1AM,SELL,4536.91,4552.25,4506.23,15.34,-1.0,SL,30,0.03,-1.19,4513.51,4546.6,4551.95,5.35,71,-6.21,0.15,0.18,L1,"1AM SELL: kthim i menjehershem: cmimi shkoi kunder menjehere (sweep-i vazhdoi), SL brenda 1 ore; SL pas 30 min"
1090,2026-05-05 12:30,2026-05-05 05:30,e marte,5AM,SELL,4552.44,4560.71,4535.9,8.27,-1.0,SL,120,1.5,-1.49,4531.33,4559.62,4560.41,0.79,75,-6.21,0.08,0.18,L4,"5AM SELL: fitim i humbur: arriti te pakten +1R, pastaj u kthye ne SL (maksimumi +1.5R); SL pas 120 min | SL i vogel (<10% e ATR ditore)"
1091,2026-05-05 16:45,2026-05-05 09:45,e marte,9AM,SELL,4573.92,4585.15,4551.46,11.23,-1.0,SL,30,0.7,-1.13,4539.88,4574.58,4584.85,10.27,98,-6.21,0.11,0.18,L3,"9AM SELL: levizje e vogel ne favor (+0.3R deri +1R), pastaj SL; SL pas 30 min | ora e lajmeve 8-10 NY"
1092,2026-05-06 14:45,2026-05-06 07:45,e merkure,5AM,SELL,4699.93,4723.2,4653.39,23.27,0.19,time,480,1.69,-0.75,4644.65,4702.57,4722.9,20.33,95,-5.24,0.23,0.18,W2,5AM SELL: mbyllje me kohe ne fitim; +0.19R pas 8.0 oresh
1093,2026-05-07 07:00,2026-05-07 00:00,e enjte,9PM,SELL,4698.86,4721.2,4654.18,22.34,-1.0,SL,150,0.29,-2.28,4685.47,4701.09,4720.9,19.81,86,-2.26,0.21,0.22,L2,"9PM SELL: pa drejtim: trade-i nuk shkoi kurre ne favor, SL pas me shume se 1 ore; SL pas 150 min | qiri 9PM (Asia), sweep i thelle (>50% e range-it)"
1094,2026-05-07 18:30,2026-05-07 11:30,e enjte,9AM,SELL,4740.06,4764.99,4690.2,24.93,2.0,TP,105,2.09,-0.29,4722.05,4752.63,4764.69,12.06,59,-2.26,0.23,0.18,W1,9AM SELL: fitim: preku TP | hyrje afer mesit te range-it
1095,2026-05-08 10:15,2026-05-08 03:15,e premte,1AM,SELL,4715.19,4734.92,4675.73,19.73,-1.0,SL,375,0.92,-1.49,4678.57,4732.67,4734.62,1.95,68,-2.18,0.19,0.2,L3,"1AM SELL: levizje e vogel ne favor (+0.3R deri +1R), pastaj SL; SL pas 375 min | e premte"
1096,2026-05-08 17:15,2026-05-08 10:15,e premte,9AM,SELL,4731.45,4749.77,4694.81,18.32,0.39,time,345,1.6,-0.14,4702.87,4731.92,4749.47,17.55,98,-2.18,0.17,0.2,W2,"9AM SELL: mbyllje me kohe ne fitim; +0.39R pas 5.8 oresh | e premte, sweep i thelle (>50% e range-it)"
1097,2026-05-13 03:00,2026-05-12 20:00,e marte,5PM,SELL,4717.04,4724.14,4702.84,7.1,-1.0,SL,0,0.26,-1.38,4671.28,4719.26,4723.84,4.58,95,-0.89,0.07,0.2,L1,"5PM SELL: kthim i menjehershem: cmimi shkoi kunder menjehere (sweep-i vazhdoi), SL brenda 1 ore; SL pas 0 min | qiri 5PM (pas mbylljes ditore), SL i vogel (<10% e ATR ditore)"
1098,2026-05-14 02:30,2026-05-13 19:30,e merkure,5PM,SELL,4696.91,4702.42,4685.89,5.51,-1.0,SL,45,1.29,-1.55,4677.65,4701.29,4702.12,0.83,81,-1.28,0.05,0.2,L4,"5PM SELL: fitim i humbur: arriti te pakten +1R, pastaj u kthye ne SL (maksimumi +1.3R); SL pas 45 min | qiri 5PM (pas mbylljes ditore), SL i vogel (<10% e ATR ditore)"
1099,2026-05-14 11:00,2026-05-14 04:00,e enjte,1AM,SELL,4692.26,4719.01,4638.76,26.75,0.24,time,480,0.95,-0.67,4668.84,4712.57,4718.71,6.14,54,-1.28,0.26,0.2,W2,1AM SELL: mbyllje me kohe ne fitim; +0.24R pas 8.0 oresh | hyrje afer mesit te range-it
1100,2026-05-18 11:00,2026-05-18 04:00,e hene,1AM,SELL,4545.81,4560.25,4516.93,14.44,-1.0,SL,210,1.08,-1.48,4480.73,4554.9,4559.95,5.05,88,-4.01,0.13,0.2,L4,"1AM SELL: fitim i humbur: arriti te pakten +1R, pastaj u kthye ne SL (maksimumi +1.1R); SL pas 210 min"
1101,2026-05-18 17:30,2026-05-18 10:30,e hene,9AM,SELL,4562.12,4584.48,4517.4,22.36,-0.5,time,480,1.33,-0.56,4530.03,4574.77,4584.18,9.41,72,-4.01,0.21,0.2,L5,9AM SELL: mbyllje me kohe ne humbje (8 ore ose e premte); -0.50R pas 8.0 oresh
1102,2026-05-19 04:00,2026-05-18 21:00,e hene,5PM,SELL,4562.94,4589.31,4510.2,26.37,0.76,time,480,1.19,-0.35,4534.18,4566.66,4589.01,22.35,89,-3.19,0.25,0.2,W2,"5PM SELL: mbyllje me kohe ne fitim; +0.76R pas 8.0 oresh | qiri 5PM (pas mbylljes ditore), sweep i thelle (>50% e range-it)"
1103,2026-05-20 16:30,2026-05-20 09:30,e merkure,9AM,SELL,4489.32,4506.22,4455.52,16.9,-1.0,SL,45,1.31,-1.28,4472.79,4505.33,4505.92,0.59,51,-4.71,0.16,0.18,L4,"9AM SELL: fitim i humbur: arriti te pakten +1R, pastaj u kthye ne SL (maksimumi +1.3R); SL pas 45 min | ora e lajmeve 8-10 NY, hyrje afer mesit te range-it"
1104,2026-05-21 05:15,2026-05-20 22:15,e merkure,9PM,SELL,4551.78,4570.84,4513.66,19.06,2.0,TP,300,2.08,-0.09,4534.68,4553.15,4570.54,17.39,93,-3.13,0.18,0.2,W1,"9PM SELL: fitim: preku TP | qiri 9PM (Asia), sweep i thelle (>50% e range-it)"
1105,2026-05-21 12:45,2026-05-21 05:45,e enjte,5AM,SELL,4529.82,4543.05,4503.36,13.23,2.0,TP,180,2.04,-0.42,4511.9,4540.09,4542.75,2.66,64,-3.13,0.12,0.2,W1,5AM SELL: fitim: preku TP
1106,2026-05-22 13:30,2026-05-22 06:30,e premte,5AM,SELL,4524.68,4537.11,4499.82,12.43,2.0,TP,210,2.55,-0.9,4507.4,4534.21,4536.81,2.6,64,-2.89,0.12,0.2,W1,5AM SELL: fitim: preku TP | e premte
1107,2026-05-25 20:30,2026-05-25 13:30,e hene,1PM,SELL,4571.41,4577.97,4558.29,6.56,-1.0,SL,330,1.2,-1.23,4560.19,4574.69,4577.67,2.98,77,-3.38,0.07,0.2,L4,"1PM SELL: fitim i humbur: arriti te pakten +1R, pastaj u kthye ne SL (maksimumi +1.2R); SL pas 330 min | SL i vogel (<10% e ATR ditore)"
1108,2026-05-26 14:15,2026-05-26 07:15,e marte,5AM,SELL,4531.79,4540.85,4513.67,9.06,2.0,TP,15,2.91,-0.12,4520.18,4539.01,4540.55,1.54,62,-1.9,0.09,0.2,W1,5AM SELL: fitim: preku TP | SL i vogel (<10% e ATR ditore)
1109,2026-05-27 23:45,2026-05-27 16:45,e merkure,1PM,SELL,4453.59,4459.08,4442.61,5.49,-1.0,SL,75,0.15,-2.29,4401.42,4455.3,4458.78,3.48,97,-3.02,0.06,0.2,L2,"1PM SELL: pa drejtim: trade-i nuk shkoi kurre ne favor, SL pas me shume se 1 ore; SL pas 75 min | SL i vogel (<10% e ATR ditore)"
1110,2026-05-28 02:15,2026-05-27 19:15,e merkure,5PM,SELL,4453.54,4466.25,4428.12,12.71,2.0,TP,120,2.84,-0.42,4441.4,4458.78,4465.95,7.17,70,-3.9,0.13,0.22,W1,5PM SELL: fitim: preku TP | qiri 5PM (pas mbylljes ditore)
1111,2026-05-28 13:45,2026-05-28 06:45,e enjte,5AM,SELL,4389.13,4404.51,4358.37,15.38,-1.0,SL,120,0.86,-2.9,4367.22,4396.04,4404.21,8.17,76,-3.9,0.16,0.2,L3,"5AM SELL: levizje e vogel ne favor (+0.3R deri +1R), pastaj SL; SL pas 120 min"
1112,2026-05-28 16:45,2026-05-28 09:45,e enjte,9AM,SELL,4422.1,4439.2,4387.9,17.1,-1.0,SL,15,0.07,-2.64,4375.63,4433.47,4438.9,5.43,80,-3.9,0.18,0.2,L1,"9AM SELL: kthim i menjehershem: cmimi shkoi kunder menjehere (sweep-i vazhdoi), SL brenda 1 ore; SL pas 15 min | ora e lajmeve 8-10 NY"
1113,2026-05-28 20:30,2026-05-28 13:30,e enjte,1PM,SELL,4502.7,4514.78,4478.54,12.08,-1.0,SL,30,0.0,-1.16,4418.23,4511.02,4514.48,3.46,91,-3.9,0.13,0.2,L1,"1PM SELL: kthim i menjehershem: cmimi shkoi kunder menjehere (sweep-i vazhdoi), SL brenda 1 ore; SL pas 30 min"
1114,2026-05-29 06:15,2026-05-28 23:15,e enjte,9PM,SELL,4496.3,4520.82,4447.26,24.52,-1.0,SL,165,0.05,-1.07,4489.13,4500.51,4520.52,20.01,63,-2.9,0.24,0.2,L2,"9PM SELL: pa drejtim: trade-i nuk shkoi kurre ne favor, SL pas me shume se 1 ore; SL pas 165 min | qiri 9PM (Asia), sweep i thelle (>50% e range-it)"
1115,2026-05-29 10:30,2026-05-29 03:30,e premte,1AM,SELL,4513.68,4524.35,4492.34,10.67,-1.0,SL,0,0.06,-1.17,4489.13,4520.52,4524.05,3.53,78,-2.9,0.11,0.2,L1,"1AM SELL: kthim i menjehershem: cmimi shkoi kunder menjehere (sweep-i vazhdoi), SL brenda 1 ore; SL pas 0 min | e premte"
1116,2026-05-29 15:30,2026-05-29 08:30,e premte,5AM,SELL,4522.43,4543.57,4480.15,21.14,-1.0,SL,90,0.45,-1.43,4502.76,4526.1,4543.27,17.17,84,-2.9,0.21,0.2,L3,"5AM SELL: levizje e vogel ne favor (+0.3R deri +1R), pastaj SL; SL pas 90 min | ora e lajmeve 8-10 NY, e premte, sweep i thelle (>50% e range-it)"
1117,2026-05-29 17:30,2026-05-29 10:30,e premte,9AM,SELL,4529.13,4552.84,4481.71,23.71,-1.0,SL,15,0.14,-1.75,4512.76,4543.27,4552.54,9.27,54,-2.9,0.23,0.2,L1,"9AM SELL: kthim i menjehershem: cmimi shkoi kunder menjehere (sweep-i vazhdoi), SL brenda 1 ore; SL pas 15 min | e premte, hyrje afer mesit te range-it"
1118,2026-06-02 09:00,2026-06-02 02:00,e marte,1AM,SELL,4517.0,4528.42,4494.16,11.42,-1.0,SL,15,0.0,-1.5,4463.05,4518.36,4528.12,9.76,98,-3.09,0.12,0.2,L1,"1AM SELL: kthim i menjehershem: cmimi shkoi kunder menjehere (sweep-i vazhdoi), SL brenda 1 ore; SL pas 15 min"
1119,2026-06-04 03:30,2026-06-03 20:30,e merkure,5PM,SELL,4450.7,4465.58,4420.94,14.88,-1.0,SL,30,0.48,-1.12,4430.52,4452.22,4465.28,13.06,93,-4.2,0.15,0.2,L3,"5PM SELL: levizje e vogel ne favor (+0.3R deri +1R), pastaj SL; SL pas 30 min | qiri 5PM (pas mbylljes ditore), sweep i thelle (>50% e range-it)"
1120,2026-06-04 04:45,2026-06-03 21:45,e merkure,9PM,SELL,4459.34,4473.87,4430.28,14.53,-1.0,SL,60,0.24,-1.18,4423.92,4465.28,4473.57,8.29,86,-4.2,0.15,0.2,L1,"9PM SELL: kthim i menjehershem: cmimi shkoi kunder menjehere (sweep-i vazhdoi), SL brenda 1 ore; SL pas 60 min | qiri 9PM (Asia)"
1121,2026-06-05 14:15,2026-06-05 07:15,e premte,5AM,SELL,4461.38,4469.61,4444.92,8.23,-1.0,SL,30,0.31,-1.71,4428.87,4468.19,4469.31,1.12,83,-3.31,0.09,0.2,L3,"5AM SELL: levizje e vogel ne favor (+0.3R deri +1R), pastaj SL; SL pas 30 min | e premte, SL i vogel (<10% e ATR ditore)"
1122,2026-06-08 17:00,2026-06-08 10:00,e hene,9AM,SELL,4326.92,4346.85,4287.06,19.93,-0.28,time,480,0.59,-0.98,4273.09,4339.2,4346.55,7.35,81,-6.44,0.2,0.2,L5,9AM SELL: mbyllje me kohe ne humbje (8 ore ose e premte); -0.28R pas 8.0 oresh
1123,2026-06-09 05:15,2026-06-08 22:15,e hene,9PM,SELL,4332.93,4339.14,4320.51,6.21,-1.0,SL,15,0.42,-1.12,4312.94,4332.97,4338.84,5.87,100,-6.35,0.06,0.2,L3,"9PM SELL: levizje e vogel ne favor (+0.3R deri +1R), pastaj SL; SL pas 15 min | qiri 9PM (Asia), SL i vogel (<10% e ATR ditore)"
1124,2026-06-09 10:00,2026-06-09 03:00,e marte,1AM,SELL,4330.63,4351.7,4288.49,21.07,-1.0,SL,405,0.44,-1.57,4312.94,4342.16,4351.4,9.24,61,-6.35,0.22,0.2,L3,"1AM SELL: levizje e vogel ne favor (+0.3R deri +1R), pastaj SL; SL pas 405 min"
1125,2026-06-10 17:30,2026-06-10 10:30,e merkure,9AM,SELL,4161.06,4186.44,4110.3,25.38,2.0,TP,75,2.13,-0.1,4130.72,4179.44,4186.14,6.7,62,-7.75,0.25,0.2,W1,9AM SELL: fitim: preku TP
1126,2026-06-11 05:45,2026-06-10 22:45,e merkure,9PM,SELL,4058.8,4118.37,3939.66,59.57,-0.53,time,480,0.1,-0.91,4023.74,4077.93,4118.07,40.14,65,-11.62,0.55,0.2,L5,"9PM SELL: mbyllje me kohe ne humbje (8 ore ose e premte); -0.53R pas 8.0 oresh | qiri 9PM (Asia), SL i madh (>30% e ATR ditore), sweep i thelle (>50% e range-it)"
1127,2026-06-11 19:30,2026-06-11 12:30,e enjte,9AM,SELL,4079.43,4107.67,4022.95,28.24,-1.0,SL,60,0.25,-3.21,4057.52,4096.21,4107.37,11.16,57,-11.62,0.26,0.2,L1,"9AM SELL: kthim i menjehershem: cmimi shkoi kunder menjehere (sweep-i vazhdoi), SL brenda 1 ore; SL pas 60 min | hyrje afer mesit te range-it"
1128,2026-06-12 02:30,2026-06-11 19:30,e enjte,5PM,SELL,4216.08,4246.69,4154.86,30.61,1.37,time,480,1.47,-0.47,4072.08,4219.93,4246.39,26.46,97,-8.35,0.26,0.2,W2,5PM SELL: mbyllje me kohe ne fitim; +1.37R pas 8.0 oresh | qiri 5PM (pas mbylljes ditore)
1129,2026-06-12 13:30,2026-06-12 06:30,e premte,5AM,SELL,4206.81,4228.22,4163.99,21.41,-1.0,SL,285,1.38,-1.35,4170.22,4225.97,4227.92,1.95,66,-8.35,0.18,0.2,L4,"5AM SELL: fitim i humbur: arriti te pakten +1R, pastaj u kthye ne SL (maksimumi +1.4R); SL pas 285 min | e premte"
1130,2026-06-12 18:45,2026-06-12 11:45,e premte,9AM,SELL,4211.27,4235.76,4162.29,24.49,0.01,time,255,0.37,-0.99,4188.45,4227.92,4235.46,7.54,58,-8.35,0.21,0.2,W2,"9AM SELL: mbyllje me kohe ne fitim; +0.01R pas 4.2 oresh | e premte, hyrje afer mesit te range-it"
1131,2026-06-15 15:00,2026-06-15 08:00,e hene,5AM,SELL,4335.34,4347.67,4310.68,12.33,-1.0,SL,45,0.85,-1.15,4300.79,4345.21,4347.37,2.16,78,-8.03,0.1,0.2,L3,"5AM SELL: levizje e vogel ne favor (+0.3R deri +1R), pastaj SL; SL pas 45 min | ora e lajmeve 8-10 NY"
1132,2026-06-15 19:30,2026-06-15 12:30,e hene,9AM,SELL,4342.8,4369.34,4289.72,26.54,1.29,time,480,1.38,-0.02,4324.69,4349.34,4369.04,19.7,73,-8.03,0.22,0.2,W2,9AM SELL: mbyllje me kohe ne fitim; +1.29R pas 8.0 oresh | sweep i thelle (>50% e range-it)
1133,2026-06-16 04:45,2026-06-15 21:45,e hene,9PM,SELL,4314.94,4326.15,4292.52,11.21,-1.0,SL,105,0.64,-1.62,4306.05,4320.73,4325.85,5.12,61,-5.92,0.09,0.2,L3,"9PM SELL: levizje e vogel ne favor (+0.3R deri +1R), pastaj SL; SL pas 105 min | qiri 9PM (Asia), SL i vogel (<10% e ATR ditore)"
1134,2026-06-16 12:30,2026-06-16 05:30,e marte,5AM,SELL,4339.85,4348.49,4322.57,8.64,-1.0,SL,15,0.04,-1.0,4313.51,4347.83,4348.19,0.36,77,-5.92,0.07,0.2,L1,"5AM SELL: kthim i menjehershem: cmimi shkoi kunder menjehere (sweep-i vazhdoi), SL brenda 1 ore; SL pas 15 min | SL i vogel (<10% e ATR ditore)"
1135,2026-06-17 14:45,2026-06-17 07:45,e merkure,5AM,SELL,4325.9,4335.83,4306.04,9.93,-1.0,SL,90,0.59,-1.26,4317.6,4334.06,4335.53,1.47,50,-5.27,0.09,0.2,L3,"5AM SELL: levizje e vogel ne favor (+0.3R deri +1R), pastaj SL; SL pas 90 min | SL i vogel (<10% e ATR ditore), hyrje afer mesit te range-it"
1136,2026-06-18 06:00,2026-06-17 23:00,e merkure,9PM,SELL,4310.97,4330.16,4272.59,19.19,2.0,TP,345,2.35,-0.72,4254.48,4315.28,4329.86,14.58,93,-6.73,0.17,0.2,W1,9PM SELL: fitim: preku TP | qiri 9PM (Asia)
1137,2026-06-19 16:30,2026-06-19 09:30,e premte,9AM,SELL,4164.04,4183.2,4125.72,19.16,1.07,time,3390,1.11,-0.21,4141.96,4180.05,4182.9,2.85,58,-7.54,0.16,0.18,W2,"9AM SELL: mbyllje me kohe ne fitim; +1.07R pas 56.5 oresh | ora e lajmeve 8-10 NY, e premte, hyrje afer mesit te range-it"
1138,2026-06-22 04:45,2026-06-21 21:45,e diel,9PM,SELL,4200.8,4220.63,4161.14,19.83,-0.32,time,480,1.51,-0.47,4136.5,4200.92,4220.33,19.41,100,-8.47,0.17,0.2,L5,9PM SELL: mbyllje me kohe ne humbje (8 ore ose e premte); -0.32R pas 8.0 oresh | qiri 9PM (Asia)
1139,2026-06-22 14:00,2026-06-22 07:00,e hene,5AM,SELL,4204.78,4214.43,4185.48,9.65,-1.0,SL,0,0.01,-1.08,4179.38,4207.31,4214.13,6.82,91,-8.47,0.08,0.2,L1,"5AM SELL: kthim i menjehershem: cmimi shkoi kunder menjehere (sweep-i vazhdoi), SL brenda 1 ore; SL pas 0 min | SL i vogel (<10% e ATR ditore)"
1140,2026-06-23 01:45,2026-06-22 18:45,e hene,5PM,SELL,4189.93,4194.85,4180.09,4.92,-1.0,SL,45,0.27,-1.14,4177.16,4193.69,4194.55,0.86,77,-7.46,0.04,0.22,L1,"5PM SELL: kthim i menjehershem: cmimi shkoi kunder menjehere (sweep-i vazhdoi), SL brenda 1 ore; SL pas 45 min | qiri 5PM (pas mbylljes ditore), SL i vogel (<10% e ATR ditore)"
1141,2026-06-23 17:30,2026-06-23 10:30,e marte,9AM,SELL,4132.73,4144.73,4108.73,12.0,2.0,TP,345,2.09,-0.94,4104.16,4133.28,4144.43,11.15,98,-7.46,0.1,0.2,W1,9AM SELL: fitim: preku TP
1142,2026-06-25 03:30,2026-06-24 20:30,e merkure,5PM,SELL,3996.18,4018.94,3950.66,22.76,0.1,time,480,1.44,-0.43,3959.32,4011.17,4018.64,7.47,71,-11.11,0.18,0.2,W2,5PM SELL: mbyllje me kohe ne fitim; +0.10R pas 8.0 oresh | qiri 5PM (pas mbylljes ditore)
1143,2026-06-25 16:45,2026-06-25 09:45,e enjte,9AM,SELL,4012.15,4034.29,3967.87,22.14,-1.0,SL,90,0.58,-1.28,3973.63,4018.71,4033.99,15.28,85,-11.11,0.18,0.2,L3,"9AM SELL: levizje e vogel ne favor (+0.3R deri +1R), pastaj SL; SL pas 90 min | ora e lajmeve 8-10 NY"
1144,2026-06-25 23:00,2026-06-25 16:00,e enjte,1PM,SELL,4027.01,4044.45,3992.13,17.44,2.0,TP,390,2.03,-0.55,3999.1,4043.97,4044.15,0.18,62,-11.11,0.14,0.21,W1,1PM SELL: fitim: preku TP
1145,2026-06-30 11:45,2026-06-30 04:45,e marte,1AM,SELL,4017.92,4037.94,3977.88,20.02,-1.0,SL,315,0.45,-1.54,3942.53,4022.32,4037.64,15.32,94,-9.81,0.17,0.21,L3,"1AM SELL: levizje e vogel ne favor (+0.3R deri +1R), pastaj SL; SL pas 315 min"
1146,2026-06-30 18:15,2026-06-30 11:15,e marte,9AM,SELL,4036.02,4063.6,3980.86,27.58,0.78,time,480,1.06,-0.01,4008.68,4037.3,4063.3,26.0,96,-9.81,0.24,0.2,W2,9AM SELL: mbyllje me kohe ne fitim; +0.78R pas 8.0 oresh | sweep i thelle (>50% e range-it)
1147,2026-07-02 04:45,2026-07-01 21:45,e merkure,9PM,SELL,4047.31,4068.89,4004.15,21.58,-1.0,SL,120,0.26,-1.25,4030.74,4052.4,4068.59,16.19,77,-8.89,0.2,0.2,L2,"9PM SELL: pa drejtim: trade-i nuk shkoi kurre ne favor, SL pas me shume se 1 ore; SL pas 120 min | qiri 9PM (Asia), sweep i thelle (>50% e range-it)"
1148,2026-07-02 10:30,2026-07-02 03:30,e enjte,1AM,SELL,4062.2,4080.07,4026.46,17.87,-1.0,SL,75,0.06,-1.0,4030.74,4074.08,4079.77,5.69,73,-8.89,0.16,0.2,L2,"1AM SELL: pa drejtim: trade-i nuk shkoi kurre ne favor, SL pas me shume se 1 ore; SL pas 75 min"
1149,2026-07-02 17:15,2026-07-02 10:15,e enjte,9AM,SELL,4128.59,4144.25,4097.27,15.66,0.25,time,480,1.79,-0.49,4057.42,4140.27,4143.95,3.68,86,-8.89,0.14,0.2,W2,9AM SELL: mbyllje me kohe ne fitim; +0.25R pas 8.0 oresh
1150,2026-07-03 01:30,2026-07-02 18:30,e enjte,5PM,SELL,4124.28,4128.34,4116.16,4.06,-1.0,SL,45,0.37,-1.52,4105.74,4126.96,4128.04,1.08,87,-6.58,0.04,0.23,L3,"5PM SELL: levizje e vogel ne favor (+0.3R deri +1R), pastaj SL; SL pas 45 min | qiri 5PM (pas mbylljes ditore), SL i vogel (<10% e ATR ditore)"
1151,2026-07-07 02:00,2026-07-06 19:00,e hene,5PM,SELL,4164.19,4168.73,4155.11,4.54,2.0,TP,60,2.46,-0.37,4150.3,4167.47,4168.43,0.96,81,-5.17,0.04,0.23,W1,"5PM SELL: fitim: preku TP | qiri 5PM (pas mbylljes ditore), SL i vogel (<10% e ATR ditore)"
1152,2026-07-07 17:00,2026-07-07 10:00,e marte,9AM,SELL,4158.6,4180.69,4114.42,22.09,2.0,TP,300,2.5,-0.24,4119.82,4175.0,4180.39,5.39,70,-5.17,0.2,0.2,W1,9AM SELL: fitim: preku TP
1153,2026-07-08 07:00,2026-07-08 00:00,e merkure,9PM,SELL,4123.26,4131.29,4107.2,8.03,-1.0,SL,60,0.31,-1.35,4094.04,4126.71,4130.99,4.28,89,-6.31,0.08,0.21,L3,"9PM SELL: levizje e vogel ne favor (+0.3R deri +1R), pastaj SL; SL pas 60 min | qiri 9PM (Asia), SL i vogel (<10% e ATR ditore)"
1154,2026-07-08 08:30,2026-07-08 01:30,e merkure,1AM,SELL,4121.83,4134.18,4097.13,12.35,2.0,TP,165,3.3,-0.97,4094.04,4130.99,4133.88,2.89,75,-6.31,0.12,0.22,W1,1AM SELL: fitim: preku TP
1155,2026-07-08 23:30,2026-07-08 16:30,e merkure,1PM,SELL,4076.75,4091.6,4047.05,14.85,1.19,time,480,1.5,-0.89,4021.72,4082.99,4091.3,8.31,90,-6.31,0.14,0.18,W2,1PM SELL: mbyllje me kohe ne fitim; +1.19R pas 8.0 oresh
1156,2026-07-10 06:30,2026-07-09 23:30,e enjte,9PM,SELL,4125.18,4135.08,4105.38,9.9,2.0,TP,255,2.09,-0.28,4114.41,4128.31,4134.78,6.47,77,-5.48,0.1,0.2,W1,"9PM SELL: fitim: preku TP | qiri 9PM (Asia), SL i vogel (<10% e ATR ditore)"
1157,2026-07-14 02:00,2026-07-13 19:00,e hene,5PM,SELL,4000.91,4006.98,3988.77,6.07,2.0,TP,60,2.79,-0.66,3986.76,4006.11,4006.68,0.57,73,-7.84,0.06,0.23,W1,"5PM SELL: fitim: preku TP | qiri 5PM (pas mbylljes ditore), SL i vogel (<10% e ATR ditore)"
1158,2026-07-14 11:00,2026-07-14 04:00,e marte,1AM,SELL,4020.93,4034.36,3994.07,13.43,-1.0,SL,240,0.52,-1.12,3983.78,4023.3,4034.06,10.76,94,-7.84,0.13,0.21,L3,"1AM SELL: levizje e vogel ne favor (+0.3R deri +1R), pastaj SL; SL pas 240 min"
1159,2026-07-15 04:30,2026-07-14 21:30,e marte,9PM,SELL,4054.48,4062.33,4038.78,7.85,2.0,TP,0,2.25,-0.05,4046.82,4060.63,4062.03,1.4,55,-6.46,0.08,0.2,W1,"9PM SELL: fitim: preku TP | qiri 9PM (Asia), SL i vogel (<10% e ATR ditore), hyrje afer mesit te range-it"
1160,2026-07-15 16:30,2026-07-15 09:30,e merkure,9AM,SELL,4055.91,4074.36,4019.01,18.45,-1.0,SL,285,1.57,-1.04,4025.49,4071.4,4074.06,2.66,66,-6.46,0.18,0.21,L4,"9AM SELL: fitim i humbur: arriti te pakten +1R, pastaj u kthye ne SL (maksimumi +1.6R); SL pas 285 min | ora e lajmeve 8-10 NY"
1161,2026-07-15 22:00,2026-07-15 15:00,e merkure,1PM,SELL,4059.12,4081.53,4014.3,22.41,1.21,time,480,1.54,-0.35,4026.76,4074.06,4081.23,7.17,68,-6.46,0.22,0.2,W2,1PM SELL: mbyllje me kohe ne fitim; +1.21R pas 8.0 oresh
1162,2026-07-16 12:30,2026-07-16 05:30,e enjte,5AM,SELL,4033.07,4037.8,4023.61,4.73,2.0,TP,105,2.43,-0.72,4023.0,4036.51,4037.5,0.99,75,-6.0,0.05,0.2,W1,5AM SELL: fitim: preku TP | SL i vogel (<10% e ATR ditore)
1163,2026-07-17 05:00,2026-07-16 22:00,e enjte,9PM,SELL,3983.44,3996.39,3957.54,12.95,-1.0,SL,75,0.96,-1.95,3973.19,3991.93,3996.09,4.16,55,-7.64,0.13,0.2,L3,"9PM SELL: levizje e vogel ne favor (+0.3R deri +1R), pastaj SL; SL pas 75 min | qiri 9PM (Asia), hyrje afer mesit te range-it"
1164,2026-07-20 04:30,2026-07-19 21:30,e diel,9PM,SELL,4003.06,4020.9,3967.38,17.84,-1.0,SL,75,0.4,-1.45,3982.93,4010.14,4020.6,10.46,74,-6.38,0.19,0.22,L3,"9PM SELL: levizje e vogel ne favor (+0.3R deri +1R), pastaj SL; SL pas 75 min | qiri 9PM (Asia)"
1165,2026-07-20 11:45,2026-07-20 04:45,e hene,1AM,SELL,4022.06,4030.76,4004.66,8.7,-1.0,SL,165,0.8,-2.17,3982.93,4028.71,4030.46,1.75,85,-6.38,0.09,0.23,L3,"1AM SELL: levizje e vogel ne favor (+0.3R deri +1R), pastaj SL; SL pas 165 min | SL i vogel (<10% e ATR ditore)"
1166,2026-07-21 04:45,2026-07-20 21:45,e hene,9PM,SELL,4024.36,4036.06,4000.96,11.7,-1.0,SL,45,0.23,-1.72,3999.8,4027.1,4035.76,8.66,90,-6.28,0.13,0.2,L1,"9PM SELL: kthim i menjehershem: cmimi shkoi kunder menjehere (sweep-i vazhdoi), SL brenda 1 ore; SL pas 45 min | qiri 9PM (Asia)"
1167,2026-07-24 12:30,2026-07-24 05:30,e premte,5AM,SELL,4053.03,4061.04,4037.01,8.01,-1.0,SL,30,0.13,-1.08,4022.05,4058.69,4060.74,2.05,85,-4.51,0.09,0.22,L1,"5AM SELL: kthim i menjehershem: cmimi shkoi kunder menjehere (sweep-i vazhdoi), SL brenda 1 ore; SL pas 30 min | e premte, SL i vogel (<10% e ATR ditore)"
1168,2026-07-28 19:45,2026-07-28 12:45,e marte,9AM,SELL,4040.49,4047.29,4026.89,6.8,2.0,TP,60,2.13,-0.17,4016.82,4045.86,4046.99,1.13,82,-3.43,0.08,0.23,W1,9AM SELL: fitim: preku TP | SL i vogel (<10% e ATR ditore)
1169,2026-07-29 06:00,2026-07-28 23:00,e marte,9PM,SELL,4029.52,4038.02,4012.52,8.5,-1.0,SL,150,1.02,-1.2,4013.81,4031.13,4037.72,6.59,91,-4.36,0.11,0.23,L4,"9PM SELL: fitim i humbur: arriti te pakten +1R, pastaj u kthye ne SL (maksimumi +1.0R); SL pas 150 min | qiri 9PM (Asia)"
1170,2026-07-29 11:30,2026-07-29 04:30,e merkure,1AM,SELL,4037.16,4047.96,4015.56,10.8,2.0,TP,225,2.23,-0.29,4010.3,4037.72,4047.66,9.94,98,-4.36,0.13,0.23,W1,1AM SELL: fitim: preku TP
1171,2026-07-30 16:00,2026-07-30 09:00,e enjte,5AM,SELL,4068.91,4086.92,4032.89,18.01,-1.0,SL,30,0.2,-1.67,4028.43,4072.87,4086.62,13.75,91,-3.22,0.22,0.23,L1,"5AM SELL: kthim i menjehershem: cmimi shkoi kunder menjehere (sweep-i vazhdoi), SL brenda 1 ore; SL pas 30 min | ora e lajmeve 8-10 NY"
1172,2026-07-30 18:15,2026-07-30 11:15,e enjte,9AM,SELL,4085.49,4120.53,4015.41,35.04,-0.63,time,480,0.01,-0.97,4060.31,4086.62,4120.23,33.61,96,-3.22,0.42,0.23,L5,"9AM SELL: mbyllje me kohe ne humbje (8 ore ose e premte); -0.63R pas 8.0 oresh | SL i madh (>30% e ATR ditore), sweep i thelle (>50% e range-it)"
1173,2026-08-04 04:00,2026-08-03 21:00,e hene,5PM,SELL,4048.81,4069.65,4007.13,20.84,-1.0,SL,420,0.29,-1.16,4029.65,4058.15,4069.35,11.2,67,-2.86,0.26,0.23,L2,"5PM SELL: pa drejtim: trade-i nuk shkoi kurre ne favor, SL pas me shume se 1 ore; SL pas 420 min | qiri 5PM (pas mbylljes ditore)"
1174,2026-08-04 11:30,2026-08-04 04:30,e marte,1AM,SELL,4063.37,4073.14,4043.83,9.77,-1.0,SL,195,1.79,-2.15,4042.59,4069.35,4072.84,3.49,78,-2.86,0.12,0.23,L4,"1AM SELL: fitim i humbur: arriti te pakten +1R, pastaj u kthye ne SL (maksimumi +1.8R); SL pas 195 min"
1175,2026-08-04 17:45,2026-08-04 10:45,e marte,9AM,SELL,4079.69,4094.04,4050.99,14.35,-1.0,SL,135,0.34,-1.84,4045.65,4084.39,4093.74,9.35,88,-2.86,0.18,0.23,L3,"9AM SELL: levizje e vogel ne favor (+0.3R deri +1R), pastaj SL; SL pas 135 min"
1176,2026-08-04 21:00,2026-08-04 14:00,e marte,1PM,SELL,4085.98,4106.17,4045.6,20.19,-0.78,time,480,1.0,-0.83,4061.32,4093.74,4105.87,12.13,76,-2.86,0.25,0.23,L5,1PM SELL: mbyllje me kohe ne humbje (8 ore ose e premte); -0.78R pas 8.0 oresh
1177,2026-08-05 22:30,2026-08-05 15:30,e merkure,1PM,SELL,4253.02,4267.82,4223.42,14.8,-1.0,SL,240,0.66,-1.96,4183.83,4265.08,4267.52,2.44,85,-2.12,0.19,0.23,L3,"1PM SELL: levizje e vogel ne favor (+0.3R deri +1R), pastaj SL; SL pas 240 min"
1178,2026-08-10 05:30,2026-08-09 22:30,e diel,9PM,BUY,4331.03,4313.12,4366.85,17.91,0.7,time,480,1.72,-0.74,4330.77,4352.54,4313.42,17.35,1,4.56,0.19,0.23,W2,"9PM BUY: mbyllje me kohe ne fitim; +0.70R pas 8.0 oresh | qiri 9PM (Asia), sweep i thelle (>50% e range-it)"
1179,2026-08-10 14:45,2026-08-10 07:45,e hene,5AM,BUY,4337.58,4328.56,4355.62,9.02,-1.0,SL,30,0.02,-1.49,4331.61,4361.9,4328.86,2.75,20,4.56,0.1,0.23,L1,"5AM BUY: kthim i menjehershem: cmimi shkoi kunder menjehere (sweep-i vazhdoi), SL brenda 1 ore; SL pas 30 min | SL i vogel (<10% e ATR ditore)"
1180,2026-08-11 21:45,2026-08-11 14:45,e marte,1PM,BUY,4371.3,4359.94,4394.02,11.36,2.0,TP,420,2.3,-0.88,4369.12,4404.08,4360.24,8.88,6,5.74,0.12,0.23,W1,1PM BUY: fitim: preku TP
1181,2026-08-12 21:30,2026-08-12 14:30,e merkure,1PM,BUY,4408.68,4395.97,4434.1,12.71,2.0,TP,345,2.27,-0.82,4396.69,4440.93,4396.27,0.42,27,5.31,0.14,0.23,W1,1PM BUY: fitim: preku TP
1182,2026-08-13 17:45,2026-08-13 10:45,e enjte,9AM,BUY,4381.35,4357.4,4429.25,23.95,-1.0,SL,75,0.23,-1.14,4372.44,4401.84,4357.7,14.74,30,6.28,0.26,0.23,L2,"9AM BUY: pa drejtim: trade-i nuk shkoi kurre ne favor, SL pas me shume se 1 ore; SL pas 75 min | sweep i thelle (>50% e range-it)"
1183,2026-08-14 09:00,2026-08-14 02:00,e premte,1AM,BUY,4333.78,4310.64,4380.06,23.14,2.0,TP,375,2.02,-0.25,4311.04,4364.01,4310.94,0.1,43,4.94,0.25,0.23,W1,"1AM BUY: fitim: preku TP | e premte, hyrje afer mesit te range-it"
1184,2026-08-18 09:00,2026-08-18 02:00,e marte,1AM,BUY,4394.56,4385.81,4412.06,8.75,-1.0,SL,450,1.35,-1.93,4389.12,4436.08,4386.11,3.01,12,6.48,0.09,0.23,L4,"1AM BUY: fitim i humbur: arriti te pakten +1R, pastaj u kthye ne SL (maksimumi +1.3R); SL pas 450 min | SL i vogel (<10% e ATR ditore)"
1185,2026-08-19 03:00,2026-08-18 20:00,e marte,5PM,BUY,4333.53,4326.86,4346.87,6.67,2.0,TP,30,2.05,-0.28,4329.08,4368.22,4327.16,1.92,11,4.45,0.07,0.23,W1,"5PM BUY: fitim: preku TP | qiri 5PM (pas mbylljes ditore), SL i vogel (<10% e ATR ditore)"
1186,2026-08-20 09:15,2026-08-20 02:15,e enjte,1AM,BUY,4492.97,4477.63,4523.65,15.34,-1.0,SL,315,0.37,-1.21,4484.42,4527.37,4477.93,6.49,20,8.76,0.15,0.2,L3,"1AM BUY: levizje e vogel ne favor (+0.3R deri +1R), pastaj SL; SL pas 315 min"
1187,2026-08-24 22:45,2026-08-24 15:45,e hene,1PM,BUY,4650.24,4624.96,4700.8,25.28,-1.0,SL,420,1.84,-1.29,4640.01,4680.76,4625.26,14.75,25,10.33,0.24,0.2,L4,"1PM BUY: fitim i humbur: arriti te pakten +1R, pastaj u kthye ne SL (maksimumi +1.8R); SL pas 420 min"
1188,2026-08-26 13:45,2026-08-26 06:45,e merkure,5AM,BUY,4622.5,4613.16,4641.18,9.34,-1.0,SL,105,1.18,-1.08,4622.19,4649.43,4613.46,8.73,1,11.29,0.09,0.2,L4,"5AM BUY: fitim i humbur: arriti te pakten +1R, pastaj u kthye ne SL (maksimumi +1.2R); SL pas 105 min | SL i vogel (<10% e ATR ditore)"
1189,2026-08-26 16:45,2026-08-26 09:45,e merkure,9AM,BUY,4619.68,4597.67,4663.7,22.01,-1.0,SL,75,0.62,-1.44,4611.12,4633.52,4597.97,13.15,38,11.29,0.22,0.2,L3,"9AM BUY: levizje e vogel ne favor (+0.3R deri +1R), pastaj SL; SL pas 75 min | ora e lajmeve 8-10 NY, sweep i thelle (>50% e range-it)"
1190,2026-08-27 14:30,2026-08-27 07:30,e enjte,5AM,BUY,4594.77,4568.7,4646.91,26.07,-1.0,SL,135,0.24,-1.13,4593.52,4621.46,4569.0,24.52,4,9.57,0.26,0.2,L2,"5AM BUY: pa drejtim: trade-i nuk shkoi kurre ne favor, SL pas me shume se 1 ore; SL pas 135 min | sweep i thelle (>50% e range-it)"
1191,2026-08-28 03:15,2026-08-27 20:15,e enjte,5PM,BUY,4600.83,4592.91,4616.67,7.92,-1.0,SL,0,0.0,-1.29,4599.95,4617.91,4593.21,6.74,5,9.54,0.08,0.23,L1,"5PM BUY: kthim i menjehershem: cmimi shkoi kunder menjehere (sweep-i vazhdoi), SL brenda 1 ore; SL pas 0 min | qiri 5PM (pas mbylljes ditore), SL i vogel (<10% e ATR ditore)"
1192,2026-08-28 06:00,2026-08-27 23:00,e enjte,9PM,BUY,4586.55,4574.77,4610.11,11.78,-1.0,SL,150,0.29,-1.25,4585.69,4611.37,4575.07,10.62,3,9.54,0.12,0.23,L2,"9PM BUY: pa drejtim: trade-i nuk shkoi kurre ne favor, SL pas me shume se 1 ore; SL pas 150 min | qiri 9PM (Asia)"
1193,2026-08-28 09:15,2026-08-28 02:15,e premte,1AM,BUY,4582.03,4571.41,4603.27,10.62,2.0,TP,30,2.93,-0.13,4575.07,4611.37,4571.71,3.36,19,9.54,0.11,0.22,W1,1AM BUY: fitim: preku TP | e premte
1194,2026-08-31 19:30,2026-08-31 12:30,e hene,9AM,BUY,4438.71,4415.37,4485.39,23.34,0.92,time,480,0.97,-0.54,4435.47,4464.0,4415.67,19.8,11,5.9,0.22,0.2,W2,9AM BUY: mbyllje me kohe ne fitim; +0.92R pas 8.0 oresh | sweep i thelle (>50% e range-it)
1195,2026-09-01 06:00,2026-08-31 23:00,e hene,9PM,BUY,4443.36,4427.54,4475.0,15.82,-1.0,SL,90,0.04,-1.05,4441.77,4461.41,4427.84,13.93,8,5.62,0.15,0.23,L2,"9PM BUY: pa drejtim: trade-i nuk shkoi kurre ne favor, SL pas me shume se 1 ore; SL pas 90 min | qiri 9PM (Asia), sweep i thelle (>50% e range-it)"
1196,2026-09-01 08:45,2026-09-01 01:45,e marte,1AM,BUY,4443.0,4423.58,4481.84,19.42,-1.0,SL,105,0.15,-1.59,4425.52,4461.41,4423.88,1.64,49,5.62,0.19,0.23,L2,"1AM BUY: pa drejtim: trade-i nuk shkoi kurre ne favor, SL pas me shume se 1 ore; SL pas 105 min | hyrje afer mesit te range-it"
1197,2026-09-01 13:15,2026-09-01 06:15,e marte,5AM,BUY,4378.47,4363.95,4407.51,14.52,-1.0,SL,135,0.59,-1.82,4369.47,4445.97,4364.25,5.22,12,5.62,0.14,0.2,L3,"5AM BUY: levizje e vogel ne favor (+0.3R deri +1R), pastaj SL; SL pas 135 min"
1198,2026-09-01 16:45,2026-09-01 09:45,e marte,9AM,BUY,4361.97,4325.8,4434.31,36.17,-1.0,SL,345,0.38,-1.08,4352.01,4387.08,4326.1,25.91,28,5.62,0.35,0.2,L3,"9AM BUY: levizje e vogel ne favor (+0.3R deri +1R), pastaj SL; SL pas 345 min | ora e lajmeve 8-10 NY, SL i madh (>30% e ATR ditore), sweep i thelle (>50% e range-it)"
1199,2026-09-02 13:30,2026-09-02 06:30,e merkure,5AM,BUY,4310.07,4301.52,4327.17,8.55,2.0,TP,60,2.66,-0.57,4303.6,4331.62,4301.82,1.78,23,2.68,0.08,0.2,W1,5AM BUY: fitim: preku TP | SL i vogel (<10% e ATR ditore)
1200,2026-09-04 07:30,2026-09-04 00:30,e premte,9PM,BUY,4471.83,4465.22,4485.05,6.61,-1.0,SL,120,0.87,-1.32,4470.79,4486.99,4465.52,5.27,6,5.68,0.06,0.23,L3,"9PM BUY: levizje e vogel ne favor (+0.3R deri +1R), pastaj SL; SL pas 120 min | qiri 9PM (Asia), e premte, SL i vogel (<10% e ATR ditore)"
1201,2026-09-04 10:15,2026-09-04 03:15,e premte,1AM,BUY,4468.01,4459.91,4484.21,8.1,2.0,TP,15,2.25,-0.16,4465.52,4487.05,4460.21,5.31,12,5.68,0.07,0.2,W1,"1AM BUY: fitim: preku TP | e premte, SL i vogel (<10% e ATR ditore)"
1202,2026-09-04 16:30,2026-09-04 09:30,e premte,9AM,BUY,4412.87,4365.42,4507.77,47.45,0.46,time,390,0.76,-0.15,4379.68,4479.13,4365.72,13.96,33,5.68,0.42,0.24,W2,"9AM BUY: mbyllje me kohe ne fitim; +0.46R pas 6.5 oresh | ora e lajmeve 8-10 NY, e premte, SL i madh (>30% e ATR ditore)"
1203,2026-09-07 05:45,2026-09-06 22:45,e diel,9PM,BUY,4415.23,4389.12,4467.45,26.11,-1.0,SL,195,0.14,-1.15,4410.18,4435.16,4389.42,20.76,20,4.5,0.22,0.23,L2,"9PM BUY: pa drejtim: trade-i nuk shkoi kurre ne favor, SL pas me shume se 1 ore; SL pas 195 min | qiri 9PM (Asia), sweep i thelle (>50% e range-it)"
1204,2026-09-07 09:45,2026-09-07 02:45,e hene,1AM,BUY,4396.41,4384.95,4419.33,11.46,2.0,TP,90,2.36,-0.45,4389.42,4435.16,4385.25,4.17,15,4.5,0.1,0.2,W1,1AM BUY: fitim: preku TP | SL i vogel (<10% e ATR ditore)
1205,2026-09-07 15:15,2026-09-07 08:15,e hene,5AM,BUY,4390.97,4380.76,4411.39,10.21,2.0,TP,135,2.07,-0.06,4385.25,4423.72,4381.06,4.19,15,4.5,0.09,0.2,W1,"5AM BUY: fitim: preku TP | ora e lajmeve 8-10 NY, SL i vogel (<10% e ATR ditore)"
1206,2026-09-08 16:00,2026-09-08 09:00,e marte,5AM,BUY,4411.89,4385.07,4465.53,26.82,-1.0,SL,180,0.03,-1.16,4387.8,4437.69,4385.37,2.43,48,3.75,0.24,0.2,L2,"5AM BUY: pa drejtim: trade-i nuk shkoi kurre ne favor, SL pas me shume se 1 ore; SL pas 180 min | ora e lajmeve 8-10 NY, hyrje afer mesit te range-it"
1207,2026-09-09 03:45,2026-09-08 20:45,e marte,5PM,BUY,4355.1,4341.01,4383.28,14.09,2.0,TP,120,2.08,-0.16,4345.81,4403.61,4341.31,4.5,16,2.38,0.13,0.23,W1,5PM BUY: fitim: preku TP | qiri 5PM (pas mbylljes ditore)
1208,2026-09-10 03:45,2026-09-09 20:45,e merkure,5PM,BUY,4401.17,4389.52,4424.47,11.65,2.0,TP,285,2.44,-0.28,4393.48,4421.4,4389.82,3.66,28,3.29,0.11,0.23,W1,5PM BUY: fitim: preku TP | qiri 5PM (pas mbylljes ditore)
1209,2026-09-10 13:00,2026-09-10 06:00,e enjte,5AM,BUY,4394.21,4388.12,4406.39,6.09,-1.0,SL,30,0.97,-2.69,4392.44,4434.67,4388.42,4.02,4,3.29,0.06,0.19,L3,"5AM BUY: levizje e vogel ne favor (+0.3R deri +1R), pastaj SL; SL pas 30 min | SL i vogel (<10% e ATR ditore)"
1210,2026-09-11 03:15,2026-09-10 20:15,e enjte,5PM,BUY,4319.41,4310.88,4336.47,8.53,2.0,TP,45,2.46,-0.29,4313.68,4367.55,4311.18,2.5,11,1.22,0.08,0.23,W1,"5PM BUY: fitim: preku TP | qiri 5PM (pas mbylljes ditore), SL i vogel (<10% e ATR ditore)"
1211,2026-09-11 07:15,2026-09-11 00:15,e premte,9PM,BUY,4321.77,4300.62,4364.07,21.15,0.29,time,480,1.85,-0.11,4311.18,4333.76,4300.92,10.26,47,1.22,0.2,0.23,W2,"9PM BUY: mbyllje me kohe ne fitim; +0.29R pas 8.0 oresh | qiri 9PM (Asia), e premte, hyrje afer mesit te range-it"
1212,2026-09-11 15:30,2026-09-11 08:30,e premte,5AM,BUY,4341.53,4324.58,4375.43,16.95,-1.0,SL,0,1.25,-2.88,4328.29,4360.86,4324.88,3.41,41,1.22,0.16,0.19,L4,"5AM BUY: fitim i humbur: arriti te pakten +1R, pastaj u kthye ne SL (maksimumi +1.2R); SL pas 0 min | ora e lajmeve 8-10 NY, e premte, hyrje afer mesit te range-it"
1213,2026-09-14 16:30,2026-09-14 09:30,e hene,9AM,BUY,4274.34,4253.32,4316.38,21.02,2.0,TP,195,2.06,-0.49,4265.89,4311.59,4253.62,12.27,18,1.86,0.2,0.19,W1,9AM BUY: fitim: preku TP | ora e lajmeve 8-10 NY
1214,2026-09-17 05:15,2026-09-16 22:15,e merkure,9PM,SELL,4287.32,4318.35,4225.26,31.03,-1.0,SL,285,0.42,-1.17,4257.5,4292.24,4318.05,25.81,86,-0.37,0.28,0.23,L3,"9PM SELL: levizje e vogel ne favor (+0.3R deri +1R), pastaj SL; SL pas 285 min | qiri 9PM (Asia), trend i dobet (<0.5% nga mesatarja), sweep i thelle (>50% e range-it)"
1215,2026-09-17 11:30,2026-09-17 04:30,e enjte,1AM,SELL,4316.1,4335.59,4277.12,19.49,-1.0,SL,150,0.56,-1.23,4257.5,4318.05,4335.29,17.24,97,-0.37,0.18,0.19,L3,"1AM SELL: levizje e vogel ne favor (+0.3R deri +1R), pastaj SL; SL pas 150 min | trend i dobet (<0.5% nga mesatarja)"
1216,2026-09-18 18:30,2026-09-18 11:30,e premte,9AM,BUY,4356.46,4342.45,4384.48,14.01,2.0,TP,90,2.19,-0.55,4353.74,4398.11,4342.75,10.99,6,1.35,0.13,0.19,W1,9AM BUY: fitim: preku TP | e premte
1217,2026-09-21 07:30,2026-09-21 00:30,e hene,9PM,BUY,4361.71,4355.48,4374.17,6.23,-1.0,SL,15,0.24,-1.07,4358.88,4382.16,4355.78,3.1,12,2.08,0.06,0.23,L1,"9PM BUY: kthim i menjehershem: cmimi shkoi kunder menjehere (sweep-i vazhdoi), SL brenda 1 ore; SL pas 15 min | qiri 9PM (Asia), SL i vogel (<10% e ATR ditore)"
1218,2026-09-21 08:30,2026-09-21 01:30,e hene,1AM,BUY,4357.15,4352.7,4366.05,4.45,-1.0,SL,0,1.07,-1.15,4355.03,4383.28,4353.0,2.03,8,2.08,0.04,0.23,L4,"1AM BUY: fitim i humbur: arriti te pakten +1R, pastaj u kthye ne SL (maksimumi +1.1R); SL pas 0 min | SL i vogel (<10% e ATR ditore)"
1219,2026-09-21 18:15,2026-09-21 11:15,e hene,9AM,BUY,4349.61,4322.42,4403.99,27.19,0.37,time,480,0.61,-0.45,4340.08,4374.77,4322.72,17.36,27,2.08,0.26,0.19,W2,9AM BUY: mbyllje me kohe ne fitim; +0.37R pas 8.0 oresh | sweep i thelle (>50% e range-it)
1220,2026-09-22 06:30,2026-09-21 23:30,e hene,9PM,BUY,4346.16,4339.14,4360.2,7.02,-1.0,SL,30,0.43,-1.59,4344.69,4375.98,4339.44,5.25,5,1.12,0.07,0.23,L3,"9PM BUY: levizje e vogel ne favor (+0.3R deri +1R), pastaj SL; SL pas 30 min | qiri 9PM (Asia), SL i vogel (<10% e ATR ditore)"
1221,2026-09-23 09:45,2026-09-23 02:45,e merkure,1AM,BUY,4334.26,4325.88,4351.02,8.38,-1.0,SL,15,0.31,-1.18,4333.21,4369.25,4326.18,7.03,3,1.3,0.09,0.19,L3,"1AM BUY: levizje e vogel ne favor (+0.3R deri +1R), pastaj SL; SL pas 15 min | SL i vogel (<10% e ATR ditore)"
1222,2026-09-23 13:15,2026-09-23 06:15,e merkure,5AM,BUY,4316.79,4308.0,4334.37,8.79,-1.0,SL,60,0.24,-1.47,4315.45,4345.63,4308.3,7.15,4,1.3,0.09,0.19,L1,"5AM BUY: kthim i menjehershem: cmimi shkoi kunder menjehere (sweep-i vazhdoi), SL brenda 1 ore; SL pas 60 min | SL i vogel (<10% e ATR ditore)"
1223,2026-09-23 20:45,2026-09-23 13:45,e merkure,1PM,BUY,4287.93,4274.53,4314.73,13.4,0.14,time,480,1.12,-0.51,4277.55,4313.37,4274.83,2.72,29,1.3,0.14,0.19,W2,1PM BUY: mbyllje me kohe ne fitim; +0.14R pas 8.0 oresh
1224,2026-09-24 16:30,2026-09-24 09:30,e enjte,9AM,SELL,4276.34,4285.22,4258.58,8.88,2.0,TP,60,2.48,-0.18,4244.27,4283.21,4284.92,1.71,82,-0.45,0.09,0.2,W1,"9AM SELL: fitim: preku TP | ora e lajmeve 8-10 NY, trend i dobet (<0.5% nga mesatarja), SL i vogel (<10% e ATR ditore)"
1225,2026-09-25 06:30,2026-09-24 23:30,e enjte,9PM,SELL,4278.1,4296.03,4242.24,17.93,-1.0,SL,315,1.2,-1.08,4264.3,4280.85,4295.73,14.88,83,-0.86,0.2,0.23,L4,"9PM SELL: fitim i humbur: arriti te pakten +1R, pastaj u kthye ne SL (maksimumi +1.2R); SL pas 315 min | qiri 9PM (Asia), sweep i thelle (>50% e range-it)"
1226,2026-09-25 12:30,2026-09-25 05:30,e premte,5AM,SELL,4290.78,4298.22,4275.9,7.44,-1.0,SL,30,0.05,-2.35,4256.4,4297.35,4297.92,0.57,84,-0.86,0.08,0.19,L1,"5AM SELL: kthim i menjehershem: cmimi shkoi kunder menjehere (sweep-i vazhdoi), SL brenda 1 ore; SL pas 30 min | e premte, SL i vogel (<10% e ATR ditore)"
