open_time;close_time;session;module;dir;lots;entry;sl;tp;exit;exit_reason;profit_usd;risk_price;result_R
2020.03.05 05:43;2020.03.05 08:00;ASIA;reversal;LONG;1.00;1640.76;1637.91;1646.46;1637.91;SL;-285.00;2.85;-1.000
2020.03.06 06:26;2020.03.06 08:33;ASIA;reversal;LONG;1.00;1674.95;1670.74;1683.34;1670.74;SL;-421.00;4.21;-1.000
2020.03.06 17:21;2020.03.06 17:23;NY;reversal;SHORT;0.60;1677.52;1685.75;1661.06;1661.00;TP;991.20;8.23;2.007
2020.03.09 06:14;2020.03.09 07:23;ASIA;reversal;SHORT;0.45;1690.18;1701.22;1668.16;1668.13;TP;992.25;11.04;1.997
2020.03.10 04:45;2020.03.10 07:25;ASIA;reversal;LONG;0.80;1671.47;1665.17;1683.71;1665.17;SL;-504.00;6.30;-1.000
2020.03.12 04:40;2020.03.12 05:00;ASIA;reversal;SHORT;1.00;1641.28;1645.42;1633.03;1633.02;TP;826.00;4.14;1.995
2020.03.13 04:00;2020.03.13 04:23;ASIA;reversal;SHORT;1.00;1576.54;1580.10;1569.48;1569.48;TP;706.00;3.56;1.983
2020.03.17 04:05;2020.03.17 09:30;ASIA;reversal;SHORT;0.45;1504.15;1515.46;1481.62;1487.27;CLOSE;759.60;11.31;1.492
2020.03.18 03:44;2020.03.18 03:58;ASIA;reversal;SHORT;0.96;1532.85;1538.20;1522.21;1538.24;SL;-517.44;5.35;-1.007
2020.03.18 17:59;2020.03.18 23:00;NY;reversal;SHORT;0.35;1499.30;1513.76;1470.77;1495.33;CLOSE;138.95;14.46;0.275
2020.03.20 19:08;2020.03.20 23:00;NY;reversal;SHORT;0.51;1485.70;1495.65;1465.80;1489.43;CLOSE;-190.23;9.95;-0.375
2020.03.23 04:00;2020.03.23 06:22;ASIA;reversal;SHORT;0.81;1491.38;1497.66;1478.82;1497.66;SL;-508.68;6.28;-1.000
2020.03.26 03:44;2020.03.26 03:53;ASIA;reversal;LONG;1.00;1611.64;1608.43;1618.00;1608.42;SL;-322.00;3.21;-1.003
2020.03.27 04:40;2020.03.27 04:51;ASIA;reversal;LONG;1.00;1627.38;1624.36;1633.30;1624.33;SL;-305.00;3.02;-1.010
2020.03.27 19:36;2020.03.27 23:00;NY;reversal;LONG;0.45;1629.02;1617.80;1651.46;1619.16;CLOSE;-443.70;11.22;-0.879
2020.03.31 05:33;2020.03.31 05:43;ASIA;reversal;LONG;1.00;1618.84;1615.32;1625.82;1615.30;SL;-354.00;3.52;-1.006
2020.03.31 17:17;2020.03.31 17:45;NY;reversal;LONG;1.00;1611.83;1606.81;1621.87;1606.68;SL;-515.00;5.02;-1.026
2020.04.03 04:11;2020.04.03 05:10;ASIA;reversal;LONG;1.00;1612.61;1609.65;1618.50;1609.56;SL;-305.00;2.96;-1.030
2020.04.03 18:45;2020.04.03 19:30;NY;reversal;SHORT;0.63;1612.26;1620.14;1596.50;1620.15;SL;-497.07;7.88;-1.001
2020.04.07 04:24;2020.04.07 05:06;ASIA;reversal;LONG;0.89;1665.04;1659.50;1676.00;1659.47;SL;-495.73;5.54;-1.005
2020.04.09 04:08;2020.04.09 04:11;ASIA;reversal;SHORT;1.00;1646.14;1647.97;1642.75;1648.00;SL;-186.00;1.83;-1.016
2020.04.09 18:59;2020.04.09 21:21;NY;reversal;LONG;0.52;1685.09;1675.64;1703.99;1675.61;SL;-492.96;9.45;-1.003
2020.04.14 18:11;2020.04.14 19:04;NY;reversal;SHORT;0.41;1726.07;1737.80;1702.61;1737.81;SL;-481.34;11.73;-1.001
2020.04.15 04:38;2020.04.15 09:30;ASIA;reversal;SHORT;0.82;1722.83;1728.72;1711.17;1721.07;CLOSE;144.32;5.89;0.299
2020.04.16 04:39;2020.04.16 04:48;ASIA;reversal;LONG;1.00;1719.36;1714.98;1728.06;1714.96;SL;-440.00;4.38;-1.005
2020.04.16 19:20;2020.04.16 23:00;NY;reversal;SHORT;0.41;1718.72;1730.34;1695.57;1719.38;CLOSE;-27.06;11.62;-0.057
2020.04.17 04:16;2020.04.17 04:18;ASIA;reversal;SHORT;1.00;1713.56;1715.49;1709.73;1715.51;SL;-195.00;1.93;-1.010
2020.04.20 18:01;2020.04.20 23:00;NY;reversal;LONG;0.64;1692.54;1684.98;1707.54;1695.64;CLOSE;198.40;7.56;0.410
2020.04.21 03:38;2020.04.21 04:00;ASIA;reversal;LONG;1.00;1691.21;1688.57;1696.43;1688.57;SL;-264.00;2.64;-1.000
2020.04.22 05:43;2020.04.22 09:30;ASIA;reversal;SHORT;0.95;1684.44;1689.54;1674.24;1682.24;CLOSE;209.00;5.10;0.431
2020.04.23 04:58;2020.04.23 07:19;ASIA;reversal;SHORT;1.00;1709.03;1713.46;1700.29;1713.48;SL;-445.00;4.43;-1.005
2020.04.30 18:52;2020.04.30 19:17;NY;reversal;SHORT;0.60;1698.78;1706.77;1682.83;1682.83;TP;957.00;7.99;1.996
2020.05.04 04:49;2020.05.04 05:40;ASIA;reversal;LONG;1.00;1699.84;1696.10;1707.20;1696.10;SL;-374.00;3.74;-1.000
2020.05.06 04:00;2020.05.06 05:08;ASIA;reversal;LONG;1.00;1704.34;1702.13;1708.70;1702.13;SL;-221.00;2.21;-1.000
2020.05.08 17:56;2020.05.08 23:00;NY;reversal;SHORT;0.55;1711.47;1720.30;1693.81;1707.33;CLOSE;227.70;8.83;0.469
2020.05.11 04:22;2020.05.11 07:30;ASIA;reversal;LONG;1.00;1707.56;1705.13;1712.30;1705.11;SL;-245.00;2.43;-1.008
2020.05.12 19:43;2020.05.12 23:00;NY;reversal;SHORT;0.61;1701.94;1709.79;1686.24;1702.04;CLOSE;-6.10;7.85;-0.013
2020.05.13 04:41;2020.05.13 09:01;ASIA;reversal;SHORT;1.00;1701.94;1705.85;1694.12;1705.87;SL;-393.00;3.91;-1.005
2020.05.15 04:08;2020.05.15 09:30;ASIA;reversal;LONG;1.00;1732.67;1729.26;1739.40;1736.14;CLOSE;347.00;3.41;1.018
2020.05.15 18:03;2020.05.15 23:00;NY;reversal;LONG;0.73;1743.72;1737.12;1756.92;1743.85;CLOSE;9.49;6.60;0.020
2020.05.18 05:02;2020.05.18 09:30;ASIA;reversal;LONG;1.00;1759.93;1757.00;1765.76;1763.62;CLOSE;369.00;2.93;1.259
2020.05.19 17:20;2020.05.19 18:07;NY;reversal;LONG;1.00;1741.26;1737.70;1748.38;1737.70;SL;-356.00;3.56;-1.000
2020.05.20 03:47;2020.05.20 04:05;ASIA;reversal;LONG;1.00;1745.94;1744.27;1749.25;1749.25;TP;331.00;1.67;1.982
2020.05.22 05:09;2020.05.22 05:43;ASIA;reversal;SHORT;1.00;1725.88;1728.21;1721.22;1728.22;SL;-234.00;2.33;-1.004
2020.05.28 04:07;2020.05.28 08:43;ASIA;reversal;LONG;1.00;1713.00;1710.09;1718.76;1718.78;TP;578.00;2.91;1.986
2020.06.01 05:29;2020.06.01 09:30;ASIA;reversal;LONG;1.00;1739.70;1735.47;1748.13;1742.46;CLOSE;276.00;4.23;0.652
2020.06.01 17:12;2020.06.01 23:00;NY;reversal;LONG;1.00;1735.89;1732.18;1743.04;1739.82;CLOSE;393.00;3.71;1.059
2020.06.02 17:31;2020.06.02 18:28;NY;reversal;SHORT;1.00;1741.47;1744.77;1734.87;1734.87;TP;660.00;3.30;2.000
2020.06.04 04:25;2020.06.04 05:30;ASIA;reversal;LONG;1.00;1701.20;1699.29;1704.96;1704.96;TP;376.00;1.91;1.969
2020.06.04 19:18;2020.06.04 23:00;NY;reversal;LONG;0.35;1716.43;1702.38;1744.17;1716.00;CLOSE;-15.05;14.05;-0.031
2020.06.05 05:02;2020.06.05 09:30;ASIA;reversal;SHORT;1.00;1711.98;1715.10;1705.77;1709.89;CLOSE;209.00;3.12;0.670
2020.06.08 04:01;2020.06.08 08:05;ASIA;reversal;LONG;1.00;1684.21;1681.24;1690.09;1690.09;TP;588.00;2.97;1.980
2020.06.10 17:39;2020.06.10 21:01;NY;reversal;SHORT;1.00;1720.59;1725.28;1711.27;1711.26;TP;933.00;4.69;1.989
2020.06.11 18:44;2020.06.11 22:18;NY;reversal;SHORT;1.00;1734.28;1739.21;1724.45;1724.45;TP;983.00;4.93;1.994
2020.06.15 04:45;2020.06.15 05:22;ASIA;reversal;LONG;1.00;1733.90;1731.58;1738.54;1731.58;SL;-232.00;2.32;-1.000
2020.06.16 17:55;2020.06.16 23:00;NY;reversal;LONG;0.78;1726.81;1720.32;1739.79;1726.35;CLOSE;-35.88;6.49;-0.071
2020.06.22 04:05;2020.06.22 04:33;ASIA;reversal;LONG;1.00;1751.15;1748.58;1756.29;1756.29;TP;514.00;2.57;2.000
2020.06.22 17:52;2020.06.22 23:00;NY;reversal;SHORT;0.69;1754.46;1761.84;1739.73;1755.34;CLOSE;-60.72;7.38;-0.119
2020.06.23 04:04;2020.06.23 04:39;ASIA;reversal;LONG;1.00;1755.63;1752.93;1761.03;1752.93;SL;-270.00;2.70;-1.000
2020.06.24 19:10;2020.06.24 23:00;NY;reversal;SHORT;0.48;1762.07;1772.49;1741.26;1765.11;CLOSE;-145.92;10.42;-0.292
2020.06.25 05:09;2020.06.25 09:30;ASIA;reversal;SHORT;1.00;1761.50;1765.01;1754.57;1764.02;CLOSE;-252.00;3.51;-0.718
2020.06.25 19:20;2020.06.25 23:00;NY;reversal;LONG;1.00;1764.69;1760.20;1773.55;1763.58;CLOSE;-111.00;4.49;-0.247
2020.06.26 17:58;2020.06.26 20:02;NY;reversal;LONG;0.75;1756.08;1749.39;1769.46;1769.64;TP;1017.00;6.69;2.027
2020.06.29 04:15;2020.06.29 05:47;ASIA;reversal;SHORT;1.00;1770.34;1772.52;1765.98;1772.52;SL;-218.00;2.18;-1.000
2020.06.29 17:44;2020.06.29 18:51;NY;reversal;LONG;1.00;1772.92;1769.50;1779.67;1769.48;SL;-344.00;3.42;-1.006
2020.07.02 04:17;2020.07.02 04:25;ASIA;reversal;SHORT;1.00;1766.31;1768.45;1762.06;1768.47;SL;-216.00;2.14;-1.009
2020.07.03 04:03;2020.07.03 07:20;ASIA;reversal;LONG;1.00;1776.66;1773.36;1783.20;1773.36;SL;-330.00;3.30;-1.000
2020.07.07 04:50;2020.07.07 09:30;ASIA;reversal;SHORT;1.00;1783.45;1786.19;1778.03;1784.07;CLOSE;-62.00;2.74;-0.226
2020.07.08 18:24;2020.07.08 23:00;NY;reversal;SHORT;0.79;1808.76;1815.14;1796.33;1809.49;CLOSE;-57.67;6.38;-0.114
2020.07.09 04:49;2020.07.09 09:30;ASIA;reversal;LONG;1.00;1809.69;1807.49;1814.03;1810.47;CLOSE;78.00;2.20;0.355
2020.07.09 17:44;2020.07.09 18:04;NY;reversal;SHORT;1.00;1809.34;1813.93;1800.16;1800.15;TP;919.00;4.59;2.002
2020.07.10 04:46;2020.07.10 05:09;ASIA;reversal;LONG;1.00;1803.80;1801.84;1807.72;1801.82;SL;-198.00;1.96;-1.010
2020.07.16 18:08;2020.07.16 20:00;NY;reversal;SHORT;1.00;1805.55;1807.90;1800.85;1800.85;TP;470.00;2.35;2.000
2020.07.17 04:17;2020.07.17 05:31;ASIA;reversal;SHORT;1.00;1797.22;1798.99;1793.68;1799.01;SL;-179.00;1.77;-1.011
2020.07.21 04:04;2020.07.21 04:25;ASIA;reversal;LONG;1.00;1818.34;1816.39;1822.24;1816.38;SL;-196.00;1.95;-1.005
2020.07.27 19:46;2020.07.27 23:00;NY;reversal;SHORT;0.44;1932.20;1943.75;1909.10;1938.87;CLOSE;-293.48;11.55;-0.577
2020.07.28 06:03;2020.07.28 06:05;ASIA;reversal;SHORT;0.68;1959.59;1967.05;1944.67;1944.67;TP;1014.56;7.46;2.000
2020.07.30 04:28;2020.07.30 08:29;ASIA;reversal;SHORT;1.00;1964.69;1969.11;1955.91;1955.90;TP;879.00;4.42;1.989
2020.08.03 17:33;2020.08.03 23:00;NY;reversal;LONG;0.53;1971.33;1961.66;1990.67;1976.52;CLOSE;275.07;9.67;0.537
2020.08.05 19:16;2020.08.05 23:00;NY;reversal;SHORT;0.41;2035.54;2048.03;2010.56;2036.70;CLOSE;-47.56;12.49;-0.093
2020.08.06 17:42;2020.08.06 23:00;NY;reversal;SHORT;0.47;2056.91;2067.86;2035.01;2063.25;CLOSE;-297.98;10.95;-0.579
2020.08.07 04:13;2020.08.07 04:36;ASIA;reversal;LONG;0.91;2071.04;2065.38;2082.36;2065.37;SL;-515.97;5.66;-1.002
2020.08.10 18:21;2020.08.10 23:00;NY;reversal;SHORT;0.37;2033.98;2047.84;2006.35;2024.89;CLOSE;336.33;13.86;0.656
2020.08.12 04:41;2020.08.12 05:05;ASIA;reversal;SHORT;0.34;1908.91;1923.96;1878.81;1878.81;TP;1023.40;15.05;2.000
2020.08.12 17:54;2020.08.12 20:38;NY;reversal;LONG;0.42;1945.43;1933.04;1970.21;1933.03;SL;-520.80;12.39;-1.001
2020.08.14 04:07;2020.08.14 04:11;ASIA;reversal;SHORT;1.00;1954.11;1959.21;1943.91;1959.22;SL;-511.00;5.10;-1.002
2020.08.17 03:58;2020.08.17 09:06;ASIA;reversal;LONG;0.99;1936.81;1931.60;1947.23;1947.23;TP;1031.58;5.21;2.000
2020.08.21 17:57;2020.08.21 23:00;NY;reversal;LONG;0.39;1939.68;1926.30;1966.44;1938.19;CLOSE;-58.11;13.38;-0.111
2020.08.28 17:48;2020.08.28 23:00;NY;reversal;LONG;0.79;1960.75;1954.16;1973.93;1963.37;CLOSE;206.98;6.59;0.398
2020.08.31 17:38;2020.08.31 19:03;NY;reversal;SHORT;0.82;1965.85;1972.19;1953.17;1972.19;SL;-519.88;6.34;-1.000
2020.09.03 04:09;2020.09.03 04:41;ASIA;reversal;SHORT;1.00;1943.34;1945.05;1939.98;1945.06;SL;-172.00;1.71;-1.006
2020.09.07 03:56;2020.09.07 04:21;ASIA;reversal;SHORT;1.00;1934.04;1935.64;1930.84;1935.65;SL;-161.00;1.60;-1.006
2020.09.10 04:07;2020.09.10 04:44;ASIA;reversal;LONG;1.00;1947.71;1945.86;1951.41;1945.86;SL;-185.00;1.85;-1.000
2020.09.10 17:47;2020.09.10 22:25;NY;reversal;SHORT;0.73;1957.53;1964.63;1943.36;1943.35;TP;1035.14;7.10;1.997
2020.09.14 04:02;2020.09.14 05:00;ASIA;reversal;LONG;1.00;1943.25;1940.60;1948.52;1948.52;TP;527.00;2.65;1.989
2020.09.16 04:30;2020.09.16 07:31;ASIA;reversal;LONG;1.00;1954.62;1951.33;1961.20;1961.20;TP;658.00;3.29;2.000
2020.09.16 18:33;2020.09.16 20:26;NY;reversal;LONG;0.70;1969.99;1962.44;1985.03;1962.44;SL;-528.50;7.55;-1.000
2020.09.25 04:09;2020.09.25 05:52;ASIA;reversal;SHORT;1.00;1864.81;1869.20;1856.03;1869.22;SL;-441.00;4.39;-1.005
2020.09.25 17:44;2020.09.25 23:00;NY;reversal;LONG;0.69;1864.29;1856.74;1879.24;1862.70;CLOSE;-109.71;7.55;-0.211
2020.09.28 04:52;2020.09.28 08:38;ASIA;reversal;LONG;1.00;1862.68;1859.43;1869.18;1859.43;SL;-325.00;3.25;-1.000
2020.09.29 04:23;2020.09.29 07:32;ASIA;reversal;LONG;1.00;1885.99;1881.63;1894.71;1881.63;SL;-436.00;4.36;-1.000
2020.09.30 04:40;2020.09.30 04:46;ASIA;reversal;LONG;1.00;1897.01;1895.01;1901.01;1895.01;SL;-200.00;2.00;-1.000
2020.10.01 04:14;2020.10.01 05:59;ASIA;reversal;LONG;1.00;1888.17;1886.05;1892.38;1892.38;TP;421.00;2.12;1.986
2020.10.01 18:06;2020.10.01 23:00;NY;reversal;LONG;0.97;1906.73;1901.36;1917.47;1903.73;CLOSE;-291.00;5.37;-0.559
2020.10.06 04:18;2020.10.06 09:30;ASIA;reversal;SHORT;1.00;1911.35;1913.93;1906.19;1910.20;CLOSE;115.00;2.58;0.446
2020.10.07 04:56;2020.10.07 09:08;ASIA;reversal;LONG;1.00;1880.81;1877.51;1887.41;1887.43;TP;662.00;3.30;2.006
2020.10.08 04:30;2020.10.08 04:42;ASIA;reversal;SHORT;1.00;1884.21;1886.93;1878.77;1886.93;SL;-272.00;2.72;-1.000
2020.10.12 04:31;2020.10.12 05:03;ASIA;reversal;LONG;1.00;1929.51;1924.69;1937.83;1924.69;SL;-482.00;4.82;-1.000
2020.10.12 17:39;2020.10.12 17:47;NY;reversal;SHORT;0.95;1919.18;1924.65;1909.38;1924.75;SL;-529.15;5.47;-1.018
2020.10.14 04:08;2020.10.14 04:21;ASIA;reversal;SHORT;1.00;1889.97;1893.31;1883.41;1883.31;TP;666.00;3.34;1.994
2020.10.19 04:00;2020.10.19 04:04;ASIA;reversal;LONG;1.00;1902.14;1899.98;1906.37;1899.98;SL;-216.00;2.16;-1.000
2020.10.20 04:01;2020.10.20 04:16;ASIA;reversal;SHORT;1.00;1901.58;1903.54;1897.66;1903.54;SL;-196.00;1.96;-1.000
2020.10.20 17:36;2020.10.20 23:00;NY;reversal;LONG;0.96;1904.56;1899.18;1915.05;1909.62;CLOSE;485.76;5.38;0.941
2020.10.21 18:15;2020.10.21 18:40;NY;reversal;SHORT;1.00;1922.24;1926.42;1913.88;1926.43;SL;-419.00;4.18;-1.002
2020.10.23 03:54;2020.10.23 03:56;ASIA;reversal;LONG;1.00;1904.93;1902.97;1908.82;1902.96;SL;-197.00;1.96;-1.005
2020.10.26 04:36;2020.10.26 05:33;ASIA;reversal;SHORT;1.00;1897.54;1900.66;1891.51;1900.75;SL;-321.00;3.12;-1.029
2020.10.26 18:00;2020.10.26 23:00;NY;reversal;SHORT;1.00;1901.96;1906.66;1892.56;1902.57;CLOSE;-61.00;4.70;-0.130
2020.10.28 18:54;2020.10.28 23:00;NY;reversal;LONG;0.56;1882.03;1872.97;1900.00;1876.94;CLOSE;-285.04;9.06;-0.562
2020.10.29 06:12;2020.10.29 09:10;ASIA;reversal;LONG;1.00;1880.05;1878.31;1883.50;1883.50;TP;345.00;1.74;1.983
2020.10.30 04:05;2020.10.30 04:50;ASIA;reversal;LONG;1.00;1868.37;1865.90;1873.25;1873.25;TP;488.00;2.47;1.976
2020.11.02 17:54;2020.11.02 23:00;NY;reversal;LONG;1.00;1892.06;1888.14;1899.90;1895.36;CLOSE;330.00;3.92;0.842
2020.11.03 05:08;2020.11.03 09:30;ASIA;reversal;SHORT;1.00;1891.64;1894.42;1886.08;1889.11;CLOSE;253.00;2.78;0.910
2020.11.04 19:13;2020.11.04 23:00;NY;reversal;SHORT;0.43;1896.06;1908.15;1871.94;1904.82;CLOSE;-376.68;12.09;-0.725
2020.11.06 03:57;2020.11.06 05:32;ASIA;reversal;LONG;1.00;1943.56;1938.68;1953.32;1938.67;SL;-489.00;4.88;-1.002
2020.11.13 18:05;2020.11.13 18:34;NY;reversal;LONG;1.00;1893.79;1890.64;1900.06;1890.64;SL;-315.00;3.15;-1.000
2020.11.18 19:54;2020.11.18 23:00;NY;reversal;SHORT;1.00;1875.58;1880.10;1866.54;1870.34;CLOSE;524.00;4.52;1.159
2020.11.20 17:48;2020.11.20 23:00;NY;reversal;SHORT;1.00;1874.53;1878.67;1866.28;1872.98;CLOSE;155.00;4.14;0.374
2020.12.01 19:09;2020.12.01 23:00;NY;reversal;LONG;0.97;1812.60;1807.28;1823.24;1814.37;CLOSE;171.69;5.32;0.333
2020.12.02 04:51;2020.12.02 08:26;ASIA;reversal;SHORT;1.00;1811.40;1814.02;1806.16;1814.02;SL;-262.00;2.62;-1.000
2020.12.03 05:08;2020.12.03 09:30;ASIA;reversal;LONG;1.00;1830.87;1827.24;1838.10;1837.37;CLOSE;650.00;3.63;1.791
2020.12.04 04:26;2020.12.04 08:00;ASIA;reversal;LONG;1.00;1841.34;1838.17;1847.68;1838.15;SL;-319.00;3.17;-1.006
2020.12.08 04:07;2020.12.08 09:30;ASIA;reversal;LONG;1.00;1866.39;1862.09;1874.96;1867.37;CLOSE;98.00;4.30;0.228
2020.12.09 04:36;2020.12.09 06:03;ASIA;reversal;SHORT;1.00;1865.26;1868.13;1859.52;1859.52;TP;574.00;2.87;2.000
2020.12.11 05:13;2020.12.11 09:30;ASIA;reversal;SHORT;1.00;1835.95;1839.39;1829.19;1833.79;CLOSE;216.00;3.44;0.628
2020.12.16 03:53;2020.12.16 04:02;ASIA;reversal;SHORT;1.00;1851.23;1852.82;1848.08;1852.83;SL;-160.00;1.59;-1.006
2020.12.17 04:16;2020.12.17 06:23;ASIA;reversal;SHORT;1.00;1862.90;1866.14;1856.45;1866.15;SL;-325.00;3.24;-1.003
2020.12.23 04:13;2020.12.23 06:22;ASIA;reversal;SHORT;1.00;1863.36;1867.30;1855.48;1867.31;SL;-395.00;3.94;-1.003
2020.12.28 17:37;2020.12.28 19:33;NY;reversal;SHORT;0.82;1888.80;1895.15;1876.10;1876.09;TP;1042.22;6.35;2.002
2020.12.29 18:07;2020.12.29 20:53;NY;reversal;LONG;1.00;1880.61;1876.96;1887.88;1876.96;SL;-365.00;3.65;-1.000
2021.01.04 17:09;2021.01.04 17:56;NY;reversal;SHORT;0.72;1936.45;1943.64;1922.10;1943.64;SL;-517.68;7.19;-1.000
2021.01.05 04:30;2021.01.05 09:30;ASIA;reversal;LONG;1.00;1939.65;1935.78;1947.39;1943.45;CLOSE;380.00;3.87;0.982
2021.01.05 18:45;2021.01.05 23:00;NY;reversal;LONG;0.61;1949.85;1941.29;1966.94;1949.31;CLOSE;-32.94;8.56;-0.063
2021.01.07 04:23;2021.01.07 08:04;ASIA;reversal;SHORT;0.89;1915.52;1921.35;1903.89;1921.36;SL;-519.76;5.83;-1.002
2021.01.14 19:52;2021.01.14 21:52;NY;reversal;LONG;0.62;1852.19;1843.91;1868.09;1843.88;SL;-515.22;8.28;-1.004
2021.01.19 18:14;2021.01.19 23:00;NY;reversal;LONG;0.62;1842.39;1834.07;1859.03;1840.10;CLOSE;-141.98;8.32;-0.275
2021.01.22 03:54;2021.01.22 09:30;ASIA;reversal;SHORT;1.00;1863.15;1866.58;1856.32;1861.56;CLOSE;159.00;3.43;0.464
2021.01.28 17:21;2021.01.28 18:44;NY;reversal;LONG;0.50;1863.57;1853.23;1883.32;1853.22;SL;-517.50;10.34;-1.001
2021.02.02 05:09;2021.02.02 09:30;ASIA;reversal;SHORT;0.78;1855.69;1862.27;1842.53;1847.51;CLOSE;638.04;6.58;1.243
2021.02.15 18:39;2021.02.15 19:30;NY;reversal;LONG;1.00;1820.59;1818.15;1825.47;1818.14;SL;-245.00;2.44;-1.004
2021.02.18 04:34;2021.02.18 09:30;ASIA;reversal;LONG;1.00;1782.91;1778.64;1791.45;1781.51;CLOSE;-140.00;4.27;-0.328
2021.02.24 06:12;2021.02.24 09:30;ASIA;reversal;SHORT;1.00;1807.15;1811.20;1799.05;1807.68;CLOSE;-53.00;4.05;-0.131
2021.02.25 03:51;2021.02.25 09:10;ASIA;reversal;SHORT;1.00;1798.06;1801.91;1790.84;1790.83;TP;723.00;3.85;1.878
2021.03.02 18:17;2021.03.02 23:00;NY;reversal;LONG;0.69;1728.64;1721.18;1743.56;1732.95;CLOSE;297.39;7.46;0.578
2021.03.03 17:58;2021.03.03 23:00;NY;reversal;LONG;0.69;1717.23;1709.70;1731.93;1714.13;CLOSE;-213.90;7.53;-0.412
2021.03.04 04:33;2021.03.04 07:33;ASIA;reversal;SHORT;0.98;1710.87;1716.18;1700.25;1716.18;SL;-520.38;5.31;-1.000
2021.03.04 17:28;2021.03.04 19:12;NY;reversal;LONG;0.98;1717.45;1712.19;1727.97;1711.99;SL;-535.08;5.26;-1.038
2021.03.08 05:11;2021.03.08 09:30;ASIA;reversal;SHORT;0.93;1706.55;1712.06;1695.65;1699.87;CLOSE;621.24;5.51;1.212
2021.03.09 04:04;2021.03.09 08:48;ASIA;reversal;LONG;1.00;1685.70;1681.42;1694.23;1694.23;TP;853.00;4.28;1.993
2021.03.12 04:09;2021.03.12 08:05;ASIA;reversal;SHORT;1.00;1723.23;1726.89;1715.91;1715.91;TP;732.00;3.66;2.000
2021.03.16 04:05;2021.03.16 05:08;ASIA;reversal;LONG;1.00;1731.92;1730.33;1735.04;1730.31;SL;-161.00;1.59;-1.013
2021.03.16 18:31;2021.03.16 23:00;NY;reversal;SHORT;0.99;1730.14;1735.42;1719.61;1732.72;CLOSE;-255.42;5.28;-0.489
2021.03.17 04:02;2021.03.17 04:15;ASIA;reversal;SHORT;1.00;1730.42;1731.96;1727.40;1731.96;SL;-154.00;1.54;-1.000
2021.03.17 17:22;2021.03.17 18:57;NY;reversal;LONG;1.00;1731.75;1727.21;1740.83;1727.20;SL;-455.00;4.54;-1.002
2021.03.24 04:00;2021.03.24 04:01;ASIA;reversal;SHORT;1.00;1725.49;1727.38;1721.86;1727.38;SL;-189.00;1.89;-1.000
2021.03.25 04:32;2021.03.25 04:43;ASIA;reversal;SHORT;1.00;1733.23;1734.88;1729.93;1734.88;SL;-165.00;1.65;-1.000
2021.03.26 04:40;2021.03.26 04:54;ASIA;reversal;LONG;1.00;1729.08;1726.88;1733.39;1726.87;SL;-221.00;2.20;-1.005
2021.03.29 05:10;2021.03.29 05:52;ASIA;reversal;LONG;1.00;1732.55;1730.36;1736.93;1730.36;SL;-219.00;2.19;-1.000
2021.03.30 04:25;2021.03.30 05:49;ASIA;reversal;SHORT;1.00;1710.71;1712.94;1706.25;1706.21;TP;450.00;2.23;2.018
2021.03.31 03:53;2021.03.31 04:01;ASIA;reversal;SHORT;1.00;1683.57;1685.84;1679.03;1685.84;SL;-227.00;2.27;-1.000
2021.04.01 04:25;2021.04.01 06:00;ASIA;reversal;LONG;1.00;1708.04;1705.85;1712.42;1712.51;TP;447.00;2.19;2.041
2021.04.01 17:35;2021.04.01 23:00;NY;reversal;LONG;0.92;1728.16;1722.52;1739.08;1728.96;CLOSE;73.60;5.64;0.142
2021.04.05 05:18;2021.04.05 08:56;ASIA;reversal;SHORT;1.00;1726.41;1728.41;1722.59;1722.59;TP;382.00;2.00;1.910
2021.04.06 04:00;2021.04.06 04:20;ASIA;reversal;LONG;1.00;1730.75;1728.96;1734.33;1734.33;TP;358.00;1.79;2.000
2021.04.09 05:32;2021.04.09 09:19;ASIA;reversal;SHORT;1.00;1753.06;1755.11;1748.96;1748.96;TP;410.00;2.05;2.000
2021.04.12 04:15;2021.04.12 04:20;ASIA;reversal;SHORT;1.00;1740.36;1742.06;1736.96;1742.06;SL;-170.00;1.70;-1.000
2021.04.13 04:33;2021.04.13 07:32;ASIA;reversal;LONG;1.00;1732.05;1729.59;1736.91;1729.59;SL;-246.00;2.46;-1.000
2021.04.14 03:53;2021.04.14 04:31;ASIA;reversal;LONG;1.00;1746.81;1745.30;1749.80;1745.30;SL;-151.00;1.51;-1.000
2021.04.14 17:39;2021.04.14 18:05;NY;reversal;LONG;1.00;1739.21;1735.70;1746.23;1735.70;SL;-351.00;3.51;-1.000
2021.04.15 04:40;2021.04.15 06:06;ASIA;reversal;SHORT;1.00;1736.34;1739.47;1730.08;1739.49;SL;-315.00;3.13;-1.006
2021.04.19 04:15;2021.04.19 09:28;ASIA;reversal;SHORT;1.00;1776.02;1780.32;1767.87;1780.32;SL;-430.00;4.30;-1.000
2021.04.19 19:33;2021.04.19 23:00;NY;reversal;SHORT;1.00;1769.14;1773.90;1759.62;1771.04;CLOSE;-190.00;4.76;-0.399
2021.04.26 17:20;2021.04.26 23:00;NY;reversal;LONG;1.00;1779.26;1774.11;1789.50;1780.89;CLOSE;163.00;5.15;0.317
2021.04.27 04:13;2021.04.27 04:56;ASIA;reversal;SHORT;1.00;1779.62;1782.24;1774.38;1774.38;TP;524.00;2.62;2.000
2021.04.30 17:44;2021.04.30 19:34;NY;reversal;LONG;0.98;1771.27;1765.96;1781.62;1765.96;SL;-520.38;5.31;-1.000
2021.05.04 18:12;2021.05.04 18:15;NY;reversal;SHORT;0.80;1788.52;1794.99;1775.58;1774.92;TP;1088.00;6.47;2.102
2021.05.06 04:21;2021.05.06 08:42;ASIA;reversal;LONG;1.00;1786.34;1784.08;1790.83;1790.85;TP;451.00;2.26;1.996
2021.05.07 04:00;2021.05.07 04:05;ASIA;reversal;LONG;1.00;1815.27;1813.59;1818.63;1813.56;SL;-171.00;1.68;-1.018
2021.05.11 04:15;2021.05.11 09:30;ASIA;reversal;LONG;1.00;1836.06;1833.88;1840.42;1835.51;CLOSE;-55.00;2.18;-0.252
2021.05.14 04:09;2021.05.14 06:10;ASIA;reversal;SHORT;1.00;1823.81;1825.44;1820.55;1820.55;TP;326.00;1.63;2.000
2021.05.17 04:06;2021.05.17 08:05;ASIA;reversal;LONG;1.00;1847.04;1843.86;1853.37;1853.37;TP;633.00;3.18;1.991
2021.05.18 04:06;2021.05.18 04:23;ASIA;reversal;SHORT;1.00;1867.96;1869.73;1864.42;1869.73;SL;-177.00;1.77;-1.000
2021.05.19 04:15;2021.05.19 08:50;ASIA;reversal;SHORT;1.00;1867.85;1870.10;1863.62;1870.10;SL;-225.00;2.25;-1.000
2021.05.24 04:02;2021.05.24 09:06;ASIA;reversal;LONG;1.00;1884.27;1882.21;1888.39;1882.21;SL;-206.00;2.06;-1.000
2021.05.25 04:14;2021.05.25 06:01;ASIA;reversal;SHORT;1.00;1876.17;1877.94;1872.63;1877.94;SL;-177.00;1.77;-1.000
2021.05.26 04:00;2021.05.26 05:10;ASIA;reversal;LONG;1.00;1900.15;1897.45;1905.55;1905.55;TP;540.00;2.70;2.000
2021.05.27 04:42;2021.05.27 04:47;ASIA;reversal;LONG;1.00;1896.10;1894.66;1898.98;1894.66;SL;-144.00;1.44;-1.000
2021.05.28 04:00;2021.05.28 04:00;ASIA;reversal;LONG;1.00;1898.08;1896.35;1901.54;1896.35;SL;-173.00;1.73;-1.000
2021.05.28 17:47;2021.05.28 19:50;NY;reversal;SHORT;1.00;1894.91;1899.89;1884.95;1899.90;SL;-499.00;4.98;-1.002
2021.06.03 04:01;2021.06.03 04:08;ASIA;reversal;SHORT;1.00;1907.25;1908.09;1905.57;1908.09;SL;-84.00;0.84;-1.000
2021.06.04 04:47;2021.06.04 04:56;ASIA;reversal;SHORT;1.00;1868.59;1871.43;1862.94;1862.93;TP;566.00;2.84;1.993
2021.06.09 04:49;2021.06.09 05:55;ASIA;reversal;SHORT;1.00;1893.06;1894.89;1889.43;1894.89;SL;-183.00;1.83;-1.000
2021.06.15 04:00;2021.06.15 04:00;ASIA;reversal;SHORT;1.00;1865.71;1867.22;1862.69;1867.22;SL;-151.00;1.51;-1.000
2021.06.16 06:17;2021.06.16 09:30;ASIA;reversal;LONG;1.00;1857.97;1855.33;1863.25;1860.76;CLOSE;279.00;2.64;1.057
2021.06.16 17:12;2021.06.16 18:41;NY;reversal;SHORT;1.00;1855.86;1859.71;1848.16;1859.71;SL;-385.00;3.85;-1.000
2021.06.18 17:13;2021.06.18 17:17;NY;reversal;LONG;1.00;1777.31;1772.33;1786.94;1772.13;SL;-518.00;4.98;-1.040
2021.06.22 04:25;2021.06.22 04:42;ASIA;reversal;SHORT;1.00;1782.90;1785.55;1777.60;1785.60;SL;-270.00;2.65;-1.019
2021.06.23 04:00;2021.06.23 05:58;ASIA;reversal;LONG;1.00;1779.02;1777.23;1782.42;1782.43;TP;341.00;1.79;1.905
2021.06.23 19:39;2021.06.23 23:00;NY;reversal;SHORT;0.44;1782.81;1794.58;1759.27;1775.35;CLOSE;328.24;11.77;0.634
2021.06.24 04:20;2021.06.24 09:30;ASIA;reversal;SHORT;1.00;1776.59;1779.12;1771.53;1777.80;CLOSE;-121.00;2.53;-0.478
2021.06.25 04:00;2021.06.25 04:02;ASIA;reversal;LONG;1.00;1775.64;1773.96;1779.00;1773.96;SL;-168.00;1.68;-1.000
2021.06.29 18:18;2021.06.29 23:00;NY;reversal;LONG;1.00;1759.26;1754.18;1769.30;1761.02;CLOSE;176.00;5.08;0.346
2021.06.30 04:05;2021.06.30 04:17;ASIA;reversal;SHORT;1.00;1761.03;1761.95;1759.22;1759.20;TP;183.00;0.92;1.989
2021.07.01 04:07;2021.07.01 04:26;ASIA;reversal;LONG;1.00;1768.52;1767.42;1770.72;1770.72;TP;220.00;1.10;2.000
2021.07.01 17:13;2021.07.01 18:13;NY;reversal;SHORT;1.00;1777.90;1781.31;1771.08;1771.03;TP;687.00;3.41;2.015
2021.07.06 17:29;2021.07.06 18:54;NY;reversal;SHORT;1.00;1806.78;1811.38;1797.58;1797.58;TP;920.00;4.60;2.000
2021.07.08 04:03;2021.07.08 04:05;ASIA;reversal;SHORT;1.00;1802.62;1803.84;1800.18;1803.84;SL;-122.00;1.22;-1.000
2021.07.09 04:20;2021.07.09 07:59;ASIA;reversal;LONG;1.00;1804.10;1801.25;1809.80;1801.24;SL;-286.00;2.85;-1.004
2021.07.12 04:48;2021.07.12 09:30;ASIA;reversal;SHORT;1.00;1805.43;1808.97;1798.35;1800.36;CLOSE;507.00;3.54;1.432
2021.07.15 04:12;2021.07.15 05:12;ASIA;reversal;LONG;1.00;1827.56;1825.80;1831.08;1825.74;SL;-182.00;1.76;-1.034
2021.07.15 19:26;2021.07.15 23:00;NY;reversal;LONG;1.00;1827.04;1824.51;1832.10;1828.39;CLOSE;135.00;2.53;0.534
2021.07.23 04:01;2021.07.23 04:03;ASIA;reversal;LONG;1.00;1808.03;1807.00;1810.06;1807.00;SL;-103.00;1.03;-1.000
2021.07.23 18:46;2021.07.23 23:00;NY;reversal;LONG;0.94;1802.62;1797.00;1813.86;1801.35;CLOSE;-119.38;5.62;-0.226
2021.07.26 04:06;2021.07.26 04:29;ASIA;reversal;LONG;1.00;1800.73;1798.86;1804.44;1804.44;TP;371.00;1.87;1.984
2021.07.27 03:43;2021.07.27 04:22;ASIA;reversal;LONG;1.00;1797.73;1796.80;1799.59;1799.59;TP;186.00;0.93;2.000
2021.07.28 04:10;2021.07.28 05:38;ASIA;reversal;LONG;1.00;1800.17;1798.30;1803.88;1803.88;TP;371.00;1.87;1.984
2021.07.30 04:30;2021.07.30 05:02;ASIA;reversal;LONG;1.00;1830.20;1827.71;1835.18;1827.71;SL;-249.00;2.49;-1.000
2021.08.02 04:10;2021.08.02 09:30;ASIA;reversal;SHORT;1.00;1812.51;1814.94;1807.65;1808.45;CLOSE;406.00;2.43;1.671
2021.08.04 04:30;2021.08.04 05:23;ASIA;reversal;LONG;1.00;1811.09;1809.87;1813.53;1813.53;TP;244.00;1.22;2.000
2021.08.05 04:17;2021.08.05 04:40;ASIA;reversal;LONG;1.00;1811.65;1810.37;1814.21;1810.37;SL;-128.00;1.28;-1.000
2021.08.10 04:00;2021.08.10 09:30;ASIA;reversal;LONG;1.00;1732.88;1730.48;1737.68;1736.16;CLOSE;328.00;2.40;1.367
2021.08.10 18:04;2021.08.10 23:00;NY;reversal;LONG;0.72;1728.38;1720.93;1743.16;1729.11;CLOSE;52.56;7.45;0.098
2021.08.11 04:19;2021.08.11 05:34;ASIA;reversal;LONG;1.00;1727.65;1725.08;1732.79;1732.79;TP;514.00;2.57;2.000
2021.08.12 03:47;2021.08.12 08:26;ASIA;reversal;SHORT;1.00;1751.41;1753.09;1748.05;1753.09;SL;-168.00;1.68;-1.000
2021.08.16 04:57;2021.08.16 05:36;ASIA;reversal;SHORT;1.00;1778.06;1779.75;1774.68;1779.75;SL;-169.00;1.69;-1.000
2021.08.17 04:23;2021.08.17 05:50;ASIA;reversal;SHORT;1.00;1786.16;1787.60;1783.28;1787.60;SL;-144.00;1.44;-1.000
2021.08.18 04:02;2021.08.18 05:00;ASIA;reversal;LONG;1.00;1786.79;1785.20;1789.97;1790.07;TP;328.00;1.59;2.063
2021.08.20 19:03;2021.08.20 23:00;NY;reversal;LONG;0.83;1785.86;1779.34;1798.90;1782.37;CLOSE;-289.67;6.52;-0.535
2021.08.23 04:45;2021.08.23 04:52;ASIA;reversal;LONG;1.00;1779.58;1777.10;1784.54;1784.54;TP;496.00;2.48;2.000
2021.08.23 19:01;2021.08.23 23:00;NY;reversal;LONG;1.00;1805.55;1801.16;1814.33;1803.62;CLOSE;-193.00;4.39;-0.440
2021.08.30 04:41;2021.08.30 09:13;ASIA;reversal;SHORT;1.00;1817.32;1819.35;1813.29;1813.27;TP;405.00;2.03;1.995
2021.09.01 04:03;2021.09.01 04:16;ASIA;reversal;LONG;1.00;1814.44;1812.68;1817.96;1812.68;SL;-176.00;1.76;-1.000
2021.09.02 06:04;2021.09.02 09:02;ASIA;reversal;SHORT;1.00;1812.79;1815.15;1808.16;1815.15;SL;-236.00;2.36;-1.000
2021.09.02 17:43;2021.09.02 18:52;NY;reversal;LONG;1.00;1813.46;1809.08;1822.22;1809.07;SL;-439.00;4.38;-1.002
2021.09.06 04:08;2021.09.06 04:19;ASIA;reversal;LONG;1.00;1827.78;1825.99;1831.36;1825.99;SL;-179.00;1.79;-1.000
2021.09.09 06:09;2021.09.09 06:26;ASIA;reversal;LONG;1.00;1790.68;1788.02;1796.00;1788.02;SL;-266.00;2.66;-1.000
2021.09.10 03:56;2021.09.10 04:13;ASIA;reversal;LONG;1.00;1796.14;1794.60;1799.19;1794.59;SL;-155.00;1.54;-1.006
2021.09.13 04:06;2021.09.13 06:09;ASIA;reversal;LONG;1.00;1787.55;1785.93;1790.79;1790.79;TP;324.00;1.62;2.000
2021.09.15 04:59;2021.09.15 05:02;ASIA;reversal;LONG;1.00;1804.12;1802.67;1807.02;1802.67;SL;-145.00;1.45;-1.000
2021.09.16 04:37;2021.09.16 06:00;ASIA;reversal;LONG;1.00;1795.34;1793.82;1798.35;1793.82;SL;-152.00;1.52;-1.000
2021.09.17 17:16;2021.09.17 18:20;NY;reversal;SHORT;0.84;1748.15;1754.52;1736.28;1754.52;SL;-535.08;6.37;-1.000
2021.09.21 04:57;2021.09.21 05:55;ASIA;reversal;LONG;1.00;1765.51;1763.02;1770.49;1763.02;SL;-249.00;2.49;-1.000
2021.09.22 04:02;2021.09.22 04:09;ASIA;reversal;LONG;1.00;1775.51;1773.84;1778.55;1773.84;SL;-167.00;1.67;-1.000
2021.09.22 18:20;2021.09.22 21:00;NY;reversal;LONG;1.00;1778.29;1773.31;1788.25;1773.30;SL;-499.00;4.98;-1.002
2021.10.01 04:15;2021.10.01 07:27;ASIA;reversal;LONG;1.00;1753.69;1751.74;1757.56;1751.74;SL;-195.00;1.95;-1.000
2021.10.01 17:15;2021.10.01 23:00;NY;reversal;LONG;0.95;1759.98;1754.45;1770.50;1759.87;CLOSE;-10.45;5.53;-0.020
2021.10.04 04:59;2021.10.04 09:30;ASIA;reversal;SHORT;1.00;1762.63;1765.16;1757.57;1759.17;CLOSE;346.00;2.53;1.368
2021.10.05 18:26;2021.10.05 23:00;NY;reversal;LONG;0.89;1756.30;1750.35;1768.20;1760.13;CLOSE;340.87;5.95;0.644
2021.10.06 18:10;2021.10.06 18:39;NY;reversal;SHORT;1.00;1756.15;1759.84;1748.77;1759.84;SL;-369.00;3.69;-1.000
2021.10.12 04:06;2021.10.12 05:28;ASIA;reversal;LONG;1.00;1753.40;1751.15;1757.90;1757.90;TP;450.00;2.25;2.000
2021.10.13 04:32;2021.10.13 09:30;ASIA;reversal;LONG;1.00;1761.58;1759.91;1764.89;1762.30;CLOSE;72.00;1.67;0.431
2021.10.14 04:12;2021.10.14 05:27;ASIA;reversal;SHORT;1.00;1791.15;1792.38;1788.69;1788.63;TP;252.00;1.23;2.049
2021.10.15 04:31;2021.10.15 04:53;ASIA;reversal;LONG;1.00;1796.31;1794.59;1799.63;1794.58;SL;-173.00;1.72;-1.006
2021.10.18 06:11;2021.10.18 09:06;ASIA;reversal;SHORT;1.00;1768.88;1771.11;1764.45;1764.45;TP;443.00;2.23;1.987
2021.10.20 03:56;2021.10.20 04:15;ASIA;reversal;LONG;1.00;1768.81;1766.95;1772.35;1772.35;TP;354.00;1.86;1.903
2021.10.22 18:16;2021.10.22 18:33;NY;reversal;SHORT;0.98;1804.07;1809.52;1793.17;1793.16;TP;1069.18;5.45;2.002
2021.10.25 04:31;2021.10.25 06:02;ASIA;reversal;SHORT;1.00;1793.00;1795.67;1787.66;1795.67;SL;-267.00;2.67;-1.000
2021.10.28 04:44;2021.10.28 05:33;ASIA;reversal;LONG;1.00;1797.09;1794.64;1801.96;1801.96;TP;487.00;2.45;1.988
2021.11.04 05:44;2021.11.04 06:36;ASIA;reversal;LONG;1.00;1778.11;1775.42;1783.49;1775.42;SL;-269.00;2.69;-1.000
2021.11.04 18:34;2021.11.04 23:00;NY;reversal;SHORT;1.00;1791.33;1795.78;1782.43;1793.93;CLOSE;-260.00;4.45;-0.584
2021.11.05 04:05;2021.11.05 09:30;ASIA;reversal;LONG;1.00;1793.36;1790.59;1798.69;1795.92;CLOSE;256.00;2.77;0.924
2021.11.05 17:56;2021.11.05 19:26;NY;reversal;LONG;0.96;1802.03;1796.40;1813.29;1813.30;TP;1081.92;5.63;2.002
2021.11.08 18:43;2021.11.08 23:00;NY;reversal;LONG;1.00;1824.15;1820.40;1831.65;1823.83;CLOSE;-32.00;3.75;-0.085
2021.11.09 19:53;2021.11.09 23:00;NY;reversal;LONG;1.00;1830.26;1825.74;1839.27;1832.13;CLOSE;187.00;4.52;0.414
2021.11.11 05:21;2021.11.11 06:05;ASIA;reversal;LONG;1.00;1851.39;1848.28;1857.61;1848.28;SL;-311.00;3.11;-1.000
2021.11.15 18:27;2021.11.15 23:00;NY;reversal;LONG;1.00;1864.22;1859.55;1873.56;1863.16;CLOSE;-106.00;4.67;-0.227
2021.11.17 05:41;2021.11.17 08:49;ASIA;reversal;SHORT;1.00;1852.87;1855.87;1846.87;1855.87;SL;-300.00;3.00;-1.000
2021.11.17 17:40;2021.11.17 19:34;NY;reversal;SHORT;1.00;1863.60;1867.25;1856.33;1867.25;SL;-365.00;3.65;-1.000
2021.11.23 04:14;2021.11.23 09:30;ASIA;reversal;SHORT;1.00;1807.88;1811.05;1801.54;1808.99;CLOSE;-111.00;3.17;-0.350
2021.11.24 17:07;2021.11.24 17:53;NY;reversal;SHORT;1.00;1780.89;1784.60;1773.47;1784.68;SL;-379.00;3.71;-1.022
2021.11.30 17:37;2021.11.30 18:01;NY;reversal;SHORT;0.50;1793.53;1804.31;1772.42;1772.42;TP;1055.50;10.78;1.958
2021.12.01 04:20;2021.12.01 07:57;ASIA;reversal;LONG;1.00;1778.36;1774.25;1786.58;1786.58;TP;822.00;4.11;2.000
2021.12.01 18:49;2021.12.01 23:00;NY;reversal;SHORT;0.81;1783.04;1789.76;1769.63;1778.68;CLOSE;353.16;6.72;0.649
2021.12.03 18:08;2021.12.03 22:12;NY;reversal;LONG;0.94;1774.52;1768.65;1785.84;1785.84;TP;1064.08;5.87;1.928
2021.12.07 03:49;2021.12.07 04:00;ASIA;reversal;LONG;1.00;1780.26;1778.93;1782.89;1778.93;SL;-133.00;1.33;-1.000
2021.12.09 05:59;2021.12.09 09:30;ASIA;reversal;LONG;1.00;1784.66;1782.43;1789.12;1786.46;CLOSE;180.00;2.23;0.807
2021.12.14 04:52;2021.12.14 09:30;ASIA;reversal;SHORT;1.00;1786.51;1788.75;1782.03;1787.75;CLOSE;-124.00;2.24;-0.554
2021.12.17 17:57;2021.12.17 23:00;NY;reversal;SHORT;1.00;1804.10;1808.55;1795.20;1796.32;CLOSE;778.00;4.45;1.748
2021.12.20 04:48;2021.12.20 09:27;ASIA;reversal;LONG;1.00;1802.11;1799.74;1806.85;1799.74;SL;-237.00;2.37;-1.000
2021.12.31 05:22;2021.12.31 09:30;ASIA;reversal;LONG;1.00;1818.99;1816.07;1824.80;1819.66;CLOSE;67.00;2.92;0.229
2021.12.31 19:49;2021.12.31 23:00;NY;reversal;LONG;1.00;1827.21;1822.08;1837.47;1829.19;CLOSE;198.00;5.13;0.386
2022.01.04 06:19;2022.01.04 09:30;ASIA;reversal;SHORT;1.00;1803.24;1806.80;1796.15;1806.23;CLOSE;-299.00;3.56;-0.840
2022.01.06 05:44;2022.01.06 08:52;ASIA;reversal;SHORT;1.00;1806.99;1809.97;1801.03;1800.96;TP;603.00;2.98;2.023
2022.01.07 18:57;2022.01.07 23:00;NY;reversal;LONG;1.00;1794.09;1789.24;1803.79;1795.85;CLOSE;176.00;4.85;0.363
2022.01.10 05:08;2022.01.10 09:30;ASIA;reversal;SHORT;1.00;1793.15;1796.57;1786.31;1793.62;CLOSE;-47.00;3.42;-0.137
2022.01.12 17:34;2022.01.12 17:50;NY;reversal;SHORT;1.00;1820.82;1824.35;1813.76;1824.36;SL;-354.00;3.53;-1.003
2022.01.13 04:55;2022.01.13 05:08;ASIA;reversal;SHORT;1.00;1824.01;1825.38;1821.27;1825.38;SL;-137.00;1.37;-1.000
2022.01.14 18:26;2022.01.14 23:00;NY;reversal;SHORT;0.93;1819.10;1825.08;1807.14;1816.52;CLOSE;239.94;5.98;0.431
2022.01.17 03:42;2022.01.17 06:44;ASIA;reversal;LONG;1.00;1815.61;1813.35;1820.13;1820.14;TP;453.00;2.26;2.004
2022.01.18 18:24;2022.01.18 23:00;NY;reversal;SHORT;0.81;1812.18;1819.12;1798.30;1813.81;CLOSE;-132.03;6.94;-0.235
2022.01.20 04:22;2022.01.20 09:30;ASIA;reversal;SHORT;1.00;1839.74;1843.45;1832.35;1840.66;CLOSE;-92.00;3.71;-0.248
2022.01.20 18:22;2022.01.20 23:00;NY;reversal;SHORT;1.00;1841.84;1846.78;1831.96;1838.23;CLOSE;361.00;4.94;0.731
2022.01.25 06:03;2022.01.25 07:34;ASIA;reversal;LONG;1.00;1843.07;1841.47;1846.27;1841.47;SL;-160.00;1.60;-1.000
2022.01.26 03:41;2022.01.26 05:51;ASIA;reversal;LONG;1.00;1848.53;1846.64;1852.28;1846.64;SL;-189.00;1.89;-1.000
2022.01.26 19:10;2022.01.26 21:45;NY;reversal;SHORT;0.90;1831.15;1837.35;1818.78;1818.78;TP;1113.30;6.20;1.995
2022.01.28 17:32;2022.01.28 22:54;NY;reversal;SHORT;0.76;1782.08;1789.47;1767.66;1789.48;SL;-562.40;7.39;-1.001
2022.01.31 06:09;2022.01.31 07:34;ASIA;reversal;SHORT;1.00;1786.19;1788.54;1781.52;1788.54;SL;-235.00;2.35;-1.000
2022.02.01 05:33;2022.02.01 06:41;ASIA;reversal;SHORT;1.00;1796.47;1798.51;1792.45;1798.52;SL;-205.00;2.04;-1.005
2022.02.01 17:51;2022.02.01 21:48;NY;reversal;LONG;1.00;1805.97;1800.40;1816.87;1800.39;SL;-558.00;5.57;-1.002
2022.02.04 05:32;2022.02.04 06:14;ASIA;reversal;SHORT;1.00;1805.77;1807.08;1803.15;1807.08;SL;-131.00;1.31;-1.000
2022.02.07 17:22;2022.02.07 21:14;NY;reversal;LONG;1.00;1815.53;1812.37;1821.85;1821.86;TP;633.00;3.16;2.003
2022.02.11 06:15;2022.02.11 09:30;ASIA;reversal;SHORT;1.00;1823.80;1825.99;1819.42;1823.94;CLOSE;-14.00;2.19;-0.064
2022.02.17 05:54;2022.02.17 09:30;ASIA;reversal;LONG;1.00;1871.68;1868.24;1878.56;1874.37;CLOSE;269.00;3.44;0.782
2022.02.21 18:20;2022.02.21 20:59;NY;reversal;LONG;1.00;1896.98;1893.06;1904.82;1904.82;TP;784.00;3.92;2.000
2022.02.23 03:41;2022.02.23 06:51;ASIA;reversal;SHORT;1.00;1899.56;1900.96;1896.82;1896.82;TP;274.00;1.40;1.957
2022.03.01 05:33;2022.03.01 09:30;ASIA;reversal;LONG;1.00;1905.78;1903.25;1910.84;1908.10;CLOSE;232.00;2.53;0.917
2022.03.02 18:03;2022.03.02 22:05;NY;reversal;SHORT;0.63;1922.13;1931.18;1904.06;1931.21;SL;-572.04;9.05;-1.003
2022.03.03 19:31;2022.03.03 23:00;NY;reversal;LONG;0.90;1932.04;1925.79;1944.54;1936.82;CLOSE;430.20;6.25;0.765
2022.03.04 18:05;2022.03.04 23:00;NY;reversal;LONG;0.60;1959.27;1949.76;1978.26;1967.29;CLOSE;481.20;9.51;0.843
2022.03.07 04:59;2022.03.07 09:30;ASIA;reversal;SHORT;0.91;1987.82;1994.06;1975.34;1982.53;CLOSE;481.39;6.24;0.848
2022.03.15 18:55;2022.03.15 22:54;NY;reversal;LONG;0.61;1925.54;1916.22;1944.18;1916.21;SL;-569.13;9.32;-1.001
2022.03.17 04:00;2022.03.17 04:30;ASIA;reversal;LONG;1.00;1927.59;1925.72;1931.30;1931.31;TP;372.00;1.87;1.989
2022.03.22 05:59;2022.03.22 09:30;ASIA;reversal;LONG;1.00;1935.58;1932.78;1941.15;1936.41;CLOSE;83.00;2.80;0.296
2022.03.23 04:01;2022.03.23 09:30;ASIA;reversal;LONG;1.00;1920.11;1917.38;1925.57;1918.35;CLOSE;-176.00;2.73;-0.645
2022.03.23 17:17;2022.03.23 20:00;NY;reversal;SHORT;1.00;1931.23;1935.68;1922.33;1935.69;SL;-446.00;4.45;-1.002
2022.03.29 04:19;2022.03.29 07:31;ASIA;reversal;LONG;1.00;1924.81;1922.10;1930.20;1922.07;SL;-274.00;2.71;-1.011
2022.04.04 04:13;2022.04.04 07:14;ASIA;reversal;SHORT;1.00;1923.81;1926.57;1918.29;1918.29;TP;552.00;2.76;2.000
2022.04.05 17:08;2022.04.05 18:28;NY;reversal;SHORT;1.00;1937.96;1943.45;1926.98;1926.98;TP;1098.00;5.49;2.000
2022.04.06 03:48;2022.04.06 04:10;ASIA;reversal;SHORT;1.00;1919.31;1921.15;1915.66;1921.17;SL;-186.00;1.84;-1.011
2022.04.08 03:59;2022.04.08 04:03;ASIA;reversal;SHORT;1.00;1932.30;1934.37;1928.16;1934.37;SL;-207.00;2.07;-1.000
2022.04.11 04:03;2022.04.11 04:35;ASIA;reversal;LONG;1.00;1945.99;1944.12;1949.70;1944.12;SL;-187.00;1.87;-1.000
2022.04.12 04:43;2022.04.12 06:40;ASIA;reversal;LONG;1.00;1953.86;1951.42;1958.71;1958.73;TP;487.00;2.44;1.996
2022.04.13 04:45;2022.04.13 09:30;ASIA;reversal;LONG;1.00;1967.75;1963.17;1976.91;1967.66;CLOSE;-9.00;4.58;-0.020
2022.04.14 04:44;2022.04.14 06:58;ASIA;reversal;LONG;1.00;1977.60;1973.89;1985.02;1973.87;SL;-373.00;3.71;-1.005
2022.04.18 17:36;2022.04.18 20:43;NY;reversal;SHORT;1.00;1988.62;1993.48;1979.62;1979.62;TP;900.00;4.86;1.852
2022.04.22 04:10;2022.04.22 05:09;ASIA;reversal;LONG;1.00;1952.02;1949.41;1957.24;1949.41;SL;-261.00;2.61;-1.000
2022.04.26 05:46;2022.04.26 09:30;ASIA;reversal;LONG;1.00;1903.66;1899.15;1912.68;1902.92;CLOSE;-74.00;4.51;-0.164
2022.04.28 03:43;2022.04.28 06:14;ASIA;reversal;SHORT;1.00;1884.13;1886.29;1879.81;1879.81;TP;432.00;2.16;2.000
2022.05.03 04:19;2022.05.03 09:30;ASIA;reversal;SHORT;1.00;1863.00;1865.99;1857.11;1858.45;CLOSE;455.00;2.99;1.522
2022.05.05 03:59;2022.05.05 04:20;ASIA;reversal;LONG;1.00;1896.06;1893.45;1901.28;1901.29;TP;523.00;2.61;2.004
2022.05.06 06:03;2022.05.06 09:30;ASIA;reversal;LONG;1.00;1876.77;1873.00;1884.31;1876.24;CLOSE;-53.00;3.77;-0.141
2022.05.09 04:09;2022.05.09 09:30;ASIA;reversal;SHORT;1.00;1877.66;1881.26;1870.46;1872.54;CLOSE;512.00;3.60;1.422
2022.05.11 04:00;2022.05.11 04:13;ASIA;reversal;LONG;1.00;1834.18;1832.35;1837.81;1832.34;SL;-184.00;1.83;-1.005
2022.05.13 04:00;2022.05.13 09:30;ASIA;reversal;LONG;1.00;1823.85;1821.12;1829.31;1822.92;CLOSE;-93.00;2.73;-0.341
2022.05.16 05:11;2022.05.16 09:07;ASIA;reversal;SHORT;1.00;1811.23;1813.79;1806.11;1806.08;TP;515.00;2.56;2.012
2022.05.18 04:24;2022.05.18 06:20;ASIA;reversal;SHORT;1.00;1814.17;1816.95;1808.64;1808.64;TP;553.00;2.78;1.989
2022.05.19 04:37;2022.05.19 08:08;ASIA;reversal;LONG;1.00;1816.70;1814.27;1821.56;1814.26;SL;-244.00;2.43;-1.004
2022.05.20 18:08;2022.05.20 23:00;NY;reversal;LONG;0.78;1843.79;1836.24;1858.89;1844.64;CLOSE;66.30;7.55;0.113
2022.05.23 18:21;2022.05.23 21:49;NY;reversal;SHORT;1.00;1852.80;1857.09;1844.25;1857.10;SL;-430.00;4.29;-1.002
2022.05.27 04:49;2022.05.27 09:30;ASIA;reversal;LONG;1.00;1853.02;1850.67;1857.69;1854.37;CLOSE;135.00;2.35;0.574
2022.05.30 04:35;2022.05.30 04:50;ASIA;reversal;LONG;1.00;1851.97;1849.31;1857.26;1857.26;TP;529.00;2.66;1.989
2022.05.31 06:04;2022.05.31 09:30;ASIA;reversal;LONG;1.00;1852.66;1848.18;1861.59;1854.33;CLOSE;167.00;4.48;0.373
2022.06.01 05:13;2022.06.01 07:07;ASIA;reversal;LONG;1.00;1836.56;1834.17;1841.28;1834.17;SL;-239.00;2.39;-1.000
2022.06.01 19:18;2022.06.01 23:00;NY;reversal;LONG;1.00;1849.06;1843.99;1859.20;1847.28;CLOSE;-178.00;5.07;-0.351
2022.06.03 06:25;2022.06.03 09:30;ASIA;reversal;SHORT;1.00;1868.09;1870.69;1862.89;1867.73;CLOSE;36.00;2.60;0.138
2022.06.03 17:27;2022.06.03 19:05;NY;reversal;SHORT;1.00;1859.61;1864.55;1849.73;1849.73;TP;988.00;4.94;2.000
2022.06.06 04:05;2022.06.06 09:30;ASIA;reversal;LONG;1.00;1853.41;1851.00;1858.23;1854.24;CLOSE;83.00;2.41;0.344
2022.06.07 03:49;2022.06.07 04:01;ASIA;reversal;LONG;1.00;1840.02;1837.96;1844.02;1837.95;SL;-207.00;2.06;-1.005
2022.06.09 04:34;2022.06.09 04:47;ASIA;reversal;LONG;1.00;1853.68;1852.30;1856.44;1852.27;SL;-141.00;1.38;-1.022
2022.06.10 04:22;2022.06.10 09:30;ASIA;reversal;SHORT;1.00;1845.62;1847.23;1842.43;1844.69;CLOSE;93.00;1.61;0.578
2022.06.16 17:55;2022.06.16 18:22;NY;reversal;LONG;1.00;1832.13;1827.31;1841.74;1841.74;TP;961.00;4.82;1.994
2022.06.20 04:30;2022.06.20 04:33;ASIA;reversal;SHORT;1.00;1836.97;1838.99;1833.14;1838.99;SL;-202.00;2.02;-1.000
2022.06.23 04:20;2022.06.23 04:39;ASIA;reversal;LONG;1.00;1837.58;1835.56;1841.59;1835.54;SL;-204.00;2.02;-1.010
2022.06.24 04:56;2022.06.24 07:32;ASIA;reversal;LONG;1.00;1825.42;1823.49;1829.28;1823.49;SL;-193.00;1.93;-1.000
2022.06.27 04:13;2022.06.27 09:30;ASIA;reversal;LONG;1.00;1831.90;1829.28;1837.11;1836.06;CLOSE;416.00;2.62;1.588
2022.06.28 05:26;2022.06.28 05:30;ASIA;reversal;SHORT;1.00;1822.47;1824.67;1818.07;1824.69;SL;-222.00;2.20;-1.009
2022.07.04 05:16;2022.07.04 09:30;ASIA;reversal;LONG;1.00;1811.09;1808.01;1817.22;1810.92;CLOSE;-17.00;3.08;-0.055
2022.07.04 18:04;2022.07.05 01:55;NY;reversal;SHORT;1.00;1807.84;1809.25;1805.05;1809.28;SL;-104.55;1.41;-1.021
2022.07.05 04:06;2022.07.05 09:30;ASIA;reversal;LONG;1.00;1809.27;1806.85;1814.11;1808.92;CLOSE;-35.00;2.42;-0.145
2022.07.06 04:52;2022.07.06 05:06;ASIA;reversal;SHORT;1.00;1768.62;1770.73;1764.43;1770.75;SL;-213.00;2.11;-1.009
2022.07.07 04:40;2022.07.07 05:34;ASIA;reversal;SHORT;1.00;1738.49;1741.63;1732.21;1741.63;SL;-314.00;3.14;-1.000
2022.07.08 06:18;2022.07.08 09:03;ASIA;reversal;SHORT;1.00;1740.81;1743.65;1735.16;1743.67;SL;-286.00;2.84;-1.007
2022.07.11 04:05;2022.07.11 05:18;ASIA;reversal;SHORT;1.00;1739.72;1742.13;1734.90;1742.14;SL;-242.00;2.41;-1.004
2022.07.13 04:00;2022.07.13 04:34;ASIA;reversal;LONG;1.00;1725.44;1723.99;1728.31;1728.32;TP;288.00;1.45;1.986
2022.07.14 06:07;2022.07.14 07:44;ASIA;reversal;LONG;1.00;1732.34;1729.47;1738.05;1729.47;SL;-287.00;2.87;-1.000
2022.07.15 04:23;2022.07.15 06:28;ASIA;reversal;LONG;1.00;1712.10;1709.85;1716.60;1709.84;SL;-226.00;2.25;-1.004
2022.07.15 18:29;2022.07.15 23:00;NY;reversal;LONG;0.89;1708.39;1701.81;1721.46;1705.42;CLOSE;-264.33;6.58;-0.451
2022.07.18 04:09;2022.07.18 06:14;ASIA;reversal;LONG;1.00;1711.02;1708.63;1715.80;1715.80;TP;478.00;2.39;2.000
2022.07.19 18:14;2022.07.19 21:11;NY;reversal;LONG;1.00;1714.48;1710.34;1722.76;1710.33;SL;-415.00;4.14;-1.002
2022.07.20 04:33;2022.07.20 04:41;ASIA;reversal;SHORT;1.00;1709.90;1711.83;1706.04;1711.83;SL;-193.00;1.93;-1.000
2022.07.25 04:38;2022.07.25 06:20;ASIA;reversal;LONG;1.00;1724.75;1722.93;1728.33;1728.33;TP;358.00;1.82;1.967
2022.07.28 04:32;2022.07.28 05:08;ASIA;reversal;LONG;1.00;1739.86;1736.88;1745.82;1736.88;SL;-298.00;2.98;-1.000
2022.07.29 04:05;2022.07.29 05:59;ASIA;reversal;SHORT;1.00;1753.75;1755.51;1750.26;1755.53;SL;-178.00;1.76;-1.011
2022.08.05 04:08;2022.08.05 09:30;ASIA;reversal;SHORT;1.00;1791.86;1793.89;1787.80;1789.49;CLOSE;237.00;2.03;1.167
2022.08.10 05:07;2022.08.10 06:30;ASIA;reversal;LONG;1.00;1794.15;1792.38;1797.66;1792.38;SL;-177.00;1.77;-1.000
2022.08.12 06:15;2022.08.12 09:30;ASIA;reversal;LONG;1.00;1789.51;1786.94;1794.65;1790.41;CLOSE;90.00;2.57;0.350
2022.08.12 19:38;2022.08.12 23:00;NY;reversal;LONG;1.00;1798.67;1793.71;1808.59;1801.48;CLOSE;281.00;4.96;0.567
2022.08.15 19:48;2022.08.15 23:00;NY;reversal;LONG;1.00;1781.83;1776.04;1793.35;1778.95;CLOSE;-288.00;5.79;-0.497
2022.08.16 03:54;2022.08.16 04:36;ASIA;reversal;SHORT;1.00;1777.80;1778.95;1775.50;1778.95;SL;-115.00;1.15;-1.000
2022.08.16 18:53;2022.08.16 23:00;NY;reversal;SHORT;1.00;1773.78;1777.77;1765.80;1775.96;CLOSE;-218.00;3.99;-0.546
2022.08.18 05:21;2022.08.18 05:33;ASIA;reversal;SHORT;1.00;1764.27;1765.70;1761.44;1765.71;SL;-144.00;1.43;-1.007
2022.09.02 06:01;2022.09.02 09:30;ASIA;reversal;LONG;1.00;1699.20;1696.89;1703.82;1700.93;CLOSE;173.00;2.31;0.749
2022.09.05 17:34;2022.09.05 18:09;NY;reversal;LONG;1.00;1712.24;1711.04;1714.64;1711.04;SL;-120.00;1.20;-1.000
2022.09.08 04:16;2022.09.08 04:44;ASIA;reversal;LONG;1.00;1717.22;1715.83;1720.00;1715.83;SL;-139.00;1.39;-1.000
2022.09.12 04:29;2022.09.12 05:03;ASIA;reversal;LONG;1.00;1718.71;1716.21;1723.65;1716.21;SL;-250.00;2.50;-1.000
2022.09.14 05:21;2022.09.14 06:56;ASIA;reversal;LONG;1.00;1703.09;1700.31;1708.65;1700.30;SL;-279.00;2.78;-1.004
2022.09.14 17:54;2022.09.14 18:29;NY;reversal;LONG;1.00;1706.10;1702.96;1712.38;1702.96;SL;-314.00;3.14;-1.000
2022.09.15 03:50;2022.09.15 06:03;ASIA;reversal;SHORT;1.00;1696.10;1697.76;1692.81;1692.81;TP;329.00;1.66;1.982
2022.09.16 04:50;2022.09.16 07:04;ASIA;reversal;SHORT;1.00;1662.19;1665.14;1656.29;1665.17;SL;-298.00;2.95;-1.010
2022.09.23 04:33;2022.09.23 05:34;ASIA;reversal;SHORT;1.00;1672.18;1673.48;1669.61;1669.61;TP;257.00;1.30;1.977
2022.09.26 18:12;2022.09.26 19:22;NY;reversal;SHORT;1.00;1642.58;1647.66;1632.42;1632.42;TP;1016.00;5.08;2.000
2022.09.29 04:08;2022.09.29 05:02;ASIA;reversal;LONG;1.00;1657.03;1654.69;1661.68;1654.66;SL;-237.00;2.34;-1.013
2022.09.29 18:08;2022.09.29 23:00;NY;reversal;LONG;0.75;1658.12;1650.38;1673.51;1661.05;CLOSE;219.75;7.74;0.379
2022.09.30 03:55;2022.09.30 04:23;ASIA;reversal;LONG;1.00;1664.73;1662.43;1669.27;1662.38;SL;-235.00;2.30;-1.022
2022.10.07 05:53;2022.10.07 06:26;ASIA;reversal;LONG;1.00;1713.37;1710.79;1718.44;1710.79;SL;-258.00;2.58;-1.000
2022.10.07 17:49;2022.10.07 21:57;NY;reversal;LONG;0.91;1703.41;1697.03;1716.17;1697.02;SL;-581.49;6.38;-1.002
2022.10.10 17:37;2022.10.10 23:00;NY;reversal;SHORT;1.00;1672.05;1677.25;1661.71;1669.10;CLOSE;295.00;5.20;0.567
2022.10.11 04:42;2022.10.11 05:15;ASIA;reversal;SHORT;1.00;1667.89;1670.73;1662.21;1662.16;TP;573.00;2.84;2.018
2022.10.11 18:23;2022.10.11 21:59;NY;reversal;LONG;0.98;1672.61;1666.67;1684.46;1666.67;SL;-582.12;5.94;-1.000
2022.10.12 05:19;2022.10.12 06:00;ASIA;reversal;SHORT;1.00;1661.64;1665.23;1654.49;1665.25;SL;-361.00;3.59;-1.006
2022.10.13 04:23;2022.10.13 06:00;ASIA;reversal;SHORT;1.00;1672.85;1674.56;1669.55;1669.55;TP;330.00;1.71;1.930
2022.10.14 04:44;2022.10.14 09:08;ASIA;reversal;LONG;1.00;1664.84;1661.77;1670.92;1670.94;TP;610.00;3.07;1.987
2022.10.18 05:09;2022.10.18 06:08;ASIA;reversal;SHORT;1.00;1650.03;1651.55;1646.99;1651.56;SL;-153.00;1.52;-1.007
2022.10.19 04:37;2022.10.19 05:35;ASIA;reversal;LONG;1.00;1653.21;1650.88;1657.87;1650.88;SL;-233.00;2.33;-1.000
2022.10.21 06:01;2022.10.21 06:45;ASIA;reversal;SHORT;1.00;1625.20;1627.43;1620.74;1620.72;TP;448.00;2.23;2.009
2022.10.25 04:15;2022.10.25 09:30;ASIA;reversal;SHORT;1.00;1650.76;1653.64;1645.00;1651.46;CLOSE;-70.00;2.88;-0.243
2022.10.26 04:24;2022.10.26 09:13;ASIA;reversal;LONG;1.00;1653.92;1650.38;1660.97;1660.98;TP;706.00;3.54;1.994
2022.10.27 05:08;2022.10.27 08:44;ASIA;reversal;SHORT;1.00;1665.83;1669.37;1658.81;1669.39;SL;-356.00;3.54;-1.006
2022.11.04 04:47;2022.11.04 05:55;ASIA;reversal;LONG;1.00;1632.06;1629.50;1637.06;1637.08;TP;502.00;2.56;1.961
2022.11.07 04:13;2022.11.07 05:37;ASIA;reversal;SHORT;1.00;1670.59;1674.23;1663.31;1674.23;SL;-364.00;3.64;-1.000
2022.11.09 05:02;2022.11.09 09:30;ASIA;reversal;LONG;1.00;1710.13;1707.15;1716.09;1711.07;CLOSE;94.00;2.98;0.315
2022.11.09 17:36;2022.11.09 23:00;NY;reversal;SHORT;0.89;1709.77;1716.35;1696.64;1704.72;CLOSE;449.45;6.58;0.767
2022.11.10 04:59;2022.11.10 09:27;ASIA;reversal;LONG;1.00;1708.82;1706.46;1713.45;1706.44;SL;-238.00;2.36;-1.008
2022.11.14 05:25;2022.11.14 06:08;ASIA;reversal;LONG;1.00;1766.22;1761.78;1775.01;1761.78;SL;-444.00;4.44;-1.000
2022.11.17 17:40;2022.11.17 19:50;NY;reversal;SHORT;1.00;1758.38;1761.18;1752.84;1761.20;SL;-282.00;2.80;-1.007
2022.11.18 04:38;2022.11.18 05:15;ASIA;reversal;LONG;1.00;1764.49;1762.17;1769.13;1762.15;SL;-234.00;2.32;-1.009
2022.11.24 03:43;2022.11.24 08:07;ASIA;reversal;LONG;1.00;1755.25;1752.62;1760.36;1752.62;SL;-263.00;2.63;-1.000
2022.11.24 17:28;2022.11.24 19:30;NY;reversal;LONG;1.00;1756.78;1755.47;1759.40;1755.47;SL;-131.00;1.31;-1.000
2022.12.02 17:53;2022.12.02 19:13;NY;reversal;LONG;1.00;1786.98;1781.96;1796.99;1797.16;TP;1018.00;5.02;2.028
2022.12.09 18:16;2022.12.09 22:50;NY;reversal;LONG;1.00;1799.25;1795.50;1806.60;1795.50;SL;-375.00;3.75;-1.000
2022.12.13 06:03;2022.12.13 07:30;ASIA;reversal;SHORT;1.00;1781.93;1783.73;1778.33;1783.78;SL;-185.00;1.80;-1.028
2022.12.14 03:43;2022.12.14 05:45;ASIA;reversal;SHORT;1.00;1810.47;1812.25;1807.06;1812.25;SL;-178.00;1.78;-1.000
2022.12.14 19:13;2022.12.14 21:00;NY;reversal;SHORT;1.00;1808.17;1812.13;1800.28;1798.82;TP;935.00;3.96;2.361
2022.12.19 05:49;2022.12.19 09:30;ASIA;reversal;SHORT;1.00;1792.30;1795.08;1787.01;1793.34;CLOSE;-104.00;2.78;-0.374
2022.12.19 17:46;2022.12.19 23:00;NY;reversal;SHORT;1.00;1788.77;1792.42;1781.71;1787.34;CLOSE;143.00;3.65;0.392
2022.12.21 18:07;2022.12.21 23:00;NY;reversal;SHORT;1.00;1816.06;1819.88;1808.63;1814.38;CLOSE;168.00;3.82;0.440
2022.12.27 03:50;2022.12.27 09:01;ASIA;reversal;LONG;1.00;1803.36;1800.92;1808.15;1808.15;TP;479.00;2.44;1.963
2022.12.28 04:00;2022.12.28 09:30;ASIA;reversal;SHORT;1.00;1810.42;1814.24;1802.93;1810.11;CLOSE;31.00;3.82;0.081
2022.12.30 19:59;2022.12.30 23:00;NY;reversal;LONG;1.00;1822.98;1817.90;1832.99;1823.49;CLOSE;51.00;5.08;0.100
2023.01.03 04:33;2023.01.03 08:16;ASIA;reversal;LONG;1.00;1832.41;1826.83;1843.45;1843.49;TP;1108.00;5.58;1.986
2023.01.04 18:10;2023.01.04 19:27;NY;reversal;LONG;1.00;1859.77;1855.34;1868.60;1855.32;SL;-445.00;4.43;-1.005
2023.01.05 04:10;2023.01.05 09:30;ASIA;reversal;SHORT;1.00;1854.96;1858.16;1848.56;1854.26;CLOSE;70.00;3.20;0.219
2023.01.10 17:45;2023.01.10 23:00;NY;reversal;SHORT;1.00;1874.77;1880.05;1864.24;1878.29;CLOSE;-352.00;5.28;-0.667
2023.01.13 04:17;2023.01.13 04:32;ASIA;reversal;SHORT;1.00;1896.44;1898.50;1892.32;1898.53;SL;-209.00;2.06;-1.015
2023.01.16 19:08;2023.01.16 21:25;NY;reversal;SHORT;1.00;1913.16;1915.94;1907.60;1915.95;SL;-279.00;2.78;-1.004
2023.01.18 03:56;2023.01.18 04:40;ASIA;reversal;LONG;1.00;1909.03;1906.71;1913.67;1906.70;SL;-233.00;2.32;-1.004
2023.01.19 04:54;2023.01.19 09:30;ASIA;reversal;LONG;1.00;1907.35;1901.50;1918.63;1908.83;CLOSE;148.00;5.85;0.253
2023.01.23 06:00;2023.01.23 08:03;ASIA;reversal;SHORT;1.00;1930.37;1932.87;1925.37;1925.37;TP;500.00;2.50;2.000
2023.01.23 17:34;2023.01.23 23:00;NY;reversal;LONG;0.81;1920.64;1913.28;1934.91;1931.15;CLOSE;851.31;7.36;1.428
2023.01.24 17:26;2023.01.24 23:00;NY;reversal;LONG;0.63;1930.77;1921.24;1949.83;1937.81;CLOSE;443.52;9.53;0.739
2023.01.25 04:49;2023.01.25 05:11;ASIA;reversal;SHORT;1.00;1936.45;1938.90;1931.58;1931.38;TP;507.00;2.45;2.069
2023.01.27 17:46;2023.01.27 18:12;NY;reversal;SHORT;0.99;1921.62;1927.73;1909.64;1927.73;SL;-604.89;6.11;-1.000
2023.01.30 17:27;2023.01.30 17:54;NY;reversal;LONG;1.00;1928.91;1924.44;1937.79;1924.44;SL;-447.00;4.47;-1.000
2023.01.31 05:38;2023.01.31 07:36;ASIA;reversal;SHORT;1.00;1922.57;1924.39;1918.99;1918.86;TP;371.00;1.82;2.038
2023.02.03 05:29;2023.02.03 09:09;ASIA;reversal;SHORT;1.00;1915.48;1917.68;1911.17;1917.83;SL;-235.00;2.20;-1.068
2023.02.07 17:35;2023.02.07 19:45;NY;reversal;LONG;1.00;1872.04;1867.56;1881.00;1881.03;TP;899.00;4.48;2.007
2023.02.08 04:17;2023.02.08 06:21;ASIA;reversal;SHORT;1.00;1875.00;1878.01;1869.04;1878.04;SL;-304.00;3.01;-1.010
2023.02.15 04:40;2023.02.15 05:01;ASIA;reversal;SHORT;1.00;1854.79;1857.18;1850.07;1850.05;TP;474.00;2.39;1.983
2023.02.20 03:39;2023.02.20 04:08;ASIA;reversal;SHORT;1.00;1838.08;1841.24;1831.91;1841.29;SL;-321.00;3.16;-1.016
2023.02.21 03:37;2023.02.21 05:09;ASIA;reversal;LONG;1.00;1842.57;1840.69;1846.27;1840.63;SL;-194.00;1.88;-1.032
2023.02.22 03:51;2023.02.22 09:30;ASIA;reversal;SHORT;1.00;1835.07;1837.93;1829.35;1836.09;CLOSE;-102.00;2.86;-0.357
2023.02.22 17:26;2023.02.22 18:16;NY;reversal;LONG;1.00;1838.18;1834.36;1845.82;1834.36;SL;-382.00;3.82;-1.000
2023.02.24 04:09;2023.02.24 04:46;ASIA;reversal;LONG;1.00;1827.07;1824.50;1832.18;1824.45;SL;-262.00;2.57;-1.019
2023.02.27 03:58;2023.02.27 04:44;ASIA;reversal;LONG;1.00;1814.15;1812.34;1817.68;1812.34;SL;-181.00;1.81;-1.000
2023.02.27 17:42;2023.02.27 19:39;NY;reversal;SHORT;1.00;1814.45;1818.79;1805.95;1818.80;SL;-435.00;4.34;-1.002
2023.02.28 05:55;2023.02.28 09:22;ASIA;reversal;SHORT;1.00;1815.34;1817.59;1810.84;1810.80;TP;454.00;2.25;2.018
2023.03.02 19:17;2023.03.02 22:39;NY;reversal;SHORT;1.00;1833.00;1838.17;1822.78;1838.18;SL;-518.00;5.17;-1.002
2023.03.03 17:47;2023.03.03 21:32;NY;reversal;LONG;1.00;1845.52;1841.89;1852.45;1852.45;TP;693.00;3.63;1.909
2023.03.06 17:41;2023.03.06 17:59;NY;reversal;LONG;1.00;1853.92;1850.95;1859.59;1850.93;SL;-299.00;2.97;-1.007
2023.03.08 04:43;2023.03.08 08:50;ASIA;reversal;SHORT;1.00;1811.30;1813.56;1806.78;1813.59;SL;-229.00;2.26;-1.013
2023.03.13 05:28;2023.03.13 09:30;ASIA;reversal;LONG;0.85;1882.10;1875.14;1895.93;1879.29;CLOSE;-238.85;6.96;-0.404
2023.03.14 04:05;2023.03.14 04:42;ASIA;reversal;SHORT;1.00;1910.11;1912.17;1906.08;1906.03;TP;408.00;2.06;1.981
2023.03.16 03:49;2023.03.16 04:03;ASIA;reversal;SHORT;1.00;1920.34;1923.94;1913.14;1913.07;TP;727.00;3.60;2.019
2023.03.16 17:54;2023.03.16 23:00;NY;reversal;SHORT;0.76;1923.26;1931.14;1907.53;1920.70;CLOSE;194.56;7.88;0.325
2023.03.17 04:30;2023.03.17 05:38;ASIA;reversal;LONG;1.00;1922.46;1920.45;1926.18;1926.20;TP;374.00;2.01;1.861
2023.03.22 05:02;2023.03.22 07:05;ASIA;reversal;SHORT;1.00;1942.25;1944.26;1938.32;1938.31;TP;394.00;2.01;1.960
2023.03.23 04:06;2023.03.23 05:23;ASIA;reversal;SHORT;1.00;1969.57;1972.81;1963.12;1972.81;SL;-324.00;3.24;-1.000
2023.03.27 04:03;2023.03.27 04:33;ASIA;reversal;LONG;1.00;1976.26;1973.69;1980.95;1973.67;SL;-259.00;2.57;-1.008
2023.03.28 17:34;2023.03.28 23:00;NY;reversal;LONG;1.00;1965.94;1960.84;1976.14;1973.34;CLOSE;740.00;5.10;1.451
2023.03.29 18:58;2023.03.29 20:41;NY;reversal;SHORT;0.90;1961.41;1968.12;1948.41;1968.21;SL;-612.00;6.71;-1.013
2023.03.30 17:18;2023.03.30 19:00;NY;reversal;LONG;1.00;1968.57;1965.18;1975.23;1975.29;TP;672.00;3.39;1.982
2023.04.03 05:40;2023.04.03 09:30;ASIA;reversal;SHORT;1.00;1956.66;1962.55;1945.00;1954.57;CLOSE;209.00;5.89;0.355
2023.04.05 05:31;2023.04.05 05:46;ASIA;reversal;LONG;1.00;2022.46;2020.99;2025.25;2025.26;TP;280.00;1.47;1.905
2023.04.05 17:11;2023.04.05 23:00;NY;reversal;SHORT;0.74;2020.92;2029.09;2004.79;2021.23;CLOSE;-22.94;8.17;-0.038
2023.04.11 05:10;2023.04.11 09:20;ASIA;reversal;LONG;1.00;1995.39;1992.25;2001.55;2001.55;TP;616.00;3.14;1.962
2023.04.12 04:08;2023.04.12 04:17;ASIA;reversal;SHORT;1.00;2003.96;2005.21;2001.46;2005.27;SL;-131.00;1.25;-1.048
2023.04.13 17:36;2023.04.13 23:00;NY;reversal;SHORT;0.83;2039.69;2046.99;2025.27;2040.64;CLOSE;-78.85;7.30;-0.130
2023.04.17 04:00;2023.04.17 04:11;ASIA;reversal;SHORT;1.00;2001.45;2004.08;1996.28;1996.27;TP;518.00;2.63;1.970
2023.04.19 04:16;2023.04.19 05:39;ASIA;reversal;SHORT;1.00;2004.86;2006.74;2001.19;2006.81;SL;-195.00;1.88;-1.037
2023.04.20 04:31;2023.04.20 05:26;ASIA;reversal;LONG;1.00;1996.47;1993.40;2002.58;1993.35;SL;-312.00;3.07;-1.016
2023.04.20 17:54;2023.04.20 19:26;NY;reversal;SHORT;1.00;2002.94;2006.85;1995.21;2006.88;SL;-394.00;3.91;-1.008
2023.04.21 04:07;2023.04.21 04:31;ASIA;reversal;LONG;1.00;2005.44;2001.92;2012.45;2001.92;SL;-352.00;3.52;-1.000
2023.04.24 04:01;2023.04.24 04:03;ASIA;reversal;LONG;1.00;1984.63;1982.69;1988.27;1982.69;SL;-194.00;1.94;-1.000
2023.04.27 04:32;2023.04.27 05:24;ASIA;reversal;LONG;1.00;1992.15;1989.74;1996.97;1997.21;TP;506.00;2.41;2.100
2023.04.28 04:30;2023.04.28 04:38;ASIA;reversal;LONG;1.00;1987.41;1985.54;1991.15;1991.15;TP;374.00;1.87;2.000
2023.05.02 05:29;2023.05.02 05:48;ASIA;reversal;SHORT;1.00;1981.25;1983.20;1977.41;1983.21;SL;-196.00;1.95;-1.005
2023.05.03 17:48;2023.05.03 21:02;NY;reversal;LONG;0.87;2020.09;2013.09;2034.03;2034.15;TP;1223.22;7.00;2.009
2023.05.05 05:17;2023.05.05 06:26;ASIA;reversal;SHORT;1.00;2048.16;2049.91;2044.72;2049.92;SL;-176.00;1.75;-1.006
2023.05.05 18:13;2023.05.05 23:00;NY;reversal;LONG;0.57;2011.69;2001.05;2032.91;2017.78;CLOSE;347.13;10.64;0.572
2023.05.08 04:31;2023.05.08 07:16;ASIA;reversal;LONG;1.00;2018.41;2015.62;2023.96;2024.01;TP;560.00;2.79;2.007
2023.05.11 05:17;2023.05.11 06:07;ASIA;reversal;SHORT;1.00;2031.12;2033.21;2027.00;2033.25;SL;-213.00;2.09;-1.019
2023.05.12 03:41;2023.05.12 04:26;ASIA;reversal;SHORT;1.00;2016.20;2017.29;2014.23;2014.22;TP;198.00;1.09;1.817
2023.05.17 17:17;2023.05.17 23:00;NY;reversal;LONG;0.78;1984.34;1976.48;1999.88;1982.95;CLOSE;-108.42;7.86;-0.177
2023.05.18 17:40;2023.05.18 23:00;NY;reversal;SHORT;1.00;1955.25;1960.93;1947.82;1957.51;CLOSE;-226.00;5.68;-0.398
2023.05.19 04:07;2023.05.19 04:17;ASIA;reversal;LONG;1.00;1959.75;1958.24;1962.59;1958.23;SL;-152.00;1.51;-1.007
2023.05.19 18:06;2023.05.19 18:15;NY;reversal;LONG;1.00;1961.85;1957.89;1969.77;1969.80;TP;795.00;3.96;2.008
2023.05.22 03:58;2023.05.22 04:19;ASIA;reversal;LONG;1.00;1981.29;1978.75;1986.34;1978.70;SL;-259.00;2.54;-1.020
2023.05.22 17:08;2023.05.22 17:17;NY;reversal;LONG;1.00;1975.95;1971.27;1985.31;1971.26;SL;-469.00;4.68;-1.002
2023.05.24 03:58;2023.05.24 07:01;ASIA;reversal;SHORT;1.00;1974.69;1976.80;1970.65;1976.80;SL;-211.00;2.11;-1.000
2023.05.25 04:01;2023.05.25 04:07;ASIA;reversal;LONG;1.00;1960.21;1958.02;1964.44;1957.98;SL;-223.00;2.19;-1.018
2023.05.26 04:00;2023.05.26 04:58;ASIA;reversal;LONG;1.00;1941.65;1939.04;1946.75;1946.78;TP;513.00;2.61;1.966
2023.05.26 17:32;2023.05.26 23:00;NY;reversal;SHORT;1.00;1945.84;1950.44;1937.36;1947.61;CLOSE;-177.00;4.60;-0.385
2023.05.29 04:10;2023.05.29 09:24;ASIA;reversal;LONG;1.00;1943.93;1941.52;1948.72;1948.73;TP;480.00;2.41;1.992
2023.05.30 17:09;2023.05.30 23:00;NY;reversal;LONG;1.00;1956.81;1952.39;1965.23;1960.14;CLOSE;333.00;4.42;0.753
2023.05.31 04:33;2023.05.31 07:53;ASIA;reversal;SHORT;1.00;1957.38;1959.79;1952.80;1959.80;SL;-242.00;2.41;-1.004
2023.05.31 17:42;2023.05.31 22:26;NY;reversal;LONG;0.56;1973.64;1962.63;1995.66;1962.63;SL;-616.56;11.01;-1.000
2023.06.01 04:02;2023.06.01 04:13;ASIA;reversal;LONG;1.00;1967.40;1965.50;1971.14;1965.50;SL;-190.00;1.90;-1.000
2023.06.02 04:47;2023.06.02 05:51;ASIA;reversal;LONG;1.00;1977.48;1976.03;1980.38;1980.38;TP;290.00;1.45;2.000
2023.06.06 03:40;2023.06.06 04:00;ASIA;reversal;LONG;1.00;1961.66;1960.59;1963.71;1960.59;SL;-107.00;1.07;-1.000
2023.06.07 05:12;2023.06.07 05:22;ASIA;reversal;SHORT;1.00;1963.13;1964.53;1960.36;1964.56;SL;-143.00;1.40;-1.021
2023.06.09 04:06;2023.06.09 04:18;ASIA;reversal;LONG;1.00;1965.50;1964.17;1968.10;1964.15;SL;-135.00;1.33;-1.015
2023.06.14 19:25;2023.06.14 21:00;NY;reversal;SHORT;1.00;1954.94;1958.85;1947.15;1946.97;TP;797.00;3.91;2.038
2023.06.16 04:39;2023.06.16 05:10;ASIA;reversal;LONG;1.00;1959.37;1957.67;1962.77;1957.58;SL;-179.00;1.70;-1.053
2023.06.16 17:20;2023.06.16 23:00;NY;reversal;SHORT;0.95;1956.35;1962.82;1943.50;1955.57;CLOSE;74.10;6.47;0.121
2023.06.19 17:53;2023.06.19 18:39;NY;reversal;LONG;1.00;1953.29;1951.70;1956.47;1951.70;SL;-159.00;1.59;-1.000
2023.06.21 04:37;2023.06.21 04:58;ASIA;reversal;LONG;1.00;1938.19;1936.23;1942.11;1936.21;SL;-198.00;1.96;-1.010
2023.06.22 04:43;2023.06.22 05:02;ASIA;reversal;LONG;1.00;1933.93;1932.84;1936.05;1932.78;SL;-115.00;1.09;-1.055
2023.06.23 04:31;2023.06.23 05:58;ASIA;reversal;SHORT;1.00;1913.97;1915.71;1910.49;1910.45;TP;352.00;1.74;2.023
2023.06.26 05:01;2023.06.26 05:14;ASIA;reversal;SHORT;1.00;1924.64;1926.31;1921.33;1926.32;SL;-168.00;1.67;-1.006
2023.06.27 03:53;2023.06.27 04:01;ASIA;reversal;SHORT;1.00;1922.16;1923.47;1919.63;1923.52;SL;-136.00;1.31;-1.038
2023.06.29 05:06;2023.06.29 06:00;ASIA;reversal;SHORT;1.00;1907.89;1909.68;1904.46;1904.44;TP;345.00;1.79;1.927
2023.06.30 04:32;2023.06.30 05:02;ASIA;reversal;SHORT;1.00;1907.46;1908.97;1904.44;1909.00;SL;-154.00;1.51;-1.020
2023.07.03 04:38;2023.07.03 04:44;ASIA;reversal;LONG;1.00;1918.83;1917.67;1920.97;1917.66;SL;-117.00;1.16;-1.009
2023.07.04 04:05;2023.07.04 04:15;ASIA;reversal;SHORT;1.00;1920.77;1921.67;1919.06;1921.69;SL;-92.00;0.90;-1.022
2023.07.04 17:07;2023.07.04 17:58;NY;reversal;LONG;1.00;1928.88;1927.81;1931.02;1927.73;SL;-115.00;1.07;-1.075
2023.07.05 04:07;2023.07.05 04:31;ASIA;reversal;SHORT;1.00;1925.72;1926.65;1923.86;1926.67;SL;-95.00;0.93;-1.022
2023.07.06 04:00;2023.07.06 08:31;ASIA;reversal;LONG;1.00;1917.62;1916.29;1920.28;1920.28;TP;266.00;1.33;2.000
2023.07.07 06:13;2023.07.07 06:31;ASIA;reversal;LONG;1.00;1912.34;1911.32;1914.38;1911.32;SL;-102.00;1.02;-1.000
2023.07.11 19:05;2023.07.11 23:00;NY;reversal;SHORT;1.00;1929.36;1933.97;1920.20;1932.65;CLOSE;-329.00;4.61;-0.714
2023.07.13 04:12;2023.07.13 04:19;ASIA;reversal;LONG;1.00;1958.88;1956.93;1962.66;1956.92;SL;-196.00;1.95;-1.005
2023.07.13 18:52;2023.07.13 20:50;NY;reversal;SHORT;1.00;1956.65;1960.38;1949.19;1960.48;SL;-383.00;3.73;-1.027
2023.07.14 04:27;2023.07.14 05:03;ASIA;reversal;LONG;1.00;1960.58;1959.13;1963.45;1963.48;TP;290.00;1.45;2.000
2023.07.14 18:00;2023.07.14 22:43;NY;reversal;LONG;1.00;1960.93;1955.52;1971.63;1955.52;SL;-541.00;5.41;-1.000
2023.07.17 04:54;2023.07.17 05:55;ASIA;reversal;SHORT;1.00;1952.37;1953.62;1949.87;1953.62;SL;-125.00;1.25;-1.000
2023.07.19 04:28;2023.07.19 04:34;ASIA;reversal;SHORT;1.00;1976.52;1977.81;1973.97;1977.82;SL;-130.00;1.29;-1.008
2023.07.21 04:10;2023.07.21 04:31;ASIA;reversal;SHORT;1.00;1971.58;1972.58;1969.61;1972.58;SL;-100.00;1.00;-1.000
2023.07.21 17:38;2023.07.21 18:00;NY;reversal;LONG;1.00;1964.32;1959.04;1974.88;1959.01;SL;-531.00;5.28;-1.006
2023.07.24 03:51;2023.07.24 03:59;ASIA;reversal;SHORT;1.00;1960.69;1961.80;1958.50;1961.86;SL;-117.00;1.11;-1.054
2023.07.25 17:56;2023.07.25 23:00;NY;reversal;LONG;1.00;1961.17;1955.79;1971.54;1964.43;CLOSE;326.00;5.38;0.606
2023.07.27 03:41;2023.07.27 04:03;ASIA;reversal;LONG;1.00;1972.44;1971.51;1974.27;1974.27;TP;183.00;0.93;1.968
2023.08.01 17:31;2023.08.01 23:00;NY;reversal;SHORT;1.00;1944.39;1948.72;1935.73;1944.56;CLOSE;-17.00;4.33;-0.039
2023.08.03 04:24;2023.08.03 06:01;ASIA;reversal;LONG;1.00;1936.97;1935.62;1939.61;1935.60;SL;-137.00;1.35;-1.015
2023.08.04 05:25;2023.08.04 05:37;ASIA;reversal;SHORT;1.00;1934.75;1935.92;1932.41;1935.94;SL;-119.00;1.17;-1.017
2023.08.09 03:52;2023.08.09 04:15;ASIA;reversal;SHORT;1.00;1925.42;1926.21;1923.84;1926.22;SL;-80.00;0.79;-1.013
2023.08.09 17:31;2023.08.09 23:00;NY;reversal;SHORT;1.00;1920.70;1925.63;1913.15;1915.66;CLOSE;504.00;4.93;1.022
2023.08.10 03:45;2023.08.10 04:11;ASIA;reversal;LONG;1.00;1916.81;1915.61;1919.15;1915.60;SL;-121.00;1.20;-1.008
2023.08.14 06:22;2023.08.14 09:30;ASIA;reversal;LONG;1.00;1913.66;1910.94;1919.10;1913.09;CLOSE;-57.00;2.72;-0.210
2023.08.15 04:49;2023.08.15 04:58;ASIA;reversal;LONG;1.00;1907.77;1906.16;1910.81;1906.14;SL;-163.00;1.61;-1.012
2023.08.16 04:26;2023.08.16 09:00;ASIA;reversal;LONG;1.00;1902.42;1900.89;1905.45;1905.51;TP;309.00;1.53;2.020
2023.08.17 05:05;2023.08.17 09:30;ASIA;reversal;LONG;1.00;1893.30;1891.93;1896.04;1894.55;CLOSE;125.00;1.37;0.912
2023.08.21 03:59;2023.08.21 04:33;ASIA;reversal;SHORT;1.00;1889.76;1890.83;1887.65;1887.65;TP;211.00;1.07;1.972
2023.08.25 04:23;2023.08.25 05:42;ASIA;reversal;LONG;1.00;1916.53;1915.11;1919.37;1915.09;SL;-144.00;1.42;-1.014
2023.08.30 05:21;2023.08.30 06:19;ASIA;reversal;LONG;1.00;1937.24;1935.89;1939.85;1935.89;SL;-135.00;1.35;-1.000
2023.08.31 18:36;2023.08.31 23:00;NY;reversal;SHORT;1.00;1940.27;1944.52;1931.86;1940.13;CLOSE;14.00;4.25;0.033
2023.09.01 04:00;2023.09.01 04:12;ASIA;reversal;LONG;1.00;1940.25;1938.83;1942.94;1942.94;TP;269.00;1.42;1.894
2023.09.05 04:46;2023.09.05 04:52;ASIA;reversal;SHORT;1.00;1936.90;1937.59;1935.52;1935.46;TP;144.00;0.69;2.087
2023.09.08 18:12;2023.09.08 23:00;NY;reversal;SHORT;0.82;1921.43;1928.87;1906.55;1919.35;CLOSE;170.56;7.44;0.280
2023.09.12 04:12;2023.09.12 04:24;ASIA;reversal;LONG;1.00;1922.58;1921.17;1925.40;1921.17;SL;-141.00;1.41;-1.000
2023.09.13 04:16;2023.09.13 04:26;ASIA;reversal;LONG;1.00;1913.67;1912.62;1915.74;1912.61;SL;-106.00;1.05;-1.010
2023.09.14 05:22;2023.09.14 05:42;ASIA;reversal;SHORT;1.00;1908.92;1910.53;1905.70;1910.56;SL;-164.00;1.61;-1.019
2023.09.14 17:34;2023.09.14 23:00;NY;reversal;LONG;1.00;1907.04;1901.91;1917.21;1909.35;CLOSE;231.00;5.13;0.450
2023.09.18 17:23;2023.09.18 23:00;NY;reversal;LONG;1.00;1927.72;1923.40;1936.27;1933.23;CLOSE;551.00;4.32;1.275
2023.09.20 06:26;2023.09.20 07:15;ASIA;reversal;LONG;1.00;1931.56;1930.33;1933.84;1930.28;SL;-128.00;1.23;-1.041
2023.09.22 19:52;2023.09.22 23:00;NY;reversal;SHORT;1.00;1924.86;1928.36;1917.86;1925.60;CLOSE;-74.00;3.50;-0.211
2023.09.25 04:44;2023.09.25 09:30;ASIA;reversal;SHORT;1.00;1923.20;1924.88;1919.84;1921.40;CLOSE;180.00;1.68;1.071
2023.09.26 18:05;2023.09.26 23:00;NY;reversal;SHORT;1.00;1904.57;1907.37;1899.06;1900.71;CLOSE;386.00;2.80;1.379
2023.09.27 04:31;2023.09.27 04:44;ASIA;reversal;LONG;1.00;1902.42;1901.56;1904.14;1901.56;SL;-86.00;0.86;-1.000
2023.10.03 17:35;2023.10.03 18:33;NY;reversal;LONG;0.73;1831.62;1823.22;1847.37;1823.21;SL;-613.93;8.40;-1.001
2023.10.04 04:35;2023.10.04 04:55;ASIA;reversal;SHORT;1.00;1821.81;1823.79;1817.91;1823.80;SL;-199.00;1.98;-1.005
2023.10.04 18:18;2023.10.04 21:07;NY;reversal;LONG;0.83;1825.02;1817.71;1839.61;1817.71;SL;-606.73;7.31;-1.000
2023.10.06 04:33;2023.10.06 09:23;ASIA;reversal;LONG;1.00;1821.92;1820.25;1825.26;1820.24;SL;-168.00;1.67;-1.006
2023.10.09 03:45;2023.10.09 09:18;ASIA;reversal;LONG;1.00;1848.84;1846.50;1853.46;1853.46;TP;462.00;2.34;1.974
2023.10.10 17:49;2023.10.10 18:04;NY;reversal;SHORT;1.00;1853.75;1857.52;1846.30;1857.53;SL;-378.00;3.77;-1.003
2023.10.12 04:05;2023.10.12 04:12;ASIA;reversal;SHORT;1.00;1874.70;1875.73;1872.70;1875.74;SL;-104.00;1.03;-1.010
2023.10.13 03:48;2023.10.13 07:24;ASIA;reversal;LONG;1.00;1872.10;1870.49;1875.26;1875.30;TP;320.00;1.61;1.988
2023.10.19 18:22;2023.10.19 20:21;NY;reversal;LONG;0.95;1956.38;1949.99;1969.13;1969.18;TP;1216.00;6.39;2.003
2023.10.20 04:42;2023.10.20 09:30;ASIA;reversal;LONG;1.00;1977.38;1974.11;1983.86;1976.51;CLOSE;-87.00;3.27;-0.266
2023.10.23 05:37;2023.10.23 09:30;ASIA;reversal;LONG;1.00;1973.15;1969.89;1979.61;1976.48;CLOSE;333.00;3.26;1.021
2023.10.24 03:47;2023.10.24 04:04;ASIA;reversal;SHORT;1.00;1973.21;1975.63;1968.49;1975.66;SL;-245.00;2.42;-1.012
2023.10.25 03:49;2023.10.25 03:58;ASIA;reversal;SHORT;1.00;1972.36;1974.22;1968.76;1974.23;SL;-187.00;1.86;-1.005
2023.10.26 04:20;2023.10.26 07:16;ASIA;reversal;LONG;1.00;1984.66;1982.64;1988.70;1988.70;TP;404.00;2.02;2.000
2023.10.26 19:11;2023.10.26 23:00;NY;reversal;LONG;1.00;1981.82;1977.18;1991.04;1984.32;CLOSE;250.00;4.64;0.539
2023.10.27 18:54;2023.10.27 20:06;NY;reversal;SHORT;0.97;1978.70;1985.04;1966.02;1985.04;SL;-614.98;6.34;-1.000
2023.10.30 05:22;2023.10.30 09:23;ASIA;reversal;SHORT;1.00;2002.14;2004.65;1997.36;1997.34;TP;480.00;2.51;1.912
2023.10.30 17:38;2023.10.30 23:00;NY;reversal;SHORT;1.00;1995.95;2000.97;1985.91;1996.03;CLOSE;-8.00;5.02;-0.016
2023.10.31 05:53;2023.10.31 09:30;ASIA;reversal;SHORT;1.00;1994.26;1996.21;1990.36;1993.69;CLOSE;57.00;1.95;0.292
2023.10.31 18:11;2023.10.31 23:00;NY;reversal;SHORT;0.64;1994.51;2004.02;1975.52;1984.96;CLOSE;611.20;9.51;1.004
2023.11.01 18:37;2023.11.01 21:45;NY;reversal;SHORT;1.00;1981.03;1986.15;1970.85;1970.84;TP;1019.00;5.12;1.990
2023.11.02 04:06;2023.11.02 05:52;ASIA;reversal;LONG;1.00;1986.21;1984.46;1989.41;1984.45;SL;-176.00;1.75;-1.006
2023.11.03 05:30;2023.11.03 09:30;ASIA;reversal;LONG;1.00;1986.18;1984.90;1988.74;1987.05;CLOSE;87.00;1.28;0.680
2023.11.06 04:40;2023.11.06 05:29;ASIA;reversal;SHORT;1.00;1989.60;1992.42;1983.96;1983.94;TP;566.00;2.82;2.007
2023.11.08 04:13;2023.11.08 04:50;ASIA;reversal;LONG;1.00;1969.86;1967.86;1973.86;1967.86;SL;-200.00;2.00;-1.000
2023.11.13 04:53;2023.11.13 09:30;ASIA;reversal;SHORT;1.00;1937.95;1940.36;1933.13;1939.49;CLOSE;-154.00;2.41;-0.639
2023.11.13 17:06;2023.11.13 18:30;NY;reversal;LONG;1.00;1936.08;1932.44;1943.36;1943.36;TP;728.00;3.64;2.000
2023.11.16 04:47;2023.11.16 08:14;ASIA;reversal;LONG;1.00;1959.80;1957.70;1963.94;1963.97;TP;417.00;2.10;1.986
2023.11.17 05:56;2023.11.17 08:25;ASIA;reversal;LONG;1.00;1986.94;1983.99;1992.69;1983.87;SL;-307.00;2.95;-1.041
2023.11.21 18:22;2023.11.21 23:00;NY;reversal;SHORT;1.00;2001.32;2007.24;1989.48;1999.23;CLOSE;209.00;5.92;0.353
2023.11.24 17:30;2023.11.27 01:01;NY;reversal;SHORT;1.00;1999.40;2003.04;1992.24;2002.50;CLOSE;-270.55;3.64;-0.852
2023.11.27 17:05;2023.11.27 17:16;NY;reversal;SHORT;1.00;2010.63;2012.93;2006.03;2012.93;SL;-230.00;2.30;-1.000
2023.11.29 17:10;2023.11.29 19:32;NY;reversal;SHORT;1.00;2040.06;2045.57;2029.13;2045.62;SL;-556.00;5.51;-1.009
2023.11.30 05:01;2023.11.30 05:08;ASIA;reversal;LONG;1.00;2046.61;2044.99;2049.85;2044.97;SL;-164.00;1.62;-1.012
2023.12.04 17:22;2023.12.04 17:26;NY;reversal;SHORT;0.84;2043.24;2050.60;2028.76;2028.58;TP;1231.44;7.36;1.992
2023.12.05 06:02;2023.12.05 06:31;ASIA;reversal;LONG;1.00;2038.45;2035.29;2044.62;2035.21;SL;-324.00;3.16;-1.025
2023.12.05 17:35;2023.12.05 23:00;NY;reversal;SHORT;0.62;2015.41;2025.55;1995.19;2019.33;CLOSE;-243.04;10.14;-0.387
2023.12.06 05:20;2023.12.06 09:25;ASIA;reversal;LONG;1.00;2022.62;2019.66;2028.54;2028.59;TP;597.00;2.96;2.017
2023.12.07 04:15;2023.12.07 05:42;ASIA;reversal;LONG;1.00;2029.52;2027.00;2034.53;2026.99;SL;-253.00;2.52;-1.004
2023.12.08 18:12;2023.12.08 23:00;NY;reversal;SHORT;0.95;2004.22;2010.81;1991.22;2003.04;CLOSE;112.10;6.59;0.179
2023.12.12 05:33;2023.12.12 09:30;ASIA;reversal;LONG;1.00;1986.25;1984.18;1990.39;1986.96;CLOSE;71.00;2.07;0.343
2023.12.15 04:09;2023.12.15 04:29;ASIA;reversal;LONG;1.00;2033.72;2032.04;2036.99;2037.01;TP;329.00;1.68;1.958
2023.12.18 04:15;2023.12.18 09:30;ASIA;reversal;LONG;1.00;2023.47;2019.13;2032.09;2023.48;CLOSE;1.00;4.34;0.002
2023.12.20 04:54;2023.12.20 09:28;ASIA;reversal;LONG;1.00;2039.91;2038.28;2043.17;2043.30;TP;339.00;1.63;2.080
2023.12.22 17:24;2023.12.22 18:45;NY;reversal;SHORT;1.00;2065.04;2070.03;2055.06;2055.06;TP;998.00;4.99;2.000
2023.12.28 19:06;2023.12.28 23:00;NY;reversal;SHORT;0.96;2072.74;2079.39;2059.44;2066.67;CLOSE;582.72;6.65;0.913
2024.01.02 05:15;2024.01.02 09:30;ASIA;reversal;LONG;1.00;2069.84;2064.83;2079.86;2075.26;CLOSE;542.00;5.01;1.082
2024.01.03 18:01;2024.01.03 21:30;NY;reversal;SHORT;0.81;2031.70;2039.63;2015.87;2039.63;SL;-642.33;7.93;-1.000
2024.01.04 04:01;2024.01.04 08:26;ASIA;reversal;LONG;1.00;2043.24;2040.66;2048.37;2048.37;TP;513.00;2.58;1.988
2024.01.05 19:10;2024.01.05 21:07;NY;reversal;SHORT;0.85;2041.66;2049.20;2026.58;2049.20;SL;-640.90;7.54;-1.000
2024.01.09 04:22;2024.01.09 07:27;ASIA;reversal;LONG;1.00;2035.56;2032.10;2042.48;2032.10;SL;-346.00;3.46;-1.000
2024.01.11 03:42;2024.01.11 03:48;ASIA;reversal;SHORT;1.00;2027.34;2028.75;2024.58;2028.75;SL;-141.00;1.41;-1.000
2024.01.15 17:50;2024.01.16 01:01;NY;reversal;LONG;1.00;2053.17;2051.58;2056.35;2054.88;CLOSE;107.12;1.59;1.075
2024.01.16 04:51;2024.01.16 09:30;ASIA;reversal;SHORT;1.00;2049.88;2052.43;2044.78;2049.87;CLOSE;1.00;2.55;0.004
2024.01.17 05:20;2024.01.17 07:10;ASIA;reversal;SHORT;1.00;2026.65;2029.03;2021.89;2021.86;TP;479.00;2.38;2.013
2024.01.18 04:28;2024.01.18 07:15;ASIA;reversal;SHORT;1.00;2009.46;2011.12;2006.14;2006.14;TP;332.00;1.66;2.000
2024.01.19 05:32;2024.01.19 09:01;ASIA;reversal;SHORT;1.00;2021.99;2024.40;2017.26;2024.40;SL;-241.00;2.41;-1.000
2024.02.01 17:43;2024.02.01 18:25;NY;reversal;LONG;1.00;2050.83;2045.71;2061.04;2061.04;TP;1021.00;5.12;1.994
2024.02.05 04:50;2024.02.05 07:05;ASIA;reversal;SHORT;1.00;2034.47;2036.82;2029.77;2029.77;TP;470.00;2.35;2.000
2024.02.05 19:30;2024.02.05 23:00;NY;reversal;LONG;0.98;2023.65;2017.04;2036.84;2024.94;CLOSE;126.42;6.61;0.195
2024.02.08 03:50;2024.02.08 03:57;ASIA;reversal;LONG;1.00;2038.07;2037.13;2039.92;2037.13;SL;-94.00;0.94;-1.000
2024.02.09 17:23;2024.02.09 20:09;NY;reversal;SHORT;1.00;2023.01;2026.30;2016.43;2026.32;SL;-331.00;3.29;-1.006
2024.02.12 19:52;2024.02.12 23:00;NY;reversal;LONG;1.00;2018.61;2013.20;2029.31;2020.02;CLOSE;141.00;5.41;0.261
2024.02.14 18:30;2024.02.14 23:00;NY;reversal;LONG;1.00;1992.22;1986.22;2004.22;1991.10;CLOSE;-112.00;6.00;-0.187
2024.02.19 19:31;2024.02.20 01:01;NY;reversal;LONG;1.00;2017.70;2015.89;2021.29;2017.39;CLOSE;-94.88;1.81;-0.171
2024.02.21 17:48;2024.02.21 21:00;NY;reversal;SHORT;1.00;2026.98;2029.96;2021.02;2021.01;TP;597.00;2.98;2.003
2024.02.22 05:57;2024.02.22 06:32;ASIA;reversal;SHORT;1.00;2026.20;2027.82;2022.99;2027.84;SL;-164.00;1.62;-1.012
2024.02.23 04:55;2024.02.23 08:27;ASIA;reversal;SHORT;1.00;2024.37;2026.87;2019.37;2019.37;TP;500.00;2.50;2.000
2024.02.26 17:53;2024.02.26 23:00;NY;reversal;LONG;1.00;2029.08;2025.70;2035.84;2032.32;CLOSE;324.00;3.38;0.959
2024.02.28 17:32;2024.02.28 21:02;NY;reversal;LONG;1.00;2034.01;2031.06;2039.91;2031.06;SL;-295.00;2.95;-1.000
2024.02.29 18:14;2024.02.29 23:00;NY;reversal;SHORT;1.00;2045.92;2050.25;2037.29;2044.08;CLOSE;184.00;4.33;0.425
2024.03.04 04:38;2024.03.04 05:12;ASIA;reversal;LONG;1.00;2082.89;2080.46;2087.75;2080.44;SL;-245.00;2.43;-1.008
2024.03.05 17:53;2024.03.05 20:28;NY;reversal;SHORT;0.78;2124.97;2133.24;2108.46;2133.24;SL;-645.06;8.27;-1.000
2024.03.06 18:57;2024.03.06 23:00;NY;reversal;LONG;0.64;2149.17;2139.14;2169.20;2146.62;CLOSE;-163.20;10.03;-0.254
2024.03.11 04:46;2024.03.11 09:30;ASIA;reversal;SHORT;1.00;2179.44;2183.33;2171.66;2179.00;CLOSE;44.00;3.89;0.113
2024.03.11 18:39;2024.03.11 21:26;NY;reversal;LONG;0.85;2185.11;2177.54;2200.25;2177.53;SL;-644.30;7.57;-1.001
2024.03.12 17:51;2024.03.12 20:58;NY;reversal;LONG;0.75;2164.71;2156.13;2181.84;2156.13;SL;-643.50;8.58;-1.000
2024.03.14 04:33;2024.03.14 08:05;ASIA;reversal;SHORT;1.00;2174.00;2175.84;2170.32;2170.31;TP;369.00;1.84;2.005
2024.03.18 04:04;2024.03.18 04:21;ASIA;reversal;SHORT;1.00;2154.99;2156.76;2151.45;2151.44;TP;355.00;1.77;2.006
2024.03.18 19:04;2024.03.18 19:26;NY;reversal;SHORT;1.00;2155.46;2158.13;2150.15;2158.14;SL;-268.00;2.67;-1.004
2024.03.19 19:17;2024.03.19 23:00;NY;reversal;LONG;1.00;2155.92;2150.50;2166.73;2157.73;CLOSE;181.00;5.42;0.334
2024.03.20 03:53;2024.03.20 09:30;ASIA;reversal;LONG;1.00;2157.17;2155.31;2160.86;2156.53;CLOSE;-64.00;1.86;-0.344
2024.03.21 04:07;2024.03.21 09:30;ASIA;reversal;LONG;0.80;2203.98;2195.93;2220.05;2206.77;CLOSE;223.20;8.05;0.347
2024.03.22 04:36;2024.03.22 04:59;ASIA;reversal;SHORT;1.00;2180.97;2184.48;2173.95;2173.94;TP;703.00;3.51;2.003
2024.03.26 04:02;2024.03.26 04:15;ASIA;reversal;SHORT;1.00;2172.31;2173.38;2170.17;2173.39;SL;-108.00;1.07;-1.009
2024.03.27 04:07;2024.03.27 04:34;ASIA;reversal;LONG;1.00;2180.17;2177.33;2185.79;2177.31;SL;-286.00;2.84;-1.007
2024.04.02 04:06;2024.04.02 05:51;ASIA;reversal;SHORT;1.00;2247.77;2251.97;2239.40;2251.97;SL;-420.00;4.20;-1.000
2024.04.02 17:56;2024.04.02 20:59;NY;reversal;SHORT;0.71;2257.73;2266.78;2239.72;2266.82;SL;-645.39;9.05;-1.004
2024.04.03 04:09;2024.04.03 06:13;ASIA;reversal;SHORT;1.00;2279.22;2285.47;2266.75;2285.47;SL;-625.00;6.25;-1.000
2024.04.08 04:27;2024.04.08 04:58;ASIA;reversal;LONG;1.00;2312.07;2306.33;2323.55;2323.55;TP;1148.00;5.74;2.000
2024.04.09 04:10;2024.04.09 04:34;ASIA;reversal;LONG;1.00;2341.69;2338.53;2348.01;2348.01;TP;632.00;3.16;2.000
2024.04.09 17:39;2024.04.09 23:00;NY;reversal;SHORT;0.79;2352.86;2361.02;2336.54;2351.16;CLOSE;134.30;8.16;0.208
2024.04.11 19:43;2024.04.11 21:06;NY;reversal;LONG;1.00;2347.56;2341.44;2359.41;2359.41;TP;1185.00;6.12;1.936
2024.04.12 18:30;2024.04.12 19:45;NY;reversal;SHORT;0.50;2393.43;2406.50;2367.32;2367.28;TP;1307.50;13.07;2.001
2024.04.15 19:42;2024.04.15 22:07;NY;reversal;LONG;0.53;2355.51;2343.14;2380.25;2380.26;TP;1311.75;12.37;2.001
2024.04.16 04:15;2024.04.16 05:50;ASIA;reversal;SHORT;1.00;2380.09;2384.93;2370.44;2384.94;SL;-485.00;4.84;-1.002
2024.04.16 17:52;2024.04.16 23:00;NY;reversal;LONG;0.50;2378.58;2365.30;2405.14;2389.65;CLOSE;553.50;13.28;0.834
2024.04.17 06:28;2024.04.17 09:17;ASIA;reversal;SHORT;1.00;2381.02;2384.68;2373.70;2373.70;TP;732.00;3.66;2.000
2024.04.17 17:45;2024.04.17 18:15;NY;reversal;LONG;0.93;2395.12;2387.91;2409.51;2387.91;SL;-670.53;7.21;-1.000
2024.04.18 04:28;2024.04.18 05:10;ASIA;reversal;SHORT;1.00;2366.84;2369.76;2361.03;2369.76;SL;-292.00;2.92;-1.000
2024.04.22 19:21;2024.04.22 23:00;NY;reversal;SHORT;0.72;2331.16;2340.31;2312.89;2329.36;CLOSE;129.60;9.15;0.197
2024.04.23 03:36;2024.04.23 03:53;ASIA;reversal;LONG;1.00;2333.78;2331.13;2339.08;2331.08;SL;-270.00;2.65;-1.019
2024.04.25 06:10;2024.04.25 06:14;ASIA;reversal;SHORT;1.00;2315.38;2318.53;2309.17;2309.14;TP;624.00;3.15;1.981
2024.04.26 04:33;2024.04.26 05:17;ASIA;reversal;LONG;1.00;2331.39;2329.24;2335.66;2335.69;TP;430.00;2.15;2.000
2024.04.30 05:10;2024.04.30 05:39;ASIA;reversal;SHORT;1.00;2331.69;2334.03;2327.04;2327.02;TP;467.00;2.34;1.996
2024.05.01 17:45;2024.05.01 17:56;NY;reversal;SHORT;1.00;2299.46;2303.41;2291.56;2303.41;SL;-395.00;3.95;-1.000
2024.05.02 04:28;2024.05.02 05:02;ASIA;reversal;SHORT;1.00;2322.90;2325.53;2317.64;2325.55;SL;-265.00;2.63;-1.008
2024.05.03 05:19;2024.05.03 07:32;ASIA;reversal;SHORT;1.00;2300.28;2304.72;2291.43;2304.72;SL;-444.00;4.44;-1.000
2024.05.07 04:24;2024.05.07 05:15;ASIA;reversal;SHORT;1.00;2325.50;2328.33;2319.87;2319.85;TP;565.00;2.83;1.996
2024.05.07 17:57;2024.05.07 23:00;NY;reversal;SHORT;1.00;2316.67;2321.74;2306.62;2314.72;CLOSE;195.00;5.07;0.385
2024.05.10 17:22;2024.05.10 19:52;NY;reversal;SHORT;1.00;2363.56;2369.05;2352.67;2369.06;SL;-550.00;5.49;-1.002
2024.05.13 04:13;2024.05.13 08:10;ASIA;reversal;SHORT;1.00;2359.80;2362.90;2353.63;2353.62;TP;618.00;3.10;1.994
2024.05.14 04:10;2024.05.14 05:11;ASIA;reversal;LONG;1.00;2339.71;2337.69;2343.72;2343.73;TP;402.00;2.02;1.990
2024.05.15 03:38;2024.05.15 04:10;ASIA;reversal;SHORT;1.00;2355.40;2356.58;2353.10;2356.58;SL;-118.00;1.18;-1.000
2024.05.16 04:55;2024.05.16 08:36;ASIA;reversal;SHORT;1.00;2390.19;2394.31;2381.98;2394.31;SL;-412.00;4.12;-1.000
2024.05.16 18:20;2024.05.16 23:00;NY;reversal;LONG;0.90;2379.14;2371.69;2394.01;2378.10;CLOSE;-93.60;7.45;-0.140
2024.05.17 05:24;2024.05.17 05:44;ASIA;reversal;LONG;1.00;2379.58;2377.74;2383.26;2377.73;SL;-185.00;1.84;-1.005
2024.05.21 03:49;2024.05.21 04:26;ASIA;reversal;LONG;1.00;2427.67;2424.94;2433.10;2433.10;TP;543.00;2.73;1.989
2024.05.21 18:43;2024.05.21 23:00;NY;reversal;SHORT;1.00;2424.70;2430.78;2412.54;2423.46;CLOSE;124.00;6.08;0.204
2024.05.22 04:17;2024.05.22 04:24;ASIA;reversal;LONG;1.00;2423.15;2421.56;2426.24;2421.56;SL;-159.00;1.59;-1.000
2024.05.24 04:19;2024.05.24 05:26;ASIA;reversal;LONG;1.00;2332.32;2328.02;2340.89;2328.01;SL;-431.00;4.30;-1.002
2024.05.27 04:09;2024.05.27 05:45;ASIA;reversal;LONG;1.00;2337.41;2335.49;2341.25;2341.25;TP;384.00;1.92;2.000
2024.05.28 04:34;2024.05.28 06:21;ASIA;reversal;LONG;1.00;2353.56;2351.28;2358.12;2351.28;SL;-228.00;2.28;-1.000
2024.05.30 04:13;2024.05.30 04:35;ASIA;reversal;LONG;1.00;2338.41;2335.62;2343.99;2335.62;SL;-279.00;2.79;-1.000
2024.05.30 18:17;2024.05.30 20:00;NY;reversal;SHORT;1.00;2342.63;2348.68;2330.53;2348.68;SL;-605.00;6.05;-1.000
2024.06.03 03:48;2024.06.03 04:21;ASIA;reversal;LONG;1.00;2326.30;2324.24;2330.36;2330.36;TP;406.00;2.06;1.971
2024.06.04 03:57;2024.06.04 04:02;ASIA;reversal;SHORT;1.00;2350.25;2352.03;2346.72;2352.03;SL;-178.00;1.78;-1.000
2024.06.05 04:01;2024.06.05 04:44;ASIA;reversal;SHORT;1.00;2327.72;2329.23;2324.70;2329.23;SL;-151.00;1.51;-1.000
2024.06.05 17:23;2024.06.05 23:00;NY;reversal;LONG;0.86;2345.92;2338.20;2361.36;2354.06;CLOSE;700.04;7.72;1.054
2024.06.06 18:03;2024.06.06 23:00;NY;reversal;LONG;0.90;2367.02;2359.63;2381.80;2372.51;CLOSE;494.10;7.39;0.743
2024.06.07 04:10;2024.06.07 04:28;ASIA;reversal;SHORT;1.00;2376.12;2378.29;2371.78;2371.77;TP;435.00;2.17;2.005
2024.06.10 05:05;2024.06.10 07:02;ASIA;reversal;LONG;1.00;2299.78;2294.16;2310.99;2294.12;SL;-566.00;5.62;-1.007
2024.06.11 04:00;2024.06.11 04:02;ASIA;reversal;SHORT;1.00;2309.07;2310.21;2306.79;2306.79;TP;228.00;1.14;2.000
2024.06.11 19:16;2024.06.11 21:27;NY;reversal;SHORT;1.00;2309.38;2315.19;2297.79;2315.21;SL;-583.00;5.81;-1.003
2024.06.13 04:08;2024.06.13 04:36;ASIA;reversal;SHORT;1.00;2317.62;2321.72;2309.45;2309.45;TP;817.00;4.10;1.993
2024.06.14 18:52;2024.06.14 20:21;NY;reversal;SHORT;0.77;2324.19;2332.88;2306.84;2332.89;SL;-669.90;8.69;-1.001
2024.06.17 04:20;2024.06.17 05:00;ASIA;reversal;LONG;1.00;2328.96;2325.24;2336.37;2325.23;SL;-373.00;3.72;-1.003
2024.06.17 17:29;2024.06.17 18:30;NY;reversal;LONG;1.00;2325.75;2319.08;2339.06;2319.08;SL;-667.00;6.67;-1.000
2024.06.18 04:17;2024.06.18 04:32;ASIA;reversal;SHORT;1.00;2320.71;2323.18;2315.77;2323.18;SL;-247.00;2.47;-1.000
2024.06.19 04:07;2024.06.19 04:42;ASIA;reversal;SHORT;1.00;2328.08;2329.78;2324.74;2329.78;SL;-170.00;1.70;-1.000
2024.06.19 19:00;2024.06.19 21:30;NY;reversal;LONG;1.00;2330.42;2327.94;2335.38;2327.89;SL;-253.00;2.48;-1.020
2024.06.21 04:15;2024.06.21 07:51;ASIA;reversal;SHORT;1.00;2360.81;2363.08;2356.30;2363.08;SL;-227.00;2.27;-1.000
2024.06.25 04:03;2024.06.25 04:10;ASIA;reversal;LONG;1.00;2330.94;2329.06;2334.64;2329.05;SL;-189.00;1.88;-1.005
2024.06.25 18:25;2024.06.25 23:00;NY;reversal;SHORT;1.00;2320.28;2326.06;2308.72;2319.93;CLOSE;35.00;5.78;0.061
2024.06.27 05:52;2024.06.27 06:39;ASIA;reversal;LONG;1.00;2300.10;2298.10;2304.10;2298.07;SL;-203.00;2.00;-1.015
2024.06.28 17:37;2024.06.28 19:19;NY;reversal;SHORT;1.00;2326.81;2332.17;2316.09;2332.19;SL;-538.00;5.36;-1.004
2024.07.02 04:55;2024.07.02 05:31;ASIA;reversal;LONG;1.00;2333.88;2331.83;2337.98;2331.83;SL;-205.00;2.05;-1.000
2024.07.04 18:21;2024.07.04 18:32;NY;reversal;SHORT;1.00;2357.27;2360.06;2351.78;2360.06;SL;-279.00;2.79;-1.000
2024.07.08 04:06;2024.07.08 04:08;ASIA;reversal;SHORT;1.00;2384.55;2386.91;2379.83;2386.91;SL;-236.00;2.36;-1.000
2024.07.08 18:25;2024.07.08 18:48;NY;reversal;SHORT;0.96;2370.32;2377.08;2356.86;2356.83;TP;1295.04;6.76;1.996
2024.07.09 04:10;2024.07.09 05:02;ASIA;reversal;LONG;1.00;2363.64;2361.41;2368.10;2361.40;SL;-224.00;2.23;-1.004
2024.07.10 04:16;2024.07.10 04:35;ASIA;reversal;LONG;1.00;2366.46;2364.86;2369.60;2369.61;TP;315.00;1.60;1.969
2024.07.15 04:52;2024.07.15 09:14;ASIA;reversal;LONG;1.00;2408.80;2406.23;2413.94;2406.23;SL;-257.00;2.57;-1.000
2024.07.16 04:04;2024.07.16 04:50;ASIA;reversal;LONG;1.00;2422.81;2420.47;2427.49;2427.50;TP;469.00;2.34;2.004
2024.07.18 19:03;2024.07.18 22:16;NY;reversal;SHORT;0.84;2457.59;2465.46;2441.85;2441.84;TP;1323.00;7.87;2.001
2024.07.22 04:26;2024.07.22 04:55;ASIA;reversal;LONG;1.00;2411.63;2406.88;2421.13;2406.88;SL;-475.00;4.75;-1.000
2024.07.24 04:10;2024.07.24 04:21;ASIA;reversal;LONG;1.00;2410.20;2408.31;2413.89;2408.30;SL;-190.00;1.89;-1.005
2024.07.25 04:01;2024.07.25 04:08;ASIA;reversal;SHORT;1.00;2396.03;2398.96;2390.17;2398.96;SL;-293.00;2.93;-1.000
2024.07.29 04:11;2024.07.29 04:33;ASIA;reversal;SHORT;1.00;2396.98;2399.16;2392.65;2392.63;TP;435.00;2.18;1.995
2024.07.30 04:00;2024.07.30 05:45;ASIA;reversal;SHORT;1.00;2380.23;2383.15;2374.45;2383.15;SL;-292.00;2.92;-1.000
2024.07.30 19:55;2024.07.30 20:02;NY;reversal;LONG;1.00;2397.75;2391.55;2410.00;2410.00;TP;1225.00;6.20;1.976
2024.07.31 04:40;2024.07.31 05:00;ASIA;reversal;LONG;1.00;2410.05;2407.90;2414.32;2407.90;SL;-215.00;2.15;-1.000
2024.07.31 17:52;2024.07.31 19:30;NY;reversal;SHORT;0.86;2419.80;2427.51;2404.41;2427.53;SL;-664.78;7.71;-1.003
2024.08.01 17:09;2024.08.01 23:00;NY;reversal;SHORT;0.79;2448.89;2457.31;2432.08;2443.30;CLOSE;441.61;8.42;0.664
2024.08.02 04:13;2024.08.02 05:02;ASIA;reversal;SHORT;1.00;2443.84;2449.43;2432.69;2449.43;SL;-559.00;5.59;-1.000
2024.08.02 17:30;2024.08.02 17:37;NY;reversal;SHORT;0.76;2462.63;2471.36;2445.23;2445.22;TP;1323.16;8.73;1.994
2024.08.06 17:29;2024.08.06 23:00;NY;reversal;SHORT;0.79;2390.33;2398.81;2373.37;2387.81;CLOSE;199.08;8.48;0.297
2024.08.07 04:20;2024.08.07 04:35;ASIA;reversal;SHORT;1.00;2381.06;2385.38;2372.48;2385.39;SL;-433.00;4.32;-1.002
2024.08.09 04:32;2024.08.09 05:52;ASIA;reversal;LONG;1.00;2425.32;2423.13;2429.70;2423.13;SL;-219.00;2.19;-1.000
2024.08.12 03:42;2024.08.12 04:38;ASIA;reversal;LONG;1.00;2428.92;2426.93;2432.87;2426.93;SL;-199.00;1.99;-1.000
2024.08.12 18:14;2024.08.12 23:00;NY;reversal;LONG;0.57;2457.48;2445.75;2480.91;2470.45;CLOSE;739.29;11.73;1.106
2024.08.15 04:45;2024.08.15 04:58;ASIA;reversal;SHORT;1.00;2448.46;2450.54;2444.36;2450.54;SL;-208.00;2.08;-1.000
2024.08.16 03:42;2024.08.16 03:47;ASIA;reversal;SHORT;1.00;2457.16;2458.91;2453.66;2458.91;SL;-175.00;1.75;-1.000
2024.08.21 03:55;2024.08.21 04:03;ASIA;reversal;SHORT;1.00;2512.48;2514.93;2507.58;2514.93;SL;-245.00;2.45;-1.000
2024.08.21 18:22;2024.08.21 23:00;NY;reversal;LONG;0.68;2507.79;2497.96;2527.45;2511.44;CLOSE;248.20;9.83;0.371
2024.08.22 04:09;2024.08.22 05:11;ASIA;reversal;SHORT;1.00;2511.18;2513.49;2506.62;2506.62;TP;456.00;2.31;1.974
2024.08.26 03:48;2024.08.26 08:02;ASIA;reversal;SHORT;1.00;2513.93;2516.37;2509.05;2509.04;TP;489.00;2.44;2.004
2024.08.28 03:48;2024.08.28 04:05;ASIA;reversal;SHORT;1.00;2523.98;2525.56;2520.85;2520.84;TP;314.00;1.58;1.987
2024.08.30 04:31;2024.08.30 04:35;ASIA;reversal;LONG;1.00;2519.65;2518.11;2522.73;2518.11;SL;-154.00;1.54;-1.000
2024.09.02 03:57;2024.09.02 04:00;ASIA;reversal;SHORT;1.00;2502.47;2503.62;2500.17;2500.16;TP;231.00;1.15;2.009
2024.09.02 17:46;2024.09.02 19:53;NY;reversal;LONG;1.00;2502.12;2498.72;2508.89;2498.71;SL;-341.00;3.40;-1.003
2024.09.04 05:32;2024.09.04 08:59;ASIA;reversal;LONG;1.00;2494.95;2492.74;2499.37;2492.72;SL;-223.00;2.21;-1.009
2024.09.05 04:05;2024.09.05 06:58;ASIA;reversal;LONG;1.00;2496.58;2494.75;2500.21;2494.74;SL;-184.00;1.83;-1.005
2024.09.05 17:19;2024.09.05 17:41;NY;reversal;LONG;1.00;2519.38;2513.26;2531.59;2513.25;SL;-613.00;6.12;-1.002
2024.09.06 05:36;2024.09.06 08:19;ASIA;reversal;LONG;1.00;2517.65;2516.09;2520.77;2520.77;TP;312.00;1.56;2.000
2024.09.06 17:40;2024.09.06 19:02;NY;reversal;LONG;0.70;2511.81;2502.24;2530.95;2502.23;SL;-670.60;9.57;-1.001
2024.09.09 04:06;2024.09.09 04:23;ASIA;reversal;LONG;1.00;2498.29;2495.64;2503.38;2495.64;SL;-265.00;2.65;-1.000
2024.09.09 19:43;2024.09.09 23:00;NY;reversal;LONG;1.00;2503.80;2499.29;2512.79;2505.94;CLOSE;214.00;4.51;0.475
2024.09.10 18:35;2024.09.10 23:00;NY;reversal;LONG;0.76;2515.09;2506.30;2532.61;2517.19;CLOSE;159.60;8.79;0.239
2024.09.11 04:31;2024.09.11 04:48;ASIA;reversal;LONG;1.00;2518.91;2517.21;2522.31;2522.31;TP;340.00;1.70;2.000
2024.09.11 18:06;2024.09.11 23:00;NY;reversal;LONG;0.88;2510.73;2503.10;2525.99;2512.94;CLOSE;194.48;7.63;0.290
2024.09.13 19:05;2024.09.13 23:00;NY;reversal;LONG;0.92;2583.38;2576.10;2597.94;2582.53;CLOSE;-78.20;7.28;-0.117
2024.09.17 05:12;2024.09.17 05:48;ASIA;reversal;LONG;1.00;2584.38;2581.87;2589.40;2581.85;SL;-253.00;2.51;-1.008
2024.09.17 17:42;2024.09.17 23:00;NY;reversal;SHORT;1.00;2573.04;2579.51;2560.10;2568.84;CLOSE;420.00;6.47;0.649
2024.09.18 05:04;2024.09.18 06:25;ASIA;reversal;SHORT;1.00;2571.53;2574.77;2565.05;2574.77;SL;-324.00;3.24;-1.000
2024.09.20 04:19;2024.09.20 04:33;ASIA;reversal;SHORT;1.00;2586.12;2587.49;2583.38;2587.49;SL;-137.00;1.37;-1.000
2024.09.23 04:15;2024.09.23 04:18;ASIA;reversal;LONG;1.00;2620.21;2618.79;2623.02;2618.78;SL;-143.00;1.42;-1.007
2024.09.23 18:07;2024.09.23 23:00;NY;reversal;SHORT;0.80;2625.92;2634.24;2609.28;2626.43;CLOSE;-40.80;8.32;-0.061
2024.09.24 04:02;2024.09.24 06:15;ASIA;reversal;LONG;1.00;2626.62;2624.65;2630.56;2630.58;TP;396.00;1.97;2.010
2024.09.25 17:46;2024.09.25 23:00;NY;reversal;SHORT;1.00;2660.07;2666.13;2647.95;2659.86;CLOSE;21.00;6.06;0.035
2024.09.27 04:27;2024.09.27 04:32;ASIA;reversal;LONG;1.00;2672.70;2669.81;2678.48;2669.81;SL;-289.00;2.89;-1.000
2024.10.01 03:46;2024.10.01 04:55;ASIA;reversal;LONG;1.00;2636.63;2635.23;2639.37;2639.38;TP;275.00;1.40;1.964
2024.10.02 04:48;2024.10.02 06:37;ASIA;reversal;LONG;1.00;2660.62;2658.05;2665.73;2658.05;SL;-257.00;2.57;-1.000
2024.10.02 17:29;2024.10.02 23:00;NY;reversal;SHORT;0.90;2653.41;2660.84;2638.55;2658.78;CLOSE;-483.30;7.43;-0.723
2024.10.03 17:13;2024.10.03 23:00;NY;reversal;LONG;1.00;2651.33;2645.53;2662.93;2657.88;CLOSE;655.00;5.80;1.129
2024.10.04 03:43;2024.10.04 03:57;ASIA;reversal;SHORT;1.00;2655.46;2657.07;2652.27;2657.08;SL;-162.00;1.61;-1.006
2024.10.04 17:44;2024.10.04 18:12;NY;reversal;LONG;0.98;2655.15;2648.37;2668.68;2668.69;TP;1326.92;6.78;1.997
2024.10.07 04:02;2024.10.07 04:16;ASIA;reversal;LONG;1.00;2651.08;2648.49;2656.26;2648.48;SL;-260.00;2.59;-1.004
2024.10.07 18:34;2024.10.07 21:42;NY;reversal;LONG;1.00;2648.77;2642.19;2661.90;2642.19;SL;-658.00;6.58;-1.000
2024.10.08 04:00;2024.10.08 04:05;ASIA;reversal;SHORT;1.00;2642.38;2644.15;2638.84;2638.84;TP;354.00;1.77;2.000
2024.10.09 04:20;2024.10.09 04:26;ASIA;reversal;LONG;1.00;2623.20;2621.45;2626.70;2621.45;SL;-175.00;1.75;-1.000
2024.10.09 18:03;2024.10.09 20:07;NY;reversal;LONG;1.00;2613.16;2606.88;2625.72;2606.88;SL;-628.00;6.28;-1.000
2024.10.11 03:35;2024.10.11 05:24;ASIA;reversal;LONG;1.00;2634.28;2632.14;2638.53;2638.53;TP;425.00;2.14;1.986
2024.10.14 04:00;2024.10.14 04:27;ASIA;reversal;SHORT;1.00;2645.10;2648.12;2639.06;2648.13;SL;-303.00;3.02;-1.003
2024.10.15 04:28;2024.10.15 06:15;ASIA;reversal;LONG;1.00;2650.05;2647.88;2654.39;2647.87;SL;-218.00;2.17;-1.005
2024.10.16 03:59;2024.10.16 04:06;ASIA;reversal;LONG;1.00;2660.46;2658.73;2663.92;2663.94;TP;348.00;1.73;2.012
2024.10.18 03:52;2024.10.18 04:02;ASIA;reversal;SHORT;1.00;2693.16;2694.97;2689.54;2694.97;SL;-181.00;1.81;-1.000
2024.10.21 03:54;2024.10.21 04:03;ASIA;reversal;SHORT;1.00;2721.78;2724.44;2716.46;2724.46;SL;-268.00;2.66;-1.008
2024.10.22 17:52;2024.10.22 23:00;NY;reversal;LONG;1.00;2742.10;2735.90;2754.23;2748.32;CLOSE;622.00;6.20;1.003
2024.10.25 04:14;2024.10.25 04:45;ASIA;reversal;LONG;1.00;2734.86;2732.15;2740.28;2732.15;SL;-271.00;2.71;-1.000
2024.10.31 04:51;2024.10.31 05:35;ASIA;reversal;SHORT;1.00;2784.62;2788.17;2777.58;2788.18;SL;-356.00;3.55;-1.003
2024.11.01 04:07;2024.11.01 04:23;ASIA;reversal;LONG;1.00;2747.25;2745.67;2750.41;2745.67;SL;-158.00;1.58;-1.000
2024.11.05 04:31;2024.11.05 04:35;ASIA;reversal;SHORT;1.00;2732.90;2735.59;2727.55;2727.55;TP;535.00;2.69;1.989
2024.11.06 05:29;2024.11.06 06:48;ASIA;reversal;SHORT;0.66;2732.61;2742.65;2712.53;2742.65;SL;-662.64;10.04;-1.000
2024.11.12 05:51;2024.11.12 07:58;ASIA;reversal;SHORT;1.00;2619.16;2625.63;2606.22;2606.21;TP;1295.00;6.47;2.002
2024.11.19 04:06;2024.11.19 09:30;ASIA;reversal;LONG;1.00;2617.82;2613.09;2627.25;2618.54;CLOSE;72.00;4.73;0.152
2024.11.19 19:19;2024.11.19 23:00;NY;reversal;LONG;0.81;2631.01;2622.75;2647.53;2633.68;CLOSE;216.27;8.26;0.323
2024.11.29 18:00;2024.11.29 20:46;NY;reversal;LONG;0.90;2659.36;2651.88;2674.20;2651.87;SL;-674.10;7.48;-1.001
2024.12.02 17:30;2024.12.02 23:00;NY;reversal;SHORT;1.00;2642.51;2648.95;2629.63;2637.26;CLOSE;525.00;6.44;0.815
2024.12.04 18:45;2024.12.04 21:14;NY;reversal;SHORT;1.00;2648.68;2653.38;2639.31;2653.39;SL;-471.00;4.70;-1.002
2024.12.09 18:36;2024.12.09 23:00;NY;reversal;SHORT;0.75;2666.35;2675.23;2648.59;2658.00;CLOSE;626.25;8.88;0.940
2024.12.10 03:57;2024.12.10 06:06;ASIA;reversal;LONG;1.00;2666.36;2662.87;2673.34;2673.35;TP;699.00;3.49;2.003
2024.12.11 05:40;2024.12.11 06:52;ASIA;reversal;SHORT;0.94;2696.38;2703.59;2682.08;2682.08;TP;1344.20;7.21;1.983
2024.12.13 17:47;2024.12.13 19:44;NY;reversal;LONG;1.00;2662.43;2657.27;2672.72;2657.27;SL;-516.00;5.16;-1.000
2024.12.17 04:53;2024.12.17 08:23;ASIA;reversal;SHORT;1.00;2654.25;2657.34;2648.10;2648.10;TP;615.00;3.09;1.990
2024.12.18 19:29;2024.12.18 19:46;NY;reversal;LONG;1.00;2639.80;2636.92;2645.56;2636.92;SL;-288.00;2.88;-1.000
2024.12.27 04:53;2024.12.27 09:30;ASIA;reversal;LONG;1.00;2633.87;2630.73;2640.00;2636.20;CLOSE;233.00;3.14;0.742
2025.01.02 17:32;2025.01.02 23:00;NY;reversal;LONG;1.00;2650.99;2646.25;2660.47;2659.57;CLOSE;858.00;4.74;1.810
2025.01.03 04:18;2025.01.03 07:49;ASIA;reversal;LONG;1.00;2662.46;2657.90;2671.52;2657.89;SL;-457.00;4.56;-1.002
2025.01.08 17:37;2025.01.08 19:31;NY;reversal;LONG;1.00;2667.48;2660.65;2681.14;2660.50;SL;-698.00;6.83;-1.022
2025.01.09 05:11;2025.01.09 06:22;ASIA;reversal;LONG;1.00;2661.42;2657.48;2669.30;2657.48;SL;-394.00;3.94;-1.000
2025.01.14 04:38;2025.01.14 05:01;ASIA;reversal;LONG;1.00;2672.12;2669.31;2677.71;2669.31;SL;-281.00;2.81;-1.000
2025.01.15 04:46;2025.01.15 07:57;ASIA;reversal;LONG;1.00;2674.32;2671.83;2679.27;2679.29;TP;497.00;2.49;1.996
2025.01.15 19:00;2025.01.15 23:00;NY;reversal;LONG;0.54;2690.57;2677.95;2715.81;2696.25;CLOSE;306.72;12.62;0.450
2025.01.16 17:48;2025.01.16 18:11;NY;reversal;SHORT;1.00;2712.87;2719.21;2700.28;2719.22;SL;-635.00;6.34;-1.002
2025.01.22 05:30;2025.01.22 07:47;ASIA;reversal;LONG;1.00;2750.18;2746.82;2756.15;2756.22;TP;604.00;3.36;1.798
2025.01.24 03:59;2025.01.24 04:14;ASIA;reversal;LONG;1.00;2762.09;2758.90;2768.41;2768.42;TP;633.00;3.19;1.984
2025.01.24 18:16;2025.01.24 23:00;NY;reversal;SHORT;0.81;2773.71;2782.11;2757.06;2771.26;CLOSE;198.45;8.40;0.292
2025.01.28 17:18;2025.01.28 20:43;NY;reversal;LONG;1.00;2756.23;2752.88;2762.90;2762.90;TP;667.00;3.35;1.991
2025.01.31 06:16;2025.01.31 06:46;ASIA;reversal;SHORT;1.00;2794.61;2796.59;2790.71;2796.61;SL;-200.00;1.98;-1.010
2025.01.31 18:26;2025.01.31 19:18;NY;reversal;SHORT;0.91;2804.94;2812.49;2789.84;2812.49;SL;-687.05;7.55;-1.000
2025.02.04 17:40;2025.02.04 18:21;NY;reversal;SHORT;1.00;2835.86;2841.38;2824.85;2841.40;SL;-554.00;5.52;-1.004
2025.02.05 04:06;2025.02.05 08:27;ASIA;reversal;LONG;1.00;2849.18;2842.85;2861.72;2861.76;TP;1258.00;6.33;1.987
2025.02.05 18:23;2025.02.05 18:51;NY;reversal;SHORT;0.78;2863.84;2872.60;2847.10;2872.66;SL;-687.96;8.76;-1.007
2025.02.07 18:03;2025.02.07 18:09;NY;reversal;SHORT;1.00;2871.35;2878.21;2857.93;2878.51;SL;-716.00;6.86;-1.044
2025.02.10 06:01;2025.02.10 09:30;ASIA;reversal;LONG;0.77;2876.56;2867.77;2894.14;2892.34;CLOSE;1215.06;8.79;1.795
2025.02.10 18:49;2025.02.10 23:00;NY;reversal;SHORT;0.91;2901.69;2909.21;2886.65;2907.37;CLOSE;-516.88;7.52;-0.755
2025.02.11 04:39;2025.02.11 09:30;ASIA;reversal;SHORT;0.54;2919.68;2932.30;2894.44;2911.19;CLOSE;458.46;12.62;0.673
2025.02.11 17:43;2025.02.11 22:23;NY;reversal;LONG;0.82;2904.26;2895.84;2921.07;2895.84;SL;-690.44;8.42;-1.000
2025.02.12 04:30;2025.02.12 05:08;ASIA;reversal;LONG;0.84;2897.62;2889.51;2913.81;2889.41;SL;-689.64;8.11;-1.012
2025.02.12 18:48;2025.02.12 23:00;NY;reversal;LONG;0.82;2898.00;2889.67;2914.66;2900.93;CLOSE;240.26;8.33;0.352
2025.02.18 04:38;2025.02.18 05:32;ASIA;reversal;LONG;1.00;2899.89;2894.81;2910.05;2910.06;TP;1017.00;5.08;2.002
2025.02.19 04:48;2025.02.19 07:52;ASIA;reversal;SHORT;1.00;2928.16;2932.96;2918.68;2932.97;SL;-481.00;4.80;-1.002
2025.02.20 05:02;2025.02.20 09:30;ASIA;reversal;LONG;1.00;2942.37;2936.63;2953.79;2949.10;CLOSE;673.00;5.74;1.172
2025.02.21 18:40;2025.02.21 23:00;NY;reversal;LONG;0.67;2938.70;2928.42;2959.20;2934.82;CLOSE;-259.96;10.28;-0.377
2025.02.24 19:04;2025.02.24 23:00;NY;reversal;LONG;0.77;2944.21;2935.36;2961.88;2950.60;CLOSE;492.03;8.85;0.722
2025.02.25 04:20;2025.02.25 04:48;ASIA;reversal;LONG;1.00;2952.40;2948.76;2959.65;2948.72;SL;-368.00;3.64;-1.011
2025.02.28 17:51;2025.02.28 23:00;NY;reversal;LONG;0.50;2847.10;2833.50;2874.30;2854.59;CLOSE;374.50;13.60;0.551
2025.03.03 05:08;2025.03.03 09:30;ASIA;reversal;SHORT;1.00;2864.29;2871.01;2850.85;2861.58;CLOSE;271.00;6.72;0.403
2025.03.07 04:09;2025.03.07 04:28;ASIA;reversal;SHORT;1.00;2901.54;2906.36;2891.90;2906.39;SL;-485.00;4.82;-1.006
2025.03.07 17:41;2025.03.07 23:00;NY;reversal;SHORT;0.50;2914.96;2928.70;2893.30;2909.52;CLOSE;272.00;13.74;0.396
2025.03.10 05:56;2025.03.10 09:30;ASIA;reversal;SHORT;1.00;2911.47;2916.48;2901.48;2907.70;CLOSE;377.00;5.01;0.752
2025.03.10 17:25;2025.03.10 18:11;NY;reversal;SHORT;1.00;2903.25;2907.51;2894.73;2907.52;SL;-427.00;4.26;-1.002
2025.03.11 04:13;2025.03.11 05:04;ASIA;reversal;LONG;1.00;2886.75;2884.07;2891.90;2883.82;SL;-293.00;2.68;-1.093
2025.03.11 17:35;2025.03.11 23:00;NY;reversal;LONG;1.00;2915.90;2911.26;2925.09;2918.28;CLOSE;238.00;4.64;0.513
2025.03.12 19:00;2025.03.12 23:00;NY;reversal;LONG;0.67;2923.87;2913.66;2941.95;2935.09;CLOSE;751.74;10.21;1.099
2025.03.13 17:35;2025.03.13 18:43;NY;reversal;LONG;0.99;2948.13;2941.16;2961.77;2961.77;TP;1350.36;6.97;1.957
2025.03.17 06:10;2025.03.17 09:30;ASIA;reversal;SHORT;1.00;2986.31;2990.56;2978.02;2990.17;CLOSE;-386.00;4.25;-0.908
2025.03.18 04:01;2025.03.18 04:22;ASIA;reversal;SHORT;1.00;2999.45;3002.92;2992.84;3002.92;SL;-347.00;3.47;-1.000
2025.03.19 05:46;2025.03.19 08:35;ASIA;reversal;LONG;1.00;3033.88;3030.47;3040.58;3040.59;TP;671.00;3.41;1.968
2025.03.19 19:03;2025.03.19 22:10;NY;reversal;LONG;0.98;3034.78;3027.66;3049.02;3049.06;TP;1399.44;7.12;2.006
2025.03.20 04:59;2025.03.20 07:31;ASIA;reversal;SHORT;1.00;3050.07;3055.50;3039.30;3055.51;SL;-544.00;5.43;-1.002
2025.03.24 04:40;2025.03.24 04:47;ASIA;reversal;LONG;1.00;3025.54;3022.43;3031.49;3022.41;SL;-313.00;3.11;-1.006
2025.03.25 05:09;2025.03.25 05:13;ASIA;reversal;SHORT;1.00;3009.14;3011.83;3003.76;3011.91;SL;-277.00;2.69;-1.030
2025.03.25 18:11;2025.03.25 23:00;NY;reversal;SHORT;0.95;3023.18;3030.57;3008.61;3019.84;CLOSE;317.30;7.39;0.452
2025.03.28 17:34;2025.03.28 18:45;NY;reversal;SHORT;0.54;3071.20;3084.07;3045.70;3084.10;SL;-696.60;12.87;-1.002
2025.03.31 04:26;2025.03.31 05:22;ASIA;reversal;LONG;0.98;3089.74;3082.64;3103.64;3103.64;TP;1362.20;7.10;1.958
2025.04.04 04:07;2025.04.04 05:00;ASIA;reversal;LONG;1.00;3115.08;3109.04;3126.98;3108.88;SL;-620.00;6.04;-1.026
2025.04.07 17:36;2025.04.07 23:00;NY;reversal;SHORT;0.28;3002.07;3026.52;2953.23;2976.80;CLOSE;707.56;24.45;1.034
2025.04.08 18:13;2025.04.08 20:12;NY;reversal;SHORT;0.53;3003.89;3017.12;2977.58;2977.52;TP;1397.61;13.23;1.993
2025.04.09 03:57;2025.04.09 04:23;ASIA;reversal;SHORT;0.67;2974.93;2985.54;2953.98;2985.82;SL;-729.63;10.61;-1.026
2025.04.10 04:35;2025.04.10 05:00;ASIA;reversal;SHORT;0.45;3081.07;3096.57;3050.67;3096.79;SL;-707.40;15.50;-1.014
2025.04.14 04:23;2025.04.14 04:43;ASIA;reversal;LONG;1.00;3227.52;3220.82;3240.17;3240.21;TP;1269.00;6.70;1.894
2025.04.17 03:44;2025.04.17 04:12;ASIA;reversal;SHORT;1.00;3343.47;3350.61;3329.52;3350.65;SL;-718.00;7.14;-1.006
2025.04.23 06:12;2025.04.23 08:23;ASIA;reversal;SHORT;0.38;3334.44;3352.69;3298.75;3422.46;SL;-3344.76;18.25;-4.823
2025.04.23 19:48;2025.04.23 23:00;NY;reversal;LONG;0.20;3304.59;3271.13;3371.39;3294.21;CLOSE;-207.60;33.46;-0.310
2025.04.24 19:11;2025.04.24 23:00;NY;reversal;LONG;0.33;3333.43;3312.61;3375.04;3342.31;CLOSE;293.04;20.82;0.427
2025.04.25 04:48;2025.04.25 07:13;ASIA;reversal;SHORT;0.49;3347.23;3361.29;3319.14;3319.01;TP;1382.78;14.06;2.007
2025.04.28 04:19;2025.04.28 05:02;ASIA;reversal;SHORT;0.59;3301.59;3313.36;3278.14;3277.69;TP;1410.10;11.77;2.031
2025.04.29 04:36;2025.04.29 04:42;ASIA;reversal;LONG;0.83;3339.15;3330.61;3355.96;3330.55;SL;-713.80;8.54;-1.007
2025.05.02 05:17;2025.05.02 06:58;ASIA;reversal;LONG;0.96;3244.25;3236.97;3258.60;3258.62;TP;1379.52;7.28;1.974
2025.05.02 17:37;2025.05.02 18:32;NY;reversal;LONG;0.45;3259.63;3243.84;3291.00;3243.79;SL;-712.80;15.79;-1.003
2025.05.05 04:02;2025.05.05 04:10;ASIA;reversal;LONG;1.00;3248.58;3244.03;3257.62;3257.69;TP;911.00;4.55;2.002
2025.05.05 17:05;2025.05.05 17:18;NY;reversal;LONG;0.90;3319.76;3311.92;3335.23;3311.92;SL;-705.60;7.84;-1.000
2025.05.06 17:26;2025.05.06 18:24;NY;reversal;SHORT;0.68;3387.05;3397.45;3368.38;3397.50;SL;-710.60;10.40;-1.005
2025.05.09 04:20;2025.05.09 04:51;ASIA;reversal;SHORT;0.64;3308.68;3319.59;3287.04;3287.00;TP;1387.52;10.91;1.987
2025.05.09 17:31;2025.05.09 22:27;NY;reversal;LONG;0.74;3340.02;3330.43;3358.84;3330.29;SL;-720.02;9.59;-1.015
2025.05.13 04:05;2025.05.13 04:13;ASIA;reversal;LONG;0.93;3243.21;3235.60;3258.43;3235.55;SL;-712.38;7.61;-1.007
2025.05.13 17:41;2025.05.13 23:00;NY;reversal;LONG;0.38;3245.59;3227.27;3282.05;3249.43;CLOSE;145.92;18.32;0.210
2025.05.15 04:44;2025.05.15 05:24;ASIA;reversal;SHORT;1.00;3179.96;3186.13;3168.37;3167.29;TP;1267.00;6.17;2.053
2025.05.16 03:54;2025.05.16 04:07;ASIA;reversal;LONG;0.80;3242.22;3233.39;3259.85;3233.33;SL;-711.20;8.83;-1.007
2025.05.16 19:01;2025.05.16 23:00;NY;reversal;LONG;0.43;3186.59;3170.18;3219.26;3192.48;CLOSE;253.27;16.41;0.359
2025.05.19 17:30;2025.05.19 23:00;NY;reversal;LONG;0.69;3234.80;3224.60;3254.57;3233.04;CLOSE;-121.44;10.20;-0.173
2025.05.20 04:00;2025.05.20 05:09;ASIA;reversal;LONG;0.95;3224.54;3217.09;3238.03;3217.01;SL;-715.35;7.45;-1.011
2025.05.23 03:50;2025.05.23 04:08;ASIA;reversal;SHORT;0.54;3292.87;3305.72;3269.09;3305.75;SL;-695.52;12.85;-1.002
2025.05.28 03:56;2025.05.28 04:41;ASIA;reversal;SHORT;1.00;3309.26;3312.46;3302.95;3302.92;TP;634.00;3.20;1.981
2025.05.29 04:05;2025.05.29 05:00;ASIA;reversal;SHORT;0.64;3253.89;3264.85;3232.03;3264.98;SL;-709.76;10.96;-1.012
2025.05.29 18:59;2025.05.29 23:00;NY;reversal;LONG;0.67;3322.11;3311.74;3342.73;3316.52;CLOSE;-374.53;10.37;-0.539
2025.05.30 04:18;2025.05.30 04:32;ASIA;reversal;LONG;1.00;3318.80;3312.05;3332.27;3312.01;SL;-679.00;6.75;-1.006
2025.06.04 04:18;2025.06.04 08:04;ASIA;reversal;LONG;0.84;3360.01;3351.76;3376.45;3351.71;SL;-697.20;8.25;-1.006
2025.06.05 04:03;2025.06.05 04:31;ASIA;reversal;LONG;0.95;3381.65;3374.40;3396.15;3374.30;SL;-698.25;7.25;-1.014
2025.06.06 04:20;2025.06.06 04:42;ASIA;reversal;LONG;1.00;3364.11;3361.49;3369.23;3361.49;SL;-262.00;2.62;-1.000
2025.06.19 04:59;2025.06.19 08:52;ASIA;reversal;SHORT;1.00;3374.72;3380.16;3363.87;3363.05;TP;1167.00;5.44;2.145
2025.06.26 05:40;2025.06.26 08:31;ASIA;reversal;LONG;1.00;3339.30;3332.71;3352.33;3332.55;SL;-675.00;6.59;-1.024
2025.06.27 04:03;2025.06.27 05:30;ASIA;reversal;LONG;1.00;3319.92;3313.61;3332.51;3313.60;SL;-632.00;6.31;-1.002
2025.06.30 04:16;2025.06.30 05:09;ASIA;reversal;LONG;1.00;3269.55;3263.13;3282.39;3282.42;TP;1287.00;6.42;2.005
2025.07.01 17:51;2025.07.01 23:00;NY;reversal;SHORT;0.85;3344.43;3352.56;3328.29;3338.15;CLOSE;533.80;8.13;0.772
2025.07.02 19:07;2025.07.02 23:00;NY;reversal;LONG;0.65;3345.51;3334.92;3366.48;3358.28;CLOSE;830.05;10.59;1.206
2025.07.03 05:49;2025.07.03 08:54;ASIA;reversal;LONG;1.00;3349.81;3344.86;3359.71;3359.73;TP;992.00;4.95;2.004
2025.07.08 05:46;2025.07.08 06:09;ASIA;reversal;LONG;1.00;3337.25;3331.86;3347.88;3331.78;SL;-547.00;5.39;-1.015
2025.07.10 04:00;2025.07.10 04:09;ASIA;reversal;SHORT;1.00;3316.49;3319.64;3310.40;3319.64;SL;-315.00;3.15;-1.000
2025.07.14 04:07;2025.07.14 09:30;ASIA;reversal;SHORT;0.99;3364.88;3371.94;3350.76;3360.63;CLOSE;420.75;7.06;0.602
2025.07.15 18:29;2025.07.15 23:00;NY;reversal;SHORT;0.49;3333.49;3347.76;3307.71;3330.57;CLOSE;143.08;14.27;0.205
2025.07.16 04:05;2025.07.16 04:12;ASIA;reversal;SHORT;1.00;3328.87;3331.61;3323.39;3331.66;SL;-279.00;2.74;-1.018
2025.07.16 17:54;2025.07.16 18:16;NY;reversal;LONG;0.53;3335.04;3321.99;3360.15;3360.74;TP;1362.10;13.05;1.969
2025.07.18 04:01;2025.07.18 04:04;ASIA;reversal;LONG;1.00;3341.49;3338.64;3346.92;3338.43;SL;-306.00;2.85;-1.074
2025.07.22 04:12;2025.07.22 09:30;ASIA;reversal;SHORT;1.00;3390.32;3396.54;3378.42;3384.85;CLOSE;547.00;6.22;0.879
2025.07.22 17:23;2025.07.22 23:00;NY;reversal;LONG;0.81;3420.10;3411.40;3437.32;3431.56;CLOSE;928.26;8.70;1.317
2025.07.23 18:55;2025.07.23 19:02;NY;reversal;SHORT;0.81;3405.61;3414.42;3388.11;3388.11;TP;1417.50;8.81;1.986
2025.07.24 04:07;2025.07.24 06:06;ASIA;reversal;SHORT;1.00;3388.40;3393.29;3379.04;3379.01;TP;939.00;4.89;1.920
2025.07.25 04:19;2025.07.25 06:26;ASIA;reversal;SHORT;1.00;3368.33;3372.06;3361.11;3361.10;TP;723.00;3.73;1.938
2025.07.28 04:04;2025.07.28 04:59;ASIA;reversal;LONG;1.00;3336.03;3331.27;3345.40;3331.26;SL;-477.00;4.76;-1.002
2025.07.30 04:35;2025.07.30 05:14;ASIA;reversal;SHORT;1.00;3327.26;3330.35;3321.11;3330.38;SL;-312.00;3.09;-1.010
2025.08.01 04:43;2025.08.01 05:04;ASIA;reversal;SHORT;1.00;3286.46;3289.98;3279.42;3290.00;SL;-354.00;3.52;-1.006
2025.08.05 18:30;2025.08.06 11:31;NY;reversal;SHORT;0.91;3378.61;3386.53;3363.19;3363.17;TP;1440.94;7.92;1.949
2025.08.12 04:35;2025.08.12 05:30;ASIA;reversal;SHORT;1.00;3347.36;3353.24;3335.69;3353.24;SL;-588.00;5.88;-1.000
2025.08.12 18:28;2025.08.12 23:00;NY;reversal;LONG;0.42;3357.06;3340.01;3390.68;3347.39;CLOSE;-406.14;17.05;-0.567
2025.08.13 04:46;2025.08.13 09:30;ASIA;reversal;LONG;1.00;3350.74;3343.71;3364.74;3355.00;CLOSE;426.00;7.03;0.606
2025.08.13 18:17;2025.08.13 23:00;NY;reversal;SHORT;0.76;3356.34;3365.84;3337.37;3358.10;CLOSE;-133.76;9.50;-0.185
2025.08.14 06:00;2025.08.14 09:30;ASIA;reversal;SHORT;0.70;3362.71;3373.03;3342.10;3359.10;CLOSE;252.70;10.32;0.350
2025.08.20 03:50;2025.08.20 04:06;ASIA;reversal;LONG;1.00;3316.06;3313.19;3321.77;3313.16;SL;-290.00;2.87;-1.010
2025.08.20 18:25;2025.08.20 20:53;NY;reversal;SHORT;0.90;3340.23;3348.27;3324.39;3348.27;SL;-723.60;8.04;-1.000
2025.08.22 04:51;2025.08.22 07:50;ASIA;reversal;SHORT;1.00;3335.07;3338.41;3328.39;3328.38;TP;669.00;3.34;2.003
2025.08.26 17:47;2025.08.26 18:56;NY;reversal;LONG;1.00;3378.12;3372.74;3388.85;3388.86;TP;1074.00;5.38;1.996
2025.09.01 04:45;2025.09.01 04:59;ASIA;reversal;LONG;1.00;3447.92;3442.70;3458.06;3458.07;TP;1015.00;5.22;1.944
2025.09.01 17:19;2025.09.01 17:32;NY;reversal;LONG;1.00;3479.25;3475.24;3486.79;3475.15;SL;-410.00;4.01;-1.022
2025.09.02 03:49;2025.09.02 04:10;ASIA;reversal;SHORT;1.00;3478.36;3483.79;3467.53;3483.83;SL;-547.00;5.43;-1.007
2025.09.04 04:27;2025.09.04 05:46;ASIA;reversal;SHORT;0.80;3551.85;3561.01;3533.56;3533.32;TP;1482.40;9.16;2.023
2025.09.05 17:39;2025.09.05 18:47;NY;reversal;SHORT;0.37;3575.33;3595.13;3536.03;3595.18;SL;-734.45;19.80;-1.003
2025.09.08 04:10;2025.09.08 05:00;ASIA;reversal;SHORT;1.00;3586.80;3591.59;3577.61;3591.71;SL;-491.00;4.79;-1.025
2025.09.09 17:03;2025.09.09 17:37;NY;reversal;SHORT;0.73;3658.20;3668.22;3638.28;3637.45;TP;1514.75;10.02;2.071
2025.09.10 05:07;2025.09.10 09:30;ASIA;reversal;LONG;0.93;3634.46;3626.47;3650.14;3643.93;CLOSE;880.71;7.99;1.185
2025.09.10 17:45;2025.09.10 23:00;NY;reversal;SHORT;1.00;3646.79;3654.02;3632.39;3642.26;CLOSE;453.00;7.23;0.627
2025.09.11 04:11;2025.09.11 04:36;ASIA;reversal;LONG;1.00;3647.11;3644.27;3652.73;3644.27;SL;-284.00;2.84;-1.000
2025.09.12 18:05;2025.09.12 23:00;NY;reversal;SHORT;1.00;3646.61;3652.56;3634.74;3644.33;CLOSE;228.00;5.95;0.383
2025.09.15 05:17;2025.09.15 09:30;ASIA;reversal;LONG;0.95;3642.66;3634.84;3658.18;3641.81;CLOSE;-80.75;7.82;-0.109
2025.09.16 05:46;2025.09.16 07:23;ASIA;reversal;SHORT;1.00;3676.28;3683.67;3661.62;3683.68;SL;-740.00;7.39;-1.001
2025.09.16 17:29;2025.09.16 18:35;NY;reversal;SHORT;1.00;3692.04;3698.52;3679.14;3679.13;TP;1291.00;6.48;1.992
2025.09.19 04:04;2025.09.19 04:50;ASIA;reversal;LONG;1.00;3642.73;3636.73;3654.61;3636.72;SL;-601.00;6.00;-1.002
2025.09.22 05:46;2025.09.22 06:15;ASIA;reversal;SHORT;1.00;3685.55;3690.73;3675.37;3690.76;SL;-521.00;5.18;-1.006
2025.09.24 04:25;2025.09.24 06:42;ASIA;reversal;SHORT;1.00;3758.67;3765.13;3746.44;3765.14;SL;-647.00;6.46;-1.002
2025.09.26 04:18;2025.09.26 08:38;ASIA;reversal;SHORT;0.83;3740.14;3749.05;3722.32;3749.05;SL;-739.53;8.91;-1.000
2025.09.29 17:20;2025.09.29 17:29;NY;reversal;SHORT;0.74;3818.09;3828.08;3798.44;3828.17;SL;-745.92;9.99;-1.009
2025.10.01 04:29;2025.10.01 05:05;ASIA;reversal;LONG;1.00;3865.28;3861.28;3873.25;3873.42;TP;814.00;4.00;2.035
2025.10.01 17:47;2025.10.01 18:03;NY;reversal;SHORT;0.80;3867.71;3876.96;3849.24;3876.98;SL;-741.60;9.25;-1.002
2025.10.02 04:23;2025.10.02 09:30;ASIA;reversal;LONG;1.00;3863.74;3856.55;3877.91;3871.88;CLOSE;814.00;7.19;1.132
2025.10.03 04:05;2025.10.03 04:06;ASIA;reversal;LONG;1.00;3862.58;3857.24;3873.17;3857.14;SL;-544.00;5.34;-1.019
2025.10.03 18:56;2025.10.03 23:00;NY;reversal;LONG;0.41;3890.57;3872.79;3926.10;3885.68;CLOSE;-200.49;17.78;-0.275
2025.10.07 18:45;2025.10.07 20:10;NY;reversal;SHORT;0.57;3970.16;3982.87;3945.46;3982.88;SL;-725.04;12.71;-1.001
2025.10.08 04:55;2025.10.08 05:53;ASIA;reversal;LONG;1.00;3999.37;3994.19;4009.49;4009.52;TP;1015.00;5.18;1.959
2025.10.09 05:17;2025.10.09 06:38;ASIA;reversal;SHORT;0.38;4008.62;4027.76;3970.67;4027.86;SL;-731.12;19.14;-1.005
2025.10.10 04:09;2025.10.10 06:24;ASIA;reversal;SHORT;0.84;3984.50;3993.18;3970.02;3970.01;TP;1217.16;8.68;1.669
2025.10.10 18:04;2025.10.10 20:09;NY;reversal;LONG;0.33;3998.13;3975.86;4042.37;3975.43;SL;-749.10;22.27;-1.019
2025.10.15 18:50;2025.10.15 19:24;NY;reversal;SHORT;0.46;4182.99;4198.68;4152.57;4198.73;SL;-724.04;15.69;-1.003
2025.10.17 03:41;2025.10.17 04:00;ASIA;reversal;LONG;0.63;4366.84;4355.24;4390.04;4355.24;SL;-730.80;11.60;-1.000
2025.10.20 17:15;2025.10.20 21:35;NY;reversal;LONG;0.34;4320.85;4299.58;4361.83;4361.85;TP;1394.00;21.27;1.928
2025.10.21 04:16;2025.10.21 08:31;ASIA;reversal;SHORT;0.52;4356.34;4370.51;4328.03;4327.96;TP;1475.76;14.17;2.003
2025.10.23 19:44;2025.10.23 23:00;NY;reversal;SHORT;0.40;4132.35;4150.78;4095.61;4118.55;CLOSE;552.00;18.43;0.749
2025.10.24 04:51;2025.10.24 09:07;ASIA;reversal;SHORT;0.47;4117.26;4133.10;4087.20;4086.94;TP;1425.04;15.84;1.914
2025.10.29 05:32;2025.10.29 06:40;ASIA;reversal;SHORT;0.57;3958.85;3971.98;3933.31;3972.21;SL;-761.52;13.13;-1.018
2025.10.29 18:45;2025.10.29 21:35;NY;reversal;SHORT;0.44;4002.17;4018.93;3969.31;3966.93;TP;1550.56;16.76;2.103
2025.10.30 04:06;2025.10.30 04:11;ASIA;reversal;LONG;0.60;3964.47;3952.02;3988.83;3951.84;SL;-757.80;12.45;-1.014
2025.10.31 04:10;2025.10.31 04:42;ASIA;reversal;LONG;0.70;4036.82;4026.15;4058.16;4026.14;SL;-747.60;10.67;-1.001
2025.11.03 18:16;2025.11.03 23:00;NY;reversal;SHORT;0.29;4000.21;4026.08;3952.73;4010.16;CLOSE;-288.55;25.87;-0.385
2025.11.04 05:30;2025.11.04 07:32;ASIA;reversal;LONG;0.55;3994.49;3980.91;4021.56;3980.77;SL;-754.60;13.58;-1.010
2025.11.05 04:37;2025.11.05 06:41;ASIA;reversal;LONG;0.65;3948.58;3937.14;3971.25;3971.27;TP;1474.85;11.44;1.983
2025.11.05 18:46;2025.11.05 23:00;NY;reversal;LONG;0.47;3985.63;3969.62;4017.53;3984.44;CLOSE;-55.93;16.01;-0.074
2025.11.07 06:02;2025.11.07 08:33;ASIA;reversal;SHORT;0.52;3987.24;4001.57;3958.64;4001.79;SL;-756.60;14.33;-1.015
2025.11.14 03:52;2025.11.14 08:28;ASIA;reversal;LONG;0.50;4189.02;4174.14;4218.69;4173.55;SL;-773.50;14.88;-1.040
2025.11.17 04:52;2025.11.17 07:33;ASIA;reversal;SHORT;0.52;4082.60;4096.90;4054.00;4053.77;TP;1499.16;14.30;2.016
2025.11.19 04:34;2025.11.19 07:18;ASIA;reversal;LONG;0.78;4070.33;4060.72;4089.19;4089.53;TP;1497.60;9.61;1.998
2025.11.19 17:53;2025.11.19 23:00;NY;reversal;SHORT;0.27;4100.82;4128.96;4048.02;4076.43;CLOSE;658.53;28.14;0.867
2025.11.21 03:55;2025.11.21 04:53;ASIA;reversal;LONG;0.61;4073.86;4061.50;4098.43;4061.37;SL;-761.89;12.36;-1.011
2025.11.21 18:34;2025.11.21 22:31;NY;reversal;LONG;0.55;4075.19;4061.60;4102.37;4061.41;SL;-757.90;13.59;-1.014
2025.11.26 17:16;2025.11.26 23:00;NY;reversal;LONG;0.59;4154.23;4141.56;4179.57;4164.10;CLOSE;582.33;12.67;0.779
2025.11.27 18:24;2025.11.27 19:50;NY;reversal;SHORT;1.00;4152.82;4159.01;4140.71;4159.06;SL;-624.00;6.19;-1.008
2025.11.28 06:29;2025.11.28 09:30;ASIA;reversal;SHORT;0.61;4179.11;4191.49;4158.76;4183.05;CLOSE;-240.34;12.38;-0.318
2025.11.28 18:26;2025.12.01 03:28;NY;reversal;LONG;0.52;4209.28;4194.86;4237.07;4237.15;TP;1416.02;14.42;1.933
2025.12.04 04:00;2025.12.04 05:02;ASIA;reversal;SHORT;0.84;4205.65;4214.67;4187.94;4187.77;TP;1501.92;9.02;1.982
2025.12.04 18:09;2025.12.04 23:00;NY;reversal;LONG;0.38;4213.66;4193.56;4252.57;4209.86;CLOSE;-144.40;20.10;-0.189
2025.12.05 18:09;2025.12.05 23:00;NY;reversal;SHORT;0.42;4227.54;4245.43;4194.34;4202.11;CLOSE;1068.06;17.89;1.421
2025.12.08 04:54;2025.12.08 09:30;ASIA;reversal;LONG;0.74;4211.71;4201.27;4232.56;4213.80;CLOSE;154.66;10.44;0.200
2025.12.09 05:23;2025.12.09 06:44;ASIA;reversal;LONG;0.92;4197.21;4188.86;4213.91;4188.74;SL;-779.24;8.35;-1.014
2025.12.10 05:40;2025.12.10 09:30;ASIA;reversal;SHORT;0.68;4206.78;4217.95;4184.89;4207.86;CLOSE;-73.44;11.17;-0.097
2025.12.10 18:31;2025.12.10 21:40;NY;reversal;LONG;0.72;4202.01;4191.32;4223.39;4191.30;SL;-771.12;10.69;-1.002
2025.12.16 04:53;2025.12.16 07:30;ASIA;reversal;SHORT;0.59;4299.00;4311.90;4273.86;4273.76;TP;1489.16;12.90;1.957
2025.12.16 17:15;2025.12.16 18:32;NY;reversal;SHORT;0.78;4322.00;4331.91;4302.18;4302.15;TP;1548.30;9.91;2.003
2025.12.17 04:56;2025.12.17 05:02;ASIA;reversal;SHORT;0.88;4311.45;4320.26;4293.83;4320.28;SL;-777.04;8.81;-1.002
2025.12.17 17:53;2025.12.17 19:59;NY;reversal;SHORT;0.46;4325.82;4342.55;4294.25;4342.59;SL;-771.42;16.73;-1.002
2025.12.22 17:45;2025.12.22 23:00;NY;reversal;LONG;0.53;4429.05;4414.69;4457.29;4438.60;CLOSE;506.15;14.36;0.665
2025.12.23 18:26;2025.12.23 23:00;NY;reversal;LONG;0.32;4465.23;4441.68;4511.70;4497.63;CLOSE;1036.80;23.55;1.376
2025.12.26 19:33;2025.12.26 21:14;NY;reversal;SHORT;0.36;4511.99;4533.55;4471.57;4533.65;SL;-779.76;21.56;-1.005
2026.01.06 17:37;2026.01.06 19:05;NY;reversal;SHORT;0.31;4465.26;4489.68;4416.84;4489.71;SL;-757.95;24.42;-1.001
2026.01.07 18:21;2026.01.07 23:00;NY;reversal;LONG;0.44;4453.05;4435.64;4487.42;4452.01;CLOSE;-45.76;17.41;-0.060
2026.01.13 05:02;2026.01.13 08:33;ASIA;reversal;LONG;0.53;4595.87;4581.45;4624.41;4581.33;SL;-770.62;14.42;-1.008
2026.01.16 04:35;2026.01.16 07:45;ASIA;reversal;SHORT;0.57;4593.82;4607.28;4567.02;4607.35;SL;-771.21;13.46;-1.005
2026.01.16 17:23;2026.01.16 17:31;NY;reversal;SHORT;0.41;4596.13;4614.68;4559.42;4559.26;TP;1511.67;18.55;1.988
2026.01.20 18:53;2026.01.20 23:00;NY;reversal;LONG;0.34;4750.82;4728.59;4794.83;4756.83;CLOSE;204.34;22.23;0.270
2026.01.26 18:03;2026.01.26 18:28;NY;reversal;LONG;0.34;5097.00;5074.72;5141.50;5074.68;SL;-758.88;22.28;-1.002
2026.01.28 17:08;2026.01.28 18:09;NY;reversal;SHORT;0.19;5249.87;5288.44;5173.66;5288.58;SL;-735.49;38.57;-1.004
2026.02.05 18:43;2026.02.05 22:48;NY;reversal;LONG;0.12;4869.84;4806.08;4997.18;4805.83;SL;-768.12;63.76;-1.004
2026.02.12 18:10;2026.02.12 18:14;NY;reversal;SHORT;0.21;5036.04;5071.66;4974.94;4974.76;TP;1286.88;35.62;1.720
2026.02.16 19:03;2026.02.17 02:06;NY;reversal;LONG;0.60;4994.39;4981.72;5019.64;4981.58;SL;-806.93;12.67;-1.011
2026.02.20 17:03;2026.02.20 17:06;NY;reversal;SHORT;0.28;5033.43;5060.51;4991.87;4989.84;TP;1220.52;27.08;1.610
2026.02.26 06:12;2026.02.26 09:30;ASIA;reversal;LONG;0.38;5199.22;5179.17;5237.01;5185.22;CLOSE;-532.00;20.05;-0.698
2026.02.26 17:43;2026.02.26 23:00;NY;reversal;LONG;0.22;5175.78;5141.10;5244.93;5196.54;CLOSE;456.72;34.68;0.599
2026.03.09 04:15;2026.03.09 09:30;ASIA;reversal;LONG;0.14;5079.89;5028.36;5182.17;5126.84;CLOSE;657.30;51.53;0.911
2026.03.09 17:44;2026.03.09 23:00;NY;reversal;LONG;0.17;5111.20;5067.38;5198.69;5141.10;CLOSE;508.30;43.82;0.682
2026.03.10 04:01;2026.03.10 04:26;ASIA;reversal;LONG;0.63;5141.55;5129.32;5165.23;5165.53;TP;1510.74;12.23;1.961
2026.03.10 18:13;2026.03.10 21:17;NY;reversal;LONG;0.30;5221.83;5196.25;5272.54;5195.96;SL;-776.10;25.58;-1.011
2026.03.16 04:13;2026.03.16 09:15;ASIA;reversal;SHORT;0.24;4996.42;5028.65;4932.95;5028.66;SL;-773.76;32.23;-1.000
2026.03.16 17:27;2026.03.16 18:29;NY;reversal;SHORT;0.47;5018.01;5034.25;4985.95;4984.72;TP;1564.63;16.24;2.050
2026.03.17 04:29;2026.03.17 08:16;ASIA;reversal;LONG;0.56;5014.15;5000.16;5042.10;5042.83;TP;1606.08;13.99;2.050
2026.03.18 04:07;2026.03.18 04:45;ASIA;reversal;LONG;0.72;5012.26;5001.40;5033.92;5001.24;SL;-793.44;10.86;-1.015
2026.03.19 04:05;2026.03.19 04:30;ASIA;reversal;SHORT;0.60;4835.36;4848.35;4809.68;4848.36;SL;-780.00;12.99;-1.001
2026.03.23 18:46;2026.03.23 21:49;NY;reversal;SHORT;0.12;4401.56;4466.52;4273.20;4466.75;SL;-782.28;64.96;-1.004
2026.03.25 17:50;2026.03.25 18:16;NY;reversal;LONG;0.22;4576.37;4541.11;4646.62;4540.45;SL;-790.24;35.26;-1.019
2026.03.26 19:01;2026.03.26 22:54;NY;reversal;SHORT;0.24;4429.00;4460.42;4366.82;4365.64;TP;1520.64;31.42;2.017
2026.03.27 04:31;2026.03.27 08:37;ASIA;reversal;LONG;0.27;4411.04;4382.70;4467.69;4467.80;TP;1532.52;28.34;2.003
2026.04.01 17:21;2026.04.01 18:44;NY;reversal;LONG;0.41;4749.94;4730.94;4786.50;4786.68;TP;1506.34;19.00;1.934
2026.04.06 17:10;2026.04.06 17:19;NY;reversal;SHORT;0.38;4660.95;4681.65;4620.72;4681.80;SL;-792.30;20.70;-1.007
2026.04.07 04:03;2026.04.07 04:09;ASIA;reversal;LONG;0.65;4661.24;4649.12;4684.55;4647.52;SL;-891.80;12.12;-1.132
2026.04.07 19:03;2026.04.07 22:49;NY;reversal;LONG;0.27;4664.25;4635.73;4717.87;4718.56;TP;1466.37;28.52;1.904
2026.04.09 18:17;2026.04.09 23:00;NY;reversal;LONG;0.29;4777.59;4750.53;4829.97;4768.82;CLOSE;-254.33;27.06;-0.324
2026.04.10 05:13;2026.04.10 06:36;ASIA;reversal;SHORT;0.59;4750.51;4763.84;4724.45;4763.92;SL;-791.19;13.33;-1.006
2026.04.10 18:36;2026.04.10 23:00;NY;reversal;SHORT;0.54;4764.31;4778.81;4738.70;4760.06;CLOSE;229.50;14.50;0.293
2026.04.13 19:47;2026.04.13 23:00;NY;reversal;LONG;0.32;4745.80;4721.62;4789.75;4741.20;CLOSE;-147.20;24.18;-0.190
2026.04.15 04:09;2026.04.15 04:16;ASIA;reversal;LONG;0.70;4840.08;4828.80;4862.43;4862.65;TP;1579.90;11.28;2.001
2026.04.16 03:40;2026.04.16 04:33;ASIA;reversal;LONG;0.93;4831.20;4822.66;4848.25;4822.58;SL;-801.66;8.54;-1.009
2026.04.17 04:09;2026.04.17 04:12;ASIA;reversal;SHORT;1.00;4785.75;4792.89;4772.46;4771.91;TP;1384.00;7.14;1.938
2026.04.20 17:26;2026.04.20 17:35;NY;reversal;LONG;0.76;4826.52;4815.98;4846.76;4815.50;SL;-837.52;10.54;-1.046
2026.04.22 04:22;2026.04.22 08:16;ASIA;reversal;LONG;0.88;4747.18;4738.15;4765.18;4766.61;TP;1709.84;9.03;2.152
2026.04.24 04:44;2026.04.24 07:25;ASIA;reversal;SHORT;0.53;4690.77;4705.88;4660.88;4660.00;TP;1630.81;15.11;2.036
2026.04.28 19:52;2026.04.28 23:00;NY;reversal;LONG;0.36;4593.01;4570.84;4635.52;4595.63;CLOSE;94.32;22.17;0.118
2026.05.01 05:11;2026.05.01 05:46;ASIA;reversal;LONG;0.77;4631.17;4620.60;4651.77;4620.56;SL;-816.97;10.57;-1.004
2026.05.04 05:00;2026.05.04 05:21;ASIA;reversal;LONG;0.53;4617.14;4601.96;4645.43;4601.78;SL;-814.08;15.18;-1.012
2026.05.04 17:18;2026.05.04 18:00;NY;reversal;LONG;0.52;4571.03;4555.69;4600.78;4555.43;SL;-811.20;15.34;-1.017
2026.05.05 17:14;2026.05.05 17:25;NY;reversal;SHORT;0.70;4571.66;4583.06;4548.95;4583.82;SL;-851.20;11.40;-1.067
2026.05.06 19:58;2026.05.06 23:00;NY;reversal;SHORT;0.29;4679.97;4707.46;4626.04;4692.69;CLOSE;-368.88;27.49;-0.463
2026.05.07 04:10;2026.05.07 09:30;ASIA;reversal;LONG;0.70;4701.25;4689.95;4723.37;4717.18;CLOSE;1115.10;11.30;1.410
2026.05.07 18:26;2026.05.07 20:27;NY;reversal;SHORT;0.38;4737.25;4758.20;4695.74;4695.42;TP;1589.54;20.95;1.997
2026.05.11 03:52;2026.05.11 04:04;ASIA;reversal;SHORT;0.49;4674.97;4691.46;4644.48;4691.91;SL;-830.06;16.49;-1.027
2026.05.18 05:46;2026.05.18 09:30;ASIA;reversal;LONG;0.29;4542.57;4514.86;4597.45;4537.54;CLOSE;-145.87;27.71;-0.182
2026.05.20 04:27;2026.05.20 09:30;ASIA;reversal;SHORT;0.36;4479.62;4501.95;4435.14;4472.33;CLOSE;262.44;22.33;0.326
2026.05.20 17:16;2026.05.20 17:30;NY;reversal;LONG;0.72;4493.20;4482.00;4514.94;4515.01;TP;1570.32;11.20;1.947
2026.05.21 05:30;2026.05.21 09:30;ASIA;reversal;SHORT;0.51;4537.44;4553.15;4506.38;4533.28;CLOSE;212.16;15.71;0.265
2026.05.22 03:51;2026.05.22 08:56;ASIA;reversal;SHORT;1.00;4530.30;4537.18;4516.81;4516.70;TP;1360.00;6.88;1.977
2026.05.22 19:31;2026.05.22 22:03;NY;reversal;LONG;0.49;4527.01;4510.43;4560.17;4510.07;SL;-830.06;16.58;-1.022
2026.05.25 04:07;2026.05.25 09:30;ASIA;reversal;SHORT;0.85;4566.11;4575.66;4547.10;4554.47;CLOSE;989.40;9.55;1.219
2026.05.28 04:05;2026.05.28 04:25;ASIA;reversal;SHORT;0.84;4444.04;4453.85;4424.66;4424.12;TP;1673.28;9.81;2.031
2026.06.02 04:01;2026.06.02 06:27;ASIA;reversal;SHORT;0.49;4476.95;4493.82;4443.27;4493.90;SL;-830.55;16.87;-1.005
2026.06.03 04:02;2026.06.03 05:41;ASIA;reversal;SHORT;0.86;4473.70;4483.28;4455.02;4483.41;SL;-835.06;9.58;-1.014
2026.06.04 04:12;2026.06.04 09:30;ASIA;reversal;LONG;0.45;4465.82;4447.59;4500.66;4472.13;CLOSE;283.95;18.23;0.346
2026.06.05 04:26;2026.06.05 09:30;ASIA;reversal;SHORT;0.57;4450.64;4464.96;4422.12;4442.70;CLOSE;452.58;14.32;0.554
2026.06.09 04:03;2026.06.09 05:45;ASIA;reversal;LONG;0.94;4324.14;4315.39;4340.41;4340.42;TP;1530.32;8.75;1.861
2026.06.11 18:51;2026.06.11 20:33;NY;reversal;LONG;0.32;4092.69;4067.30;4143.02;4143.37;TP;1621.76;25.39;1.996
2026.06.12 18:05;2026.06.12 23:00;NY;reversal;LONG;0.30;4210.66;4182.94;4264.48;4210.74;CLOSE;2.40;27.72;0.003
2026.06.15 04:32;2026.06.15 09:30;ASIA;reversal;LONG;0.56;4308.30;4293.35;4337.81;4304.57;CLOSE;-208.88;14.95;-0.249
2026.06.17 17:47;2026.06.17 17:48;NY;reversal;SHORT;0.59;4330.90;4345.19;4307.30;4345.23;SL;-845.47;14.29;-1.003
2026.06.22 18:39;2026.06.22 23:00;NY;reversal;SHORT;0.36;4182.75;4205.66;4137.53;4191.12;CLOSE;-301.32;22.91;-0.365
2026.06.23 04:17;2026.06.23 04:49;ASIA;reversal;SHORT;0.58;4177.90;4192.29;4150.56;4150.39;TP;1595.58;14.39;1.912
2026.06.26 05:19;2026.06.26 05:53;ASIA;reversal;SHORT;0.67;4010.92;4023.45;3987.51;3987.49;TP;1569.81;12.53;1.870
2026.07.03 18:03;2026.07.03 19:06;NY;reversal;LONG;1.00;4171.94;4163.62;4188.31;4163.61;SL;-833.00;8.32;-1.001
2026.07.06 05:36;2026.07.06 09:30;ASIA;reversal;SHORT;0.57;4170.51;4185.30;4141.14;4156.67;CLOSE;788.88;14.79;0.936
2026.07.06 18:29;2026.07.06 23:00;NY;reversal;LONG;0.65;4150.44;4137.41;4176.32;4163.80;CLOSE;868.40;13.03;1.025
2026.07.07 03:37;2026.07.07 04:20;ASIA;reversal;SHORT;0.97;4151.81;4160.61;4134.63;4134.58;TP;1671.31;8.80;1.958
2026.07.08 04:37;2026.07.08 04:45;ASIA;reversal;SHORT;0.79;4096.98;4107.94;4075.06;4108.77;SL;-931.41;10.96;-1.076
2026.07.09 17:15;2026.07.09 18:06;NY;reversal;SHORT;0.72;4117.57;4129.48;4094.53;4130.00;SL;-894.96;11.91;-1.044
2026.07.10 03:45;2026.07.10 04:38;ASIA;reversal;LONG;0.98;4125.69;4117.00;4142.92;4116.77;SL;-874.16;8.69;-1.026
2026.07.10 17:33;2026.07.10 17:49;NY;reversal;SHORT;0.46;4086.88;4105.36;4050.19;4105.62;SL;-862.04;18.48;-1.014
2026.07.14 17:34;2026.07.14 18:41;NY;reversal;LONG;0.59;4088.60;4074.38;4117.01;4074.31;SL;-843.11;14.22;-1.005
2026.07.15 04:31;2026.07.15 04:43;ASIA;reversal;SHORT;1.00;4051.01;4058.17;4036.84;4036.82;TP;1419.00;7.16;1.982
2026.07.16 03:44;2026.07.16 03:52;ASIA;reversal;SHORT;1.00;4054.78;4060.29;4043.97;4060.37;SL;-559.00;5.51;-1.015
2026.07.17 03:58;2026.07.17 04:51;ASIA;reversal;LONG;1.00;3990.93;3983.08;4006.63;3982.99;SL;-794.00;7.85;-1.011
2026.07.20 18:09;2026.07.20 19:41;NY;reversal;LONG;0.67;4018.20;4005.63;4040.67;4005.49;SL;-851.57;12.57;-1.011
2026.07.23 04:00;2026.07.23 04:37;ASIA;reversal;LONG;0.94;4135.09;4126.16;4151.66;4126.16;SL;-839.42;8.93;-1.000
2026.07.24 04:04;2026.07.24 04:44;ASIA;reversal;SHORT;0.95;4041.25;4050.05;4023.68;4050.16;SL;-846.45;8.80;-1.012
2026.07.27 19:30;2026.07.27 23:00;NY;reversal;LONG;0.42;4090.04;4070.59;4127.14;4083.40;CLOSE;-278.88;19.45;-0.341
2026.07.28 18:10;2026.07.28 23:00;NY;reversal;LONG;0.63;4033.37;4020.28;4057.96;4026.29;CLOSE;-446.04;13.09;-0.541
2026.07.29 04:39;2026.07.29 09:30;ASIA;reversal;LONG;0.69;4029.58;4017.59;4052.72;4041.14;CLOSE;797.64;11.99;0.964
2026.07.29 19:34;2026.07.29 20:13;NY;reversal;LONG;0.53;4018.03;4002.44;4048.61;4048.80;TP;1630.81;15.59;1.974
2026.07.30 04:04;2026.07.30 05:50;ASIA;reversal;LONG;0.60;4086.52;4072.72;4114.00;4072.68;SL;-830.40;13.80;-1.003
2026.07.31 17:49;2026.07.31 23:00;NY;reversal;LONG;0.38;4043.73;4021.92;4087.32;4050.88;CLOSE;271.70;21.81;0.328
2026.08.04 19:49;2026.08.04 21:45;NY;reversal;LONG;0.47;4093.75;4076.00;4129.22;4075.92;SL;-838.01;17.75;-1.005
2026.08.06 06:17;2026.08.06 09:30;ASIA;reversal;SHORT;0.41;4264.50;4284.48;4224.57;4257.76;CLOSE;276.34;19.98;0.337
2026.08.06 18:51;2026.08.06 23:00;NY;reversal;SHORT;0.29;4245.76;4274.09;4189.37;4249.08;CLOSE;-96.28;28.33;-0.117
2026.08.07 04:43;2026.08.07 08:56;ASIA;reversal;LONG;0.59;4253.19;4239.16;4279.84;4280.08;TP;1586.51;14.03;1.917
2026.08.11 04:02;2026.08.11 04:15;ASIA;reversal;SHORT;0.42;4396.38;4416.00;4357.35;4416.03;SL;-825.30;19.62;-1.002
2026.08.12 19:45;2026.08.12 23:00;NY;reversal;SHORT;0.32;4408.58;4433.99;4357.76;4414.36;CLOSE;-184.96;25.41;-0.227
2026.08.13 04:46;2026.08.13 09:30;ASIA;reversal;SHORT;0.33;4412.75;4437.56;4363.40;4376.06;CLOSE;1210.77;24.81;1.479
2026.08.18 04:41;2026.08.18 06:49;ASIA;reversal;SHORT;0.67;4418.94;4431.46;4394.08;4394.00;TP;1670.98;12.52;1.992
2026.08.19 04:01;2026.08.19 04:15;ASIA;reversal;SHORT;0.57;4331.44;4346.13;4302.75;4346.24;SL;-843.60;14.69;-1.007
2026.08.21 04:21;2026.08.21 08:58;ASIA;reversal;LONG;0.62;4527.47;4513.90;4554.31;4554.31;TP;1664.08;13.57;1.978
2026.08.25 04:00;2026.08.25 05:05;ASIA;reversal;SHORT;0.52;4675.11;4691.46;4643.31;4642.22;TP;1710.28;16.35;2.012
2026.08.26 04:57;2026.08.26 06:45;ASIA;reversal;LONG;0.58;4657.81;4643.02;4687.15;4642.83;SL;-868.84;14.79;-1.013
2026.08.27 04:37;2026.08.27 08:30;ASIA;reversal;LONG;0.61;4627.35;4613.33;4654.40;4613.12;SL;-868.03;14.02;-1.015
2026.08.31 04:00;2026.08.31 05:03;ASIA;reversal;SHORT;0.63;4451.73;4465.16;4426.37;4426.35;TP;1598.94;13.43;1.890
2026.09.03 03:52;2026.09.03 04:11;ASIA;reversal;LONG;1.00;4392.44;4384.78;4407.76;4407.88;TP;1544.00;7.66;2.016
2026.09.04 03:45;2026.09.04 04:26;ASIA;reversal;LONG;0.98;4483.19;4474.37;4500.68;4474.36;SL;-865.34;8.82;-1.001
2026.09.07 03:48;2026.09.07 03:56;ASIA;reversal;LONG;1.00;4428.85;4421.08;4443.31;4420.91;SL;-794.00;7.77;-1.022
2026.09.08 19:08;2026.09.08 23:00;NY;reversal;SHORT;0.50;4390.40;4407.37;4356.55;4359.24;CLOSE;1558.00;16.97;1.836
2026.09.11 06:21;2026.09.11 07:13;ASIA;reversal;SHORT;0.76;4312.61;4323.96;4290.09;4323.99;SL;-864.88;11.35;-1.003
2026.09.14 04:48;2026.09.14 06:00;ASIA;reversal;LONG;0.47;4347.83;4329.49;4383.43;4328.96;SL;-886.89;18.34;-1.029
2026.09.14 17:14;2026.09.14 17:23;NY;reversal;LONG;0.60;4281.37;4267.12;4309.06;4266.89;SL;-868.80;14.25;-1.016
2026.09.15 17:27;2026.09.15 19:54;NY;reversal;SHORT;0.60;4284.12;4298.30;4256.00;4298.30;SL;-850.80;14.18;-1.000
2026.09.16 04:13;2026.09.16 04:57;ASIA;reversal;LONG;1.00;4286.61;4280.61;4297.41;4280.57;SL;-604.00;6.00;-1.007
2026.09.16 17:50;2026.09.16 21:01;NY;reversal;LONG;0.44;4354.29;4335.06;4392.45;4334.96;SL;-850.52;19.23;-1.005
2026.09.17 17:56;2026.09.17 23:00;NY;reversal;SHORT;0.45;4355.38;4374.09;4318.02;4346.27;CLOSE;409.95;18.71;0.487
2026.09.18 06:16;2026.09.18 06:42;ASIA;reversal;SHORT;0.53;4341.45;4357.37;4311.89;4357.38;SL;-844.29;15.92;-1.001
2026.09.18 19:20;2026.09.18 23:00;NY;reversal;LONG;0.41;4367.48;4347.24;4407.75;4376.36;CLOSE;364.08;20.24;0.439
2026.09.24 04:46;2026.09.24 05:33;ASIA;reversal;SHORT;0.95;4283.47;4292.30;4267.10;4292.37;SL;-845.50;8.83;-1.008
2026.09.24 19:16;2026.09.24 20:19;NY;reversal;LONG;0.64;4277.83;4264.86;4303.50;4264.12;SL;-877.44;12.97;-1.057
2026.09.25 18:30;2026.09.25 18:46;NY;reversal;LONG;0.74;4284.60;4273.34;4306.01;4273.16;SL;-846.56;11.26;-1.016
