open_time;close_time;session;module;dir;lots;entry;sl;tp;exit;exit_reason;profit_usd;risk_price;result_R
2020.03.05 05:43;2020.03.05 08:00;ASIA;reversal;LONG;1.75;1640.76;1637.91;1646.46;1637.91;SL;-498.75;2.85;-1.000
2020.03.06 06:26;2020.03.06 08:33;ASIA;reversal;LONG;1.18;1674.95;1670.74;1683.34;1670.74;SL;-496.78;4.21;-1.000
2020.03.06 17:21;2020.03.06 17:23;NY;reversal;SHORT;0.60;1677.52;1685.75;1661.06;1661.00;TP;991.20;8.23;2.007
2020.03.09 06:14;2020.03.09 07:23;ASIA;reversal;SHORT;0.45;1690.18;1701.22;1668.16;1668.13;TP;992.25;11.04;1.997
2020.03.10 04:45;2020.03.10 07:25;ASIA;reversal;LONG;0.80;1671.47;1665.17;1683.71;1665.17;SL;-504.00;6.30;-1.000
2020.03.12 04:40;2020.03.12 05:00;ASIA;reversal;SHORT;1.21;1641.28;1645.42;1633.03;1633.02;TP;999.46;4.14;1.995
2020.03.13 04:00;2020.03.13 04:23;ASIA;reversal;SHORT;1.42;1576.54;1580.10;1569.48;1569.48;TP;1002.52;3.56;1.983
2020.03.17 04:05;2020.03.17 09:30;ASIA;reversal;SHORT;0.45;1504.15;1515.46;1481.62;1487.27;CLOSE;759.60;11.31;1.492
2020.03.18 03:44;2020.03.18 03:58;ASIA;reversal;SHORT;0.96;1532.85;1538.20;1522.21;1538.24;SL;-517.44;5.35;-1.007
2020.03.18 17:59;2020.03.18 23:00;NY;reversal;SHORT;0.35;1499.30;1513.76;1470.77;1495.33;CLOSE;138.95;14.46;0.275
2020.03.20 19:08;2020.03.20 23:00;NY;reversal;SHORT;0.51;1485.70;1495.65;1465.80;1489.43;CLOSE;-190.23;9.95;-0.375
2020.03.23 04:00;2020.03.23 06:22;ASIA;reversal;SHORT;0.81;1491.38;1497.66;1478.82;1497.66;SL;-508.68;6.28;-1.000
2020.03.26 03:44;2020.03.26 03:53;ASIA;reversal;LONG;1.59;1611.64;1608.43;1618.00;1608.42;SL;-511.98;3.21;-1.003
2020.03.27 04:40;2020.03.27 04:51;ASIA;reversal;LONG;1.68;1627.38;1624.36;1633.30;1624.33;SL;-512.40;3.02;-1.010
2020.03.27 19:36;2020.03.27 23:00;NY;reversal;LONG;0.45;1629.02;1617.80;1651.46;1619.16;CLOSE;-443.70;11.22;-0.879
2020.03.31 05:33;2020.03.31 05:43;ASIA;reversal;LONG;1.43;1618.84;1615.32;1625.82;1615.30;SL;-506.22;3.52;-1.006
2020.03.31 17:17;2020.03.31 17:45;NY;reversal;LONG;0.99;1611.83;1606.81;1621.87;1606.68;SL;-509.85;5.02;-1.026
2020.04.03 04:11;2020.04.03 05:10;ASIA;reversal;LONG;1.68;1612.61;1609.65;1618.50;1609.56;SL;-512.40;2.96;-1.030
2020.04.03 18:45;2020.04.03 19:30;NY;reversal;SHORT;0.62;1612.26;1620.14;1596.50;1620.15;SL;-489.18;7.88;-1.001
2020.04.07 04:24;2020.04.07 05:06;ASIA;reversal;LONG;0.89;1665.04;1659.50;1676.00;1659.47;SL;-495.73;5.54;-1.005
2020.04.09 04:08;2020.04.09 04:11;ASIA;reversal;SHORT;2.68;1646.14;1647.97;1642.75;1648.00;SL;-498.48;1.83;-1.016
2020.04.09 18:59;2020.04.09 21:21;NY;reversal;LONG;0.51;1685.09;1675.64;1703.99;1675.61;SL;-483.48;9.45;-1.003
2020.04.14 18:11;2020.04.14 19:04;NY;reversal;SHORT;0.41;1726.07;1737.80;1702.61;1737.81;SL;-481.34;11.73;-1.001
2020.04.15 04:38;2020.04.15 09:30;ASIA;reversal;SHORT;0.82;1722.83;1728.72;1711.17;1721.07;CLOSE;144.32;5.89;0.299
2020.04.16 04:39;2020.04.16 04:48;ASIA;reversal;LONG;1.10;1719.36;1714.98;1728.06;1714.96;SL;-484.00;4.38;-1.005
2020.04.16 19:20;2020.04.16 23:00;NY;reversal;SHORT;0.41;1718.72;1730.34;1695.57;1719.38;CLOSE;-27.06;11.62;-0.057
2020.04.17 04:16;2020.04.17 04:18;ASIA;reversal;SHORT;2.49;1713.56;1715.49;1709.73;1715.51;SL;-485.55;1.93;-1.010
2020.04.20 18:01;2020.04.20 23:00;NY;reversal;LONG;0.63;1692.54;1684.98;1707.54;1695.64;CLOSE;195.30;7.56;0.410
2020.04.21 03:38;2020.04.21 04:00;ASIA;reversal;LONG;1.81;1691.21;1688.57;1696.43;1688.57;SL;-477.84;2.64;-1.000
2020.04.22 05:43;2020.04.22 09:30;ASIA;reversal;SHORT;0.93;1684.44;1689.54;1674.24;1682.24;CLOSE;204.60;5.10;0.431
2020.04.23 04:58;2020.04.23 07:19;ASIA;reversal;SHORT;1.08;1709.03;1713.46;1700.29;1713.48;SL;-480.60;4.43;-1.005
2020.04.30 18:52;2020.04.30 19:17;NY;reversal;SHORT;0.59;1698.78;1706.77;1682.83;1682.83;TP;941.05;7.99;1.996
2020.05.04 04:49;2020.05.04 05:40;ASIA;reversal;LONG;1.28;1699.84;1696.10;1707.20;1696.10;SL;-478.72;3.74;-1.000
2020.05.06 04:00;2020.05.06 05:08;ASIA;reversal;LONG;2.16;1704.34;1702.13;1708.70;1702.13;SL;-477.36;2.21;-1.000
2020.05.08 17:56;2020.05.08 23:00;NY;reversal;SHORT;0.53;1711.47;1720.30;1693.81;1707.33;CLOSE;219.42;8.83;0.469
2020.05.11 04:22;2020.05.11 07:30;ASIA;reversal;LONG;1.96;1707.56;1705.13;1712.30;1705.11;SL;-480.20;2.43;-1.008
2020.05.12 19:43;2020.05.12 23:00;NY;reversal;SHORT;0.60;1701.94;1709.79;1686.24;1702.04;CLOSE;-6.00;7.85;-0.013
2020.05.13 04:41;2020.05.13 09:01;ASIA;reversal;SHORT;1.21;1701.94;1705.85;1694.12;1705.87;SL;-475.53;3.91;-1.005
2020.05.15 04:08;2020.05.15 09:30;ASIA;reversal;LONG;1.38;1732.67;1729.26;1739.40;1736.14;CLOSE;478.86;3.41;1.018
2020.05.15 18:03;2020.05.15 23:00;NY;reversal;LONG;0.71;1743.72;1737.12;1756.92;1743.85;CLOSE;9.23;6.60;0.020
2020.05.18 05:02;2020.05.18 09:30;ASIA;reversal;LONG;1.62;1759.93;1757.00;1765.76;1763.62;CLOSE;597.78;2.93;1.259
2020.05.19 17:20;2020.05.19 18:07;NY;reversal;LONG;1.34;1741.26;1737.70;1748.38;1737.70;SL;-477.04;3.56;-1.000
2020.05.22 05:09;2020.05.22 05:43;ASIA;reversal;SHORT;2.04;1725.88;1728.21;1721.22;1728.22;SL;-477.36;2.33;-1.004
2020.05.28 04:07;2020.05.28 08:43;ASIA;reversal;LONG;1.62;1713.00;1710.09;1718.76;1718.78;TP;936.36;2.91;1.986
2020.06.01 05:29;2020.06.01 09:30;ASIA;reversal;LONG;1.13;1739.70;1735.47;1748.13;1742.46;CLOSE;311.88;4.23;0.652
2020.06.01 17:12;2020.06.01 23:00;NY;reversal;LONG;1.29;1735.89;1732.18;1743.04;1739.82;CLOSE;506.97;3.71;1.059
2020.06.02 17:31;2020.06.02 18:28;NY;reversal;SHORT;1.46;1741.47;1744.77;1734.87;1734.87;TP;963.60;3.30;2.000
2020.06.04 04:25;2020.06.04 05:30;ASIA;reversal;LONG;2.54;1701.20;1699.29;1704.96;1704.96;TP;955.04;1.91;1.969
2020.06.04 19:18;2020.06.04 23:00;NY;reversal;LONG;0.35;1716.43;1702.38;1744.17;1716.00;CLOSE;-15.05;14.05;-0.031
2020.06.05 05:02;2020.06.05 09:30;ASIA;reversal;SHORT;1.57;1711.98;1715.10;1705.77;1709.89;CLOSE;328.13;3.12;0.670
2020.06.08 04:01;2020.06.08 08:05;ASIA;reversal;LONG;1.66;1684.21;1681.24;1690.09;1690.09;TP;976.08;2.97;1.980
2020.06.10 17:39;2020.06.10 21:01;NY;reversal;SHORT;1.06;1720.59;1725.28;1711.27;1711.26;TP;988.98;4.69;1.989
2020.06.11 18:44;2020.06.11 22:18;NY;reversal;SHORT;1.02;1734.28;1739.21;1724.45;1724.45;TP;1002.66;4.93;1.994
2020.06.15 04:45;2020.06.15 05:22;ASIA;reversal;LONG;2.19;1733.90;1731.58;1738.54;1731.58;SL;-508.08;2.32;-1.000
2020.06.16 17:55;2020.06.16 23:00;NY;reversal;LONG;0.77;1726.81;1720.32;1739.79;1726.35;CLOSE;-35.42;6.49;-0.071
2020.06.22 04:05;2020.06.22 04:33;ASIA;reversal;LONG;1.96;1751.15;1748.58;1756.29;1756.29;TP;1007.44;2.57;2.000
2020.06.22 17:52;2020.06.22 23:00;NY;reversal;SHORT;0.69;1754.46;1761.84;1739.73;1755.34;CLOSE;-60.72;7.38;-0.119
2020.06.23 04:04;2020.06.23 04:39;ASIA;reversal;LONG;1.88;1755.63;1752.93;1761.03;1752.93;SL;-507.60;2.70;-1.000
2020.06.24 19:10;2020.06.24 23:00;NY;reversal;SHORT;0.48;1762.07;1772.49;1741.26;1765.11;CLOSE;-145.92;10.42;-0.292
2020.06.25 05:09;2020.06.25 09:30;ASIA;reversal;SHORT;1.44;1761.50;1765.01;1754.57;1764.02;CLOSE;-362.88;3.51;-0.718
2020.06.25 19:20;2020.06.25 23:00;NY;reversal;LONG;1.12;1764.69;1760.20;1773.55;1763.58;CLOSE;-124.32;4.49;-0.247
2020.06.26 17:58;2020.06.26 20:02;NY;reversal;LONG;0.75;1756.08;1749.39;1769.46;1769.64;TP;1017.00;6.69;2.027
2020.06.29 04:15;2020.06.29 05:47;ASIA;reversal;SHORT;2.33;1770.34;1772.52;1765.98;1772.52;SL;-507.94;2.18;-1.000
2020.06.29 17:44;2020.06.29 18:51;NY;reversal;LONG;1.48;1772.92;1769.50;1779.67;1769.48;SL;-509.12;3.42;-1.006
2020.07.02 04:17;2020.07.02 04:25;ASIA;reversal;SHORT;2.35;1766.31;1768.45;1762.06;1768.47;SL;-507.60;2.14;-1.009
2020.07.03 04:03;2020.07.03 07:20;ASIA;reversal;LONG;1.52;1776.66;1773.36;1783.20;1773.36;SL;-501.60;3.30;-1.000
2020.07.07 04:50;2020.07.07 09:30;ASIA;reversal;SHORT;1.82;1783.45;1786.19;1778.03;1784.07;CLOSE;-112.84;2.74;-0.226
2020.07.08 18:24;2020.07.08 23:00;NY;reversal;SHORT;0.78;1808.76;1815.14;1796.33;1809.49;CLOSE;-56.94;6.38;-0.114
2020.07.09 04:49;2020.07.09 09:30;ASIA;reversal;LONG;2.26;1809.69;1807.49;1814.03;1810.47;CLOSE;176.28;2.20;0.355
2020.07.09 17:44;2020.07.09 18:04;NY;reversal;SHORT;1.08;1809.34;1813.93;1800.16;1800.15;TP;992.52;4.59;2.002
2020.07.10 04:46;2020.07.10 05:09;ASIA;reversal;LONG;2.57;1803.80;1801.84;1807.72;1801.82;SL;-508.86;1.96;-1.010
2020.07.16 18:08;2020.07.16 20:00;NY;reversal;SHORT;2.13;1805.55;1807.90;1800.85;1800.85;TP;1001.10;2.35;2.000
2020.07.21 04:04;2020.07.21 04:25;ASIA;reversal;LONG;2.59;1818.34;1816.39;1822.24;1816.38;SL;-507.64;1.95;-1.005
2020.07.27 19:46;2020.07.27 23:00;NY;reversal;SHORT;0.43;1932.20;1943.75;1909.10;1938.87;CLOSE;-286.81;11.55;-0.577
2020.07.28 06:03;2020.07.28 06:05;ASIA;reversal;SHORT;0.67;1959.59;1967.05;1944.67;1944.67;TP;999.64;7.46;2.000
2020.07.30 04:28;2020.07.30 08:29;ASIA;reversal;SHORT;1.14;1964.69;1969.11;1955.91;1955.90;TP;1002.06;4.42;1.989
2020.08.03 17:33;2020.08.03 23:00;NY;reversal;LONG;0.53;1971.33;1961.66;1990.67;1976.52;CLOSE;275.07;9.67;0.537
2020.08.05 19:16;2020.08.05 23:00;NY;reversal;SHORT;0.41;2035.54;2048.03;2010.56;2036.70;CLOSE;-47.56;12.49;-0.093
2020.08.06 17:42;2020.08.06 23:00;NY;reversal;SHORT;0.46;2056.91;2067.86;2035.01;2063.25;CLOSE;-291.64;10.95;-0.579
2020.08.07 04:13;2020.08.07 04:36;ASIA;reversal;LONG;0.90;2071.04;2065.38;2082.36;2065.37;SL;-510.30;5.66;-1.002
2020.08.10 18:21;2020.08.10 23:00;NY;reversal;SHORT;0.36;2033.98;2047.84;2006.35;2024.89;CLOSE;327.24;13.86;0.656
2020.08.12 04:41;2020.08.12 05:05;ASIA;reversal;SHORT;0.34;1908.91;1923.96;1878.81;1878.81;TP;1023.40;15.05;2.000
2020.08.12 17:54;2020.08.12 20:38;NY;reversal;LONG;0.41;1945.43;1933.04;1970.21;1933.03;SL;-508.40;12.39;-1.001
2020.08.14 04:07;2020.08.14 04:11;ASIA;reversal;SHORT;1.00;1954.11;1959.21;1943.91;1959.22;SL;-511.00;5.10;-1.002
2020.08.17 03:58;2020.08.17 09:06;ASIA;reversal;LONG;0.98;1936.81;1931.60;1947.23;1947.23;TP;1021.16;5.21;2.000
2020.08.21 17:57;2020.08.21 23:00;NY;reversal;LONG;0.38;1939.68;1926.30;1966.44;1938.19;CLOSE;-56.62;13.38;-0.111
2020.08.28 17:48;2020.08.28 23:00;NY;reversal;LONG;0.78;1960.75;1954.16;1973.93;1963.37;CLOSE;204.36;6.59;0.398
2020.08.31 17:38;2020.08.31 19:03;NY;reversal;SHORT;0.81;1965.85;1972.19;1953.17;1972.19;SL;-513.54;6.34;-1.000
2020.09.10 17:47;2020.09.10 22:25;NY;reversal;SHORT;0.72;1957.53;1964.63;1943.36;1943.35;TP;1020.96;7.10;1.997
2020.09.14 04:02;2020.09.14 05:00;ASIA;reversal;LONG;1.96;1943.25;1940.60;1948.52;1948.52;TP;1032.92;2.65;1.989
2020.09.16 04:30;2020.09.16 07:31;ASIA;reversal;LONG;1.59;1954.62;1951.33;1961.20;1961.20;TP;1046.22;3.29;2.000
2020.09.16 18:33;2020.09.16 20:26;NY;reversal;LONG;0.70;1969.99;1962.44;1985.03;1962.44;SL;-528.50;7.55;-1.000
2020.09.25 04:09;2020.09.25 05:52;ASIA;reversal;SHORT;1.20;1864.81;1869.20;1856.03;1869.22;SL;-529.20;4.39;-1.005
2020.09.25 17:44;2020.09.25 23:00;NY;reversal;LONG;0.69;1864.29;1856.74;1879.24;1862.70;CLOSE;-109.71;7.55;-0.211
2020.09.28 04:52;2020.09.28 08:38;ASIA;reversal;LONG;1.61;1862.68;1859.43;1869.18;1859.43;SL;-523.25;3.25;-1.000
2020.09.29 04:23;2020.09.29 07:32;ASIA;reversal;LONG;1.19;1885.99;1881.63;1894.71;1881.63;SL;-518.84;4.36;-1.000
2020.09.30 04:40;2020.09.30 04:46;ASIA;reversal;LONG;2.59;1897.01;1895.01;1901.01;1895.01;SL;-518.00;2.00;-1.000
2020.10.01 04:14;2020.10.01 05:59;ASIA;reversal;LONG;2.43;1888.17;1886.05;1892.38;1892.38;TP;1023.03;2.12;1.986
2020.10.01 18:06;2020.10.01 23:00;NY;reversal;LONG;0.97;1906.73;1901.36;1917.47;1903.73;CLOSE;-291.00;5.37;-0.559
2020.10.06 04:18;2020.10.06 09:30;ASIA;reversal;SHORT;2.01;1911.35;1913.93;1906.19;1910.20;CLOSE;231.15;2.58;0.446
2020.10.07 04:56;2020.10.07 09:08;ASIA;reversal;LONG;1.58;1880.81;1877.51;1887.41;1887.43;TP;1045.96;3.30;2.006
2020.10.08 04:30;2020.10.08 04:42;ASIA;reversal;SHORT;1.93;1884.21;1886.93;1878.77;1886.93;SL;-524.96;2.72;-1.000
2020.10.12 04:31;2020.10.12 05:03;ASIA;reversal;LONG;1.08;1929.51;1924.69;1937.83;1924.69;SL;-520.56;4.82;-1.000
2020.10.12 17:39;2020.10.12 17:47;NY;reversal;SHORT;0.95;1919.18;1924.65;1909.38;1924.75;SL;-529.15;5.47;-1.018
2020.10.14 04:08;2020.10.14 04:21;ASIA;reversal;SHORT;1.55;1889.97;1893.31;1883.41;1883.31;TP;1032.30;3.34;1.994
2020.10.19 04:00;2020.10.19 04:04;ASIA;reversal;LONG;2.42;1902.14;1899.98;1906.37;1899.98;SL;-522.72;2.16;-1.000
2020.10.20 04:01;2020.10.20 04:16;ASIA;reversal;SHORT;2.66;1901.58;1903.54;1897.66;1903.54;SL;-521.36;1.96;-1.000
2020.10.20 17:36;2020.10.20 23:00;NY;reversal;LONG;0.96;1904.56;1899.18;1915.05;1909.62;CLOSE;485.76;5.38;0.941
2020.10.21 18:15;2020.10.21 18:40;NY;reversal;SHORT;1.24;1922.24;1926.42;1913.88;1926.43;SL;-519.56;4.18;-1.002
2020.10.23 03:54;2020.10.23 03:56;ASIA;reversal;LONG;2.64;1904.93;1902.97;1908.82;1902.96;SL;-520.08;1.96;-1.005
2020.10.26 04:36;2020.10.26 05:33;ASIA;reversal;SHORT;1.65;1897.54;1900.66;1891.51;1900.75;SL;-529.65;3.12;-1.029
2020.10.26 18:00;2020.10.26 23:00;NY;reversal;SHORT;1.09;1901.96;1906.66;1892.56;1902.57;CLOSE;-66.49;4.70;-0.130
2020.10.28 18:54;2020.10.28 23:00;NY;reversal;LONG;0.56;1882.03;1872.97;1900.00;1876.94;CLOSE;-285.04;9.06;-0.562
2020.10.30 04:05;2020.10.30 04:50;ASIA;reversal;LONG;2.07;1868.37;1865.90;1873.25;1873.25;TP;1010.16;2.47;1.976
2020.11.02 17:54;2020.11.02 23:00;NY;reversal;LONG;1.31;1892.06;1888.14;1899.90;1895.36;CLOSE;432.30;3.92;0.842
2020.11.03 05:08;2020.11.03 09:30;ASIA;reversal;SHORT;1.86;1891.64;1894.42;1886.08;1889.11;CLOSE;470.58;2.78;0.910
2020.11.04 19:13;2020.11.04 23:00;NY;reversal;SHORT;0.43;1896.06;1908.15;1871.94;1904.82;CLOSE;-376.68;12.09;-0.725
2020.11.06 03:57;2020.11.06 05:32;ASIA;reversal;LONG;1.06;1943.56;1938.68;1953.32;1938.67;SL;-518.34;4.88;-1.002
2020.11.13 18:05;2020.11.13 18:34;NY;reversal;LONG;1.64;1893.79;1890.64;1900.06;1890.64;SL;-516.60;3.15;-1.000
2020.11.18 19:54;2020.11.18 23:00;NY;reversal;SHORT;1.13;1875.58;1880.10;1866.54;1870.34;CLOSE;592.12;4.52;1.159
2020.11.20 17:48;2020.11.20 23:00;NY;reversal;SHORT;1.24;1874.53;1878.67;1866.28;1872.98;CLOSE;192.20;4.14;0.374
2020.12.01 19:09;2020.12.01 23:00;NY;reversal;LONG;0.97;1812.60;1807.28;1823.24;1814.37;CLOSE;171.69;5.32;0.333
2020.12.02 04:51;2020.12.02 08:26;ASIA;reversal;SHORT;1.98;1811.40;1814.02;1806.16;1814.02;SL;-518.76;2.62;-1.000
2020.12.03 05:08;2020.12.03 09:30;ASIA;reversal;LONG;1.42;1830.87;1827.24;1838.10;1837.37;CLOSE;923.00;3.63;1.791
2020.12.04 04:26;2020.12.04 08:00;ASIA;reversal;LONG;1.64;1841.34;1838.17;1847.68;1838.15;SL;-523.16;3.17;-1.006
2020.12.08 04:07;2020.12.08 09:30;ASIA;reversal;LONG;1.20;1866.39;1862.09;1874.96;1867.37;CLOSE;117.60;4.30;0.228
2020.12.09 04:36;2020.12.09 06:03;ASIA;reversal;SHORT;1.80;1865.26;1868.13;1859.52;1859.52;TP;1033.20;2.87;2.000
2020.12.11 05:13;2020.12.11 09:30;ASIA;reversal;SHORT;1.52;1835.95;1839.39;1829.19;1833.79;CLOSE;328.32;3.44;0.628
2020.12.17 04:16;2020.12.17 06:23;ASIA;reversal;SHORT;1.62;1862.90;1866.14;1856.45;1866.15;SL;-526.50;3.24;-1.003
2020.12.23 04:13;2020.12.23 06:22;ASIA;reversal;SHORT;1.32;1863.36;1867.30;1855.48;1867.31;SL;-521.40;3.94;-1.003
2020.12.28 17:37;2020.12.28 19:33;NY;reversal;SHORT;0.81;1888.80;1895.15;1876.10;1876.09;TP;1029.51;6.35;2.002
2020.12.29 18:07;2020.12.29 20:53;NY;reversal;LONG;1.44;1880.61;1876.96;1887.88;1876.96;SL;-525.60;3.65;-1.000
2021.01.04 17:09;2021.01.04 17:56;NY;reversal;SHORT;0.72;1936.45;1943.64;1922.10;1943.64;SL;-517.68;7.19;-1.000
2021.01.05 04:30;2021.01.05 09:30;ASIA;reversal;LONG;1.34;1939.65;1935.78;1947.39;1943.45;CLOSE;509.20;3.87;0.982
2021.01.05 18:45;2021.01.05 23:00;NY;reversal;LONG;0.61;1949.85;1941.29;1966.94;1949.31;CLOSE;-32.94;8.56;-0.063
2021.01.07 04:23;2021.01.07 08:04;ASIA;reversal;SHORT;0.89;1915.52;1921.35;1903.89;1921.36;SL;-519.76;5.83;-1.002
2021.01.14 19:52;2021.01.14 21:52;NY;reversal;LONG;0.62;1852.19;1843.91;1868.09;1843.88;SL;-515.22;8.28;-1.004
2021.01.19 18:14;2021.01.19 23:00;NY;reversal;LONG;0.62;1842.39;1834.07;1859.03;1840.10;CLOSE;-141.98;8.32;-0.275
2021.01.22 03:54;2021.01.22 09:30;ASIA;reversal;SHORT;1.50;1863.15;1866.58;1856.32;1861.56;CLOSE;238.50;3.43;0.464
2021.01.28 17:21;2021.01.28 18:44;NY;reversal;LONG;0.50;1863.57;1853.23;1883.32;1853.22;SL;-517.50;10.34;-1.001
2021.02.02 05:09;2021.02.02 09:30;ASIA;reversal;SHORT;0.78;1855.69;1862.27;1842.53;1847.51;CLOSE;638.04;6.58;1.243
2021.02.15 18:39;2021.02.15 19:30;NY;reversal;LONG;2.12;1820.59;1818.15;1825.47;1818.14;SL;-519.40;2.44;-1.004
2021.02.18 04:34;2021.02.18 09:30;ASIA;reversal;LONG;1.20;1782.91;1778.64;1791.45;1781.51;CLOSE;-168.00;4.27;-0.328
2021.02.24 06:12;2021.02.24 09:30;ASIA;reversal;SHORT;1.27;1807.15;1811.20;1799.05;1807.68;CLOSE;-67.31;4.05;-0.131
2021.02.25 03:51;2021.02.25 09:10;ASIA;reversal;SHORT;1.33;1798.06;1801.91;1790.84;1790.83;TP;961.59;3.85;1.878
2021.03.02 18:17;2021.03.02 23:00;NY;reversal;LONG;0.69;1728.64;1721.18;1743.56;1732.95;CLOSE;297.39;7.46;0.578
2021.03.03 17:58;2021.03.03 23:00;NY;reversal;LONG;0.69;1717.23;1709.70;1731.93;1714.13;CLOSE;-213.90;7.53;-0.412
2021.03.04 04:33;2021.03.04 07:33;ASIA;reversal;SHORT;0.97;1710.87;1716.18;1700.25;1716.18;SL;-515.07;5.31;-1.000
2021.03.04 17:28;2021.03.04 19:12;NY;reversal;LONG;0.98;1717.45;1712.19;1727.97;1711.99;SL;-535.08;5.26;-1.038
2021.03.08 05:11;2021.03.08 09:30;ASIA;reversal;SHORT;0.93;1706.55;1712.06;1695.65;1699.87;CLOSE;621.24;5.51;1.212
2021.03.09 04:04;2021.03.09 08:48;ASIA;reversal;LONG;1.21;1685.70;1681.42;1694.23;1694.23;TP;1032.13;4.28;1.993
2021.03.12 04:09;2021.03.12 08:05;ASIA;reversal;SHORT;1.42;1723.23;1726.89;1715.91;1715.91;TP;1039.44;3.66;2.000
2021.03.16 18:31;2021.03.16 23:00;NY;reversal;SHORT;1.00;1730.14;1735.42;1719.61;1732.72;CLOSE;-258.00;5.28;-0.489
2021.03.17 17:22;2021.03.17 18:57;NY;reversal;LONG;1.16;1731.75;1727.21;1740.83;1727.20;SL;-527.80;4.54;-1.002
2021.03.24 04:00;2021.03.24 04:01;ASIA;reversal;SHORT;2.77;1725.49;1727.38;1721.86;1727.38;SL;-523.53;1.89;-1.000
2021.03.26 04:40;2021.03.26 04:54;ASIA;reversal;LONG;2.37;1729.08;1726.88;1733.39;1726.87;SL;-523.77;2.20;-1.005
2021.03.29 05:10;2021.03.29 05:52;ASIA;reversal;LONG;2.37;1732.55;1730.36;1736.93;1730.36;SL;-519.03;2.19;-1.000
2021.03.30 04:25;2021.03.30 05:49;ASIA;reversal;SHORT;2.31;1710.71;1712.94;1706.25;1706.21;TP;1039.50;2.23;2.018
2021.03.31 03:53;2021.03.31 04:01;ASIA;reversal;SHORT;2.29;1683.57;1685.84;1679.03;1685.84;SL;-519.83;2.27;-1.000
2021.04.01 04:25;2021.04.01 06:00;ASIA;reversal;LONG;2.37;1708.04;1705.85;1712.42;1712.51;TP;1059.39;2.19;2.041
2021.04.01 17:35;2021.04.01 23:00;NY;reversal;LONG;0.93;1728.16;1722.52;1739.08;1728.96;CLOSE;74.40;5.64;0.142
2021.04.05 05:18;2021.04.05 08:56;ASIA;reversal;SHORT;2.62;1726.41;1728.41;1722.59;1722.59;TP;1000.84;2.00;1.910
2021.04.06 04:00;2021.04.06 04:20;ASIA;reversal;LONG;2.96;1730.75;1728.96;1734.33;1734.33;TP;1059.68;1.79;2.000
2021.04.09 05:32;2021.04.09 09:19;ASIA;reversal;SHORT;2.61;1753.06;1755.11;1748.96;1748.96;TP;1070.10;2.05;2.000
2021.04.13 04:33;2021.04.13 07:32;ASIA;reversal;LONG;2.19;1732.05;1729.59;1736.91;1729.59;SL;-538.74;2.46;-1.000
2021.04.14 17:39;2021.04.14 18:05;NY;reversal;LONG;1.53;1739.21;1735.70;1746.23;1735.70;SL;-537.03;3.51;-1.000
2021.04.15 04:40;2021.04.15 06:06;ASIA;reversal;SHORT;1.71;1736.34;1739.47;1730.08;1739.49;SL;-538.65;3.13;-1.006
2021.04.19 04:15;2021.04.19 09:28;ASIA;reversal;SHORT;1.23;1776.02;1780.32;1767.87;1780.32;SL;-528.90;4.30;-1.000
2021.04.19 19:33;2021.04.19 23:00;NY;reversal;SHORT;1.11;1769.14;1773.90;1759.62;1771.04;CLOSE;-210.90;4.76;-0.399
2021.04.26 17:20;2021.04.26 23:00;NY;reversal;LONG;1.02;1779.26;1774.11;1789.50;1780.89;CLOSE;166.26;5.15;0.317
2021.04.27 04:13;2021.04.27 04:56;ASIA;reversal;SHORT;2.02;1779.62;1782.24;1774.38;1774.38;TP;1058.48;2.62;2.000
2021.04.30 17:44;2021.04.30 19:34;NY;reversal;LONG;1.00;1771.27;1765.96;1781.62;1765.96;SL;-531.00;5.31;-1.000
2021.05.04 18:12;2021.05.04 18:15;NY;reversal;SHORT;0.82;1788.52;1794.99;1775.58;1774.92;TP;1115.20;6.47;2.102
2021.05.06 04:21;2021.05.06 08:42;ASIA;reversal;LONG;2.38;1786.34;1784.08;1790.83;1790.85;TP;1073.38;2.26;1.996
2021.05.11 04:15;2021.05.11 09:30;ASIA;reversal;LONG;2.49;1836.06;1833.88;1840.42;1835.51;CLOSE;-136.95;2.18;-0.252
2021.05.17 04:06;2021.05.17 08:05;ASIA;reversal;LONG;1.70;1847.04;1843.86;1853.37;1853.37;TP;1076.10;3.18;1.991
2021.05.19 04:15;2021.05.19 08:50;ASIA;reversal;SHORT;2.43;1867.85;1870.10;1863.62;1870.10;SL;-546.75;2.25;-1.000
2021.05.24 04:02;2021.05.24 09:06;ASIA;reversal;LONG;2.64;1884.27;1882.21;1888.39;1882.21;SL;-543.84;2.06;-1.000
2021.05.26 04:00;2021.05.26 05:10;ASIA;reversal;LONG;2.00;1900.15;1897.45;1905.55;1905.55;TP;1080.00;2.70;2.000
2021.05.28 17:47;2021.05.28 19:50;NY;reversal;SHORT;1.10;1894.91;1899.89;1884.95;1899.90;SL;-548.90;4.98;-1.002
2021.06.04 04:47;2021.06.04 04:56;ASIA;reversal;SHORT;1.91;1868.59;1871.43;1862.94;1862.93;TP;1081.06;2.84;1.993
2021.06.16 06:17;2021.06.16 09:30;ASIA;reversal;LONG;2.08;1857.97;1855.33;1863.25;1860.76;CLOSE;580.32;2.64;1.057
2021.06.16 17:12;2021.06.16 18:41;NY;reversal;SHORT;1.43;1855.86;1859.71;1848.16;1859.71;SL;-550.55;3.85;-1.000
2021.06.18 17:13;2021.06.18 17:17;NY;reversal;LONG;1.10;1777.31;1772.33;1786.94;1772.13;SL;-569.80;4.98;-1.040
2021.06.22 04:25;2021.06.22 04:42;ASIA;reversal;SHORT;2.06;1782.90;1785.55;1777.60;1785.60;SL;-556.20;2.65;-1.019
2021.06.23 04:00;2021.06.23 05:58;ASIA;reversal;LONG;3.00;1779.02;1777.23;1782.42;1782.43;TP;1023.00;1.79;1.905
2021.06.23 19:39;2021.06.23 23:00;NY;reversal;SHORT;0.46;1782.81;1794.58;1759.27;1775.35;CLOSE;343.16;11.77;0.634
2021.06.24 04:20;2021.06.24 09:30;ASIA;reversal;SHORT;2.18;1776.59;1779.12;1771.53;1777.80;CLOSE;-263.78;2.53;-0.478
2021.06.29 18:18;2021.06.29 23:00;NY;reversal;LONG;1.08;1759.26;1754.18;1769.30;1761.02;CLOSE;190.08;5.08;0.346
2021.07.01 17:13;2021.07.01 18:13;NY;reversal;SHORT;1.61;1777.90;1781.31;1771.08;1771.03;TP;1106.07;3.41;2.015
2021.07.06 17:29;2021.07.06 18:54;NY;reversal;SHORT;1.21;1806.78;1811.38;1797.58;1797.58;TP;1113.20;4.60;2.000
2021.07.09 04:20;2021.07.09 07:59;ASIA;reversal;LONG;1.97;1804.10;1801.25;1809.80;1801.24;SL;-563.42;2.85;-1.004
2021.07.12 04:48;2021.07.12 09:30;ASIA;reversal;SHORT;1.58;1805.43;1808.97;1798.35;1800.36;CLOSE;801.06;3.54;1.432
2021.07.15 19:26;2021.07.15 23:00;NY;reversal;LONG;2.22;1827.04;1824.51;1832.10;1828.39;CLOSE;299.70;2.53;0.534
2021.07.23 18:46;2021.07.23 23:00;NY;reversal;LONG;1.00;1802.62;1797.00;1813.86;1801.35;CLOSE;-127.00;5.62;-0.226
2021.07.26 04:06;2021.07.26 04:29;ASIA;reversal;LONG;3.00;1800.73;1798.86;1804.44;1804.44;TP;1113.00;1.87;1.984
2021.07.28 04:10;2021.07.28 05:38;ASIA;reversal;LONG;3.00;1800.17;1798.30;1803.88;1803.88;TP;1113.00;1.87;1.984
2021.07.30 04:30;2021.07.30 05:02;ASIA;reversal;LONG;2.31;1830.20;1827.71;1835.18;1827.71;SL;-575.19;2.49;-1.000
2021.08.02 04:10;2021.08.02 09:30;ASIA;reversal;SHORT;2.35;1812.51;1814.94;1807.65;1808.45;CLOSE;954.10;2.43;1.671
2021.08.10 04:00;2021.08.10 09:30;ASIA;reversal;LONG;2.40;1732.88;1730.48;1737.68;1736.16;CLOSE;787.20;2.40;1.367
2021.08.10 18:04;2021.08.10 23:00;NY;reversal;LONG;0.78;1728.38;1720.93;1743.16;1729.11;CLOSE;56.94;7.45;0.098
2021.08.11 04:19;2021.08.11 05:34;ASIA;reversal;LONG;2.26;1727.65;1725.08;1732.79;1732.79;TP;1161.64;2.57;2.000
2021.08.20 19:03;2021.08.20 23:00;NY;reversal;LONG;0.90;1785.86;1779.34;1798.90;1782.37;CLOSE;-314.10;6.52;-0.535
2021.08.23 04:45;2021.08.23 04:52;ASIA;reversal;LONG;2.36;1779.58;1777.10;1784.54;1784.54;TP;1170.56;2.48;2.000
2021.08.23 19:01;2021.08.23 23:00;NY;reversal;LONG;1.34;1805.55;1801.16;1814.33;1803.62;CLOSE;-258.62;4.39;-0.440
2021.08.30 04:41;2021.08.30 09:13;ASIA;reversal;SHORT;2.91;1817.32;1819.35;1813.29;1813.27;TP;1178.55;2.03;1.995
2021.09.02 06:04;2021.09.02 09:02;ASIA;reversal;SHORT;2.52;1812.79;1815.15;1808.16;1815.15;SL;-594.72;2.36;-1.000
2021.09.02 17:43;2021.09.02 18:52;NY;reversal;LONG;1.35;1813.46;1809.08;1822.22;1809.07;SL;-592.65;4.38;-1.002
2021.09.09 06:09;2021.09.09 06:26;ASIA;reversal;LONG;2.22;1790.68;1788.02;1796.00;1788.02;SL;-590.52;2.66;-1.000
2021.09.17 17:16;2021.09.17 18:20;NY;reversal;SHORT;0.92;1748.15;1754.52;1736.28;1754.52;SL;-586.04;6.37;-1.000
2021.09.21 04:57;2021.09.21 05:55;ASIA;reversal;LONG;2.34;1765.51;1763.02;1770.49;1763.02;SL;-582.66;2.49;-1.000
2021.09.22 18:20;2021.09.22 21:00;NY;reversal;LONG;1.16;1778.29;1773.31;1788.25;1773.30;SL;-578.84;4.98;-1.002
2021.10.01 04:15;2021.10.01 07:27;ASIA;reversal;LONG;2.96;1753.69;1751.74;1757.56;1751.74;SL;-577.20;1.95;-1.000
2021.10.01 17:15;2021.10.01 23:00;NY;reversal;LONG;1.04;1759.98;1754.45;1770.50;1759.87;CLOSE;-11.44;5.53;-0.020
2021.10.04 04:59;2021.10.04 09:30;ASIA;reversal;SHORT;2.27;1762.63;1765.16;1757.57;1759.17;CLOSE;785.42;2.53;1.368
2021.10.05 18:26;2021.10.05 23:00;NY;reversal;LONG;0.97;1756.30;1750.35;1768.20;1760.13;CLOSE;371.51;5.95;0.644
2021.10.06 18:10;2021.10.06 18:39;NY;reversal;SHORT;1.57;1756.15;1759.84;1748.77;1759.84;SL;-579.33;3.69;-1.000
2021.10.12 04:06;2021.10.12 05:28;ASIA;reversal;LONG;2.57;1753.40;1751.15;1757.90;1757.90;TP;1156.50;2.25;2.000
2021.10.18 06:11;2021.10.18 09:06;ASIA;reversal;SHORT;2.62;1768.88;1771.11;1764.45;1764.45;TP;1160.66;2.23;1.987
2021.10.20 03:56;2021.10.20 04:15;ASIA;reversal;LONG;3.00;1768.81;1766.95;1772.35;1772.35;TP;1062.00;1.86;1.903
2021.10.22 18:16;2021.10.22 18:33;NY;reversal;SHORT;1.09;1804.07;1809.52;1793.17;1793.16;TP;1189.19;5.45;2.002
2021.10.25 04:31;2021.10.25 06:02;ASIA;reversal;SHORT;2.25;1793.00;1795.67;1787.66;1795.67;SL;-600.75;2.67;-1.000
2021.10.28 04:44;2021.10.28 05:33;ASIA;reversal;LONG;2.44;1797.09;1794.64;1801.96;1801.96;TP;1188.28;2.45;1.988
2021.11.04 05:44;2021.11.04 06:36;ASIA;reversal;LONG;2.24;1778.11;1775.42;1783.49;1775.42;SL;-602.56;2.69;-1.000
2021.11.04 18:34;2021.11.04 23:00;NY;reversal;SHORT;1.35;1791.33;1795.78;1782.43;1793.93;CLOSE;-351.00;4.45;-0.584
2021.11.05 04:05;2021.11.05 09:30;ASIA;reversal;LONG;2.16;1793.36;1790.59;1798.69;1795.92;CLOSE;552.96;2.77;0.924
2021.11.05 17:56;2021.11.05 19:26;NY;reversal;LONG;1.07;1802.03;1796.40;1813.29;1813.30;TP;1205.89;5.63;2.002
2021.11.08 18:43;2021.11.08 23:00;NY;reversal;LONG;1.62;1824.15;1820.40;1831.65;1823.83;CLOSE;-51.84;3.75;-0.085
2021.11.09 19:53;2021.11.09 23:00;NY;reversal;LONG;1.34;1830.26;1825.74;1839.27;1832.13;CLOSE;250.58;4.52;0.414
2021.11.11 05:21;2021.11.11 06:05;ASIA;reversal;LONG;1.96;1851.39;1848.28;1857.61;1848.28;SL;-609.56;3.11;-1.000
2021.11.15 18:27;2021.11.15 23:00;NY;reversal;LONG;1.29;1864.22;1859.55;1873.56;1863.16;CLOSE;-136.74;4.67;-0.227
2021.11.17 05:41;2021.11.17 08:49;ASIA;reversal;SHORT;2.02;1852.87;1855.87;1846.87;1855.87;SL;-606.00;3.00;-1.000
2021.11.17 17:40;2021.11.17 19:34;NY;reversal;SHORT;1.65;1863.60;1867.25;1856.33;1867.25;SL;-602.25;3.65;-1.000
2021.11.23 04:14;2021.11.23 09:30;ASIA;reversal;SHORT;1.89;1807.88;1811.05;1801.54;1808.99;CLOSE;-209.79;3.17;-0.350
2021.11.24 17:07;2021.11.24 17:53;NY;reversal;SHORT;1.61;1780.89;1784.60;1773.47;1784.68;SL;-610.19;3.71;-1.022
2021.11.30 17:37;2021.11.30 18:01;NY;reversal;SHORT;0.55;1793.53;1804.31;1772.42;1772.42;TP;1161.05;10.78;1.958
2021.12.01 04:20;2021.12.01 07:57;ASIA;reversal;LONG;1.46;1778.36;1774.25;1786.58;1786.58;TP;1200.12;4.11;2.000
2021.12.01 18:49;2021.12.01 23:00;NY;reversal;SHORT;0.90;1783.04;1789.76;1769.63;1778.68;CLOSE;392.40;6.72;0.649
2021.12.03 18:08;2021.12.03 22:12;NY;reversal;LONG;1.03;1774.52;1768.65;1785.84;1785.84;TP;1165.96;5.87;1.928
2021.12.09 05:59;2021.12.09 09:30;ASIA;reversal;LONG;2.76;1784.66;1782.43;1789.12;1786.46;CLOSE;496.80;2.23;0.807
2021.12.14 04:52;2021.12.14 09:30;ASIA;reversal;SHORT;2.75;1786.51;1788.75;1782.03;1787.75;CLOSE;-341.00;2.24;-0.554
2021.12.17 17:57;2021.12.17 23:00;NY;reversal;SHORT;1.38;1804.10;1808.55;1795.20;1796.32;CLOSE;1073.64;4.45;1.748
2021.12.20 04:48;2021.12.20 09:27;ASIA;reversal;LONG;2.62;1802.11;1799.74;1806.85;1799.74;SL;-620.94;2.37;-1.000
2021.12.31 05:22;2021.12.31 09:30;ASIA;reversal;LONG;2.11;1818.99;1816.07;1824.80;1819.66;CLOSE;141.37;2.92;0.229
2021.12.31 19:49;2021.12.31 23:00;NY;reversal;LONG;1.20;1827.21;1822.08;1837.47;1829.19;CLOSE;237.60;5.13;0.386
2022.01.04 06:19;2022.01.04 09:30;ASIA;reversal;SHORT;1.74;1803.24;1806.80;1796.15;1806.23;CLOSE;-520.26;3.56;-0.840
2022.01.06 05:44;2022.01.06 08:52;ASIA;reversal;SHORT;2.07;1806.99;1809.97;1801.03;1800.96;TP;1248.21;2.98;2.023
2022.01.07 18:57;2022.01.07 23:00;NY;reversal;LONG;1.28;1794.09;1789.24;1803.79;1795.85;CLOSE;225.28;4.85;0.363
2022.01.10 05:08;2022.01.10 09:30;ASIA;reversal;SHORT;1.82;1793.15;1796.57;1786.31;1793.62;CLOSE;-85.54;3.42;-0.137
2022.01.12 17:34;2022.01.12 17:50;NY;reversal;SHORT;1.77;1820.82;1824.35;1813.76;1824.36;SL;-626.58;3.53;-1.003
2022.01.14 18:26;2022.01.14 23:00;NY;reversal;SHORT;1.03;1819.10;1825.08;1807.14;1816.52;CLOSE;265.74;5.98;0.431
2022.01.17 03:42;2022.01.17 06:44;ASIA;reversal;LONG;2.75;1815.61;1813.35;1820.13;1820.14;TP;1245.75;2.26;2.004
2022.01.18 18:24;2022.01.18 23:00;NY;reversal;SHORT;0.90;1812.18;1819.12;1798.30;1813.81;CLOSE;-146.70;6.94;-0.235
2022.01.20 04:22;2022.01.20 09:30;ASIA;reversal;SHORT;1.69;1839.74;1843.45;1832.35;1840.66;CLOSE;-155.48;3.71;-0.248
2022.01.20 18:22;2022.01.20 23:00;NY;reversal;SHORT;1.27;1841.84;1846.78;1831.96;1838.23;CLOSE;458.47;4.94;0.731
2022.01.26 03:41;2022.01.26 05:51;ASIA;reversal;LONG;3.00;1848.53;1846.64;1852.28;1846.64;SL;-567.00;1.89;-1.000
2022.01.26 19:10;2022.01.26 21:45;NY;reversal;SHORT;1.01;1831.15;1837.35;1818.78;1818.78;TP;1249.37;6.20;1.995
2022.01.28 17:32;2022.01.28 22:54;NY;reversal;SHORT;0.85;1782.08;1789.47;1767.66;1789.48;SL;-629.00;7.39;-1.001
2022.01.31 06:09;2022.01.31 07:34;ASIA;reversal;SHORT;2.68;1786.19;1788.54;1781.52;1788.54;SL;-629.80;2.35;-1.000
2022.02.01 05:33;2022.02.01 06:41;ASIA;reversal;SHORT;3.00;1796.47;1798.51;1792.45;1798.52;SL;-615.00;2.04;-1.005
2022.02.01 17:51;2022.02.01 21:48;NY;reversal;LONG;1.12;1805.97;1800.40;1816.87;1800.39;SL;-624.96;5.57;-1.002
2022.02.07 17:22;2022.02.07 21:14;NY;reversal;LONG;1.96;1815.53;1812.37;1821.85;1821.86;TP;1240.68;3.16;2.003
2022.02.11 06:15;2022.02.11 09:30;ASIA;reversal;SHORT;2.86;1823.80;1825.99;1819.42;1823.94;CLOSE;-40.04;2.19;-0.064
2022.02.17 05:54;2022.02.17 09:30;ASIA;reversal;LONG;1.82;1871.68;1868.24;1878.56;1874.37;CLOSE;489.58;3.44;0.782
2022.02.21 18:20;2022.02.21 20:59;NY;reversal;LONG;1.60;1896.98;1893.06;1904.82;1904.82;TP;1254.40;3.92;2.000
2022.03.01 05:33;2022.03.01 09:30;ASIA;reversal;LONG;2.51;1905.78;1903.25;1910.84;1908.10;CLOSE;582.32;2.53;0.917
2022.03.02 18:03;2022.03.02 22:05;NY;reversal;SHORT;0.70;1922.13;1931.18;1904.06;1931.21;SL;-635.60;9.05;-1.003
2022.03.03 19:31;2022.03.03 23:00;NY;reversal;LONG;1.01;1932.04;1925.79;1944.54;1936.82;CLOSE;482.78;6.25;0.765
2022.03.04 18:05;2022.03.04 23:00;NY;reversal;LONG;0.67;1959.27;1949.76;1978.26;1967.29;CLOSE;537.34;9.51;0.843
2022.03.07 04:59;2022.03.07 09:30;ASIA;reversal;SHORT;1.02;1987.82;1994.06;1975.34;1982.53;CLOSE;539.58;6.24;0.848
2022.03.15 18:55;2022.03.15 22:54;NY;reversal;LONG;0.69;1925.54;1916.22;1944.18;1916.21;SL;-643.77;9.32;-1.001
2022.03.22 05:59;2022.03.22 09:30;ASIA;reversal;LONG;2.28;1935.58;1932.78;1941.15;1936.41;CLOSE;189.24;2.80;0.296
2022.03.23 04:01;2022.03.23 09:30;ASIA;reversal;LONG;2.34;1920.11;1917.38;1925.57;1918.35;CLOSE;-411.84;2.73;-0.645
2022.03.23 17:17;2022.03.23 20:00;NY;reversal;SHORT;1.43;1931.23;1935.68;1922.33;1935.69;SL;-637.78;4.45;-1.002
2022.03.29 04:19;2022.03.29 07:31;ASIA;reversal;LONG;2.34;1924.81;1922.10;1930.20;1922.07;SL;-641.16;2.71;-1.011
2022.04.04 04:13;2022.04.04 07:14;ASIA;reversal;SHORT;2.29;1923.81;1926.57;1918.29;1918.29;TP;1264.08;2.76;2.000
2022.04.05 17:08;2022.04.05 18:28;NY;reversal;SHORT;1.16;1937.96;1943.45;1926.98;1926.98;TP;1273.68;5.49;2.000
2022.04.08 03:59;2022.04.08 04:03;ASIA;reversal;SHORT;3.00;1932.30;1934.37;1928.16;1934.37;SL;-621.00;2.07;-1.000
2022.04.12 04:43;2022.04.12 06:40;ASIA;reversal;LONG;2.63;1953.86;1951.42;1958.71;1958.73;TP;1280.81;2.44;1.996
2022.04.13 04:45;2022.04.13 09:30;ASIA;reversal;LONG;1.41;1967.75;1963.17;1976.91;1967.66;CLOSE;-12.69;4.58;-0.020
2022.04.14 04:44;2022.04.14 06:58;ASIA;reversal;LONG;1.74;1977.60;1973.89;1985.02;1973.87;SL;-649.02;3.71;-1.005
2022.04.18 17:36;2022.04.18 20:43;NY;reversal;SHORT;1.32;1988.62;1993.48;1979.62;1979.62;TP;1188.00;4.86;1.852
2022.04.22 04:10;2022.04.22 05:09;ASIA;reversal;LONG;2.49;1952.02;1949.41;1957.24;1949.41;SL;-649.89;2.61;-1.000
2022.04.26 05:46;2022.04.26 09:30;ASIA;reversal;LONG;1.43;1903.66;1899.15;1912.68;1902.92;CLOSE;-105.82;4.51;-0.164
2022.04.28 03:43;2022.04.28 06:14;ASIA;reversal;SHORT;2.99;1884.13;1886.29;1879.81;1879.81;TP;1291.68;2.16;2.000
2022.05.03 04:19;2022.05.03 09:30;ASIA;reversal;SHORT;2.18;1863.00;1865.99;1857.11;1858.45;CLOSE;991.90;2.99;1.522
2022.05.05 03:59;2022.05.05 04:20;ASIA;reversal;LONG;2.52;1896.06;1893.45;1901.28;1901.29;TP;1317.96;2.61;2.004
2022.05.06 06:03;2022.05.06 09:30;ASIA;reversal;LONG;1.76;1876.77;1873.00;1884.31;1876.24;CLOSE;-93.28;3.77;-0.141
2022.05.09 04:09;2022.05.09 09:30;ASIA;reversal;SHORT;1.84;1877.66;1881.26;1870.46;1872.54;CLOSE;942.08;3.60;1.422
2022.05.13 04:00;2022.05.13 09:30;ASIA;reversal;LONG;2.45;1823.85;1821.12;1829.31;1822.92;CLOSE;-227.85;2.73;-0.341
2022.05.16 05:11;2022.05.16 09:07;ASIA;reversal;SHORT;2.61;1811.23;1813.79;1806.11;1806.08;TP;1344.15;2.56;2.012
2022.05.18 04:24;2022.05.18 06:20;ASIA;reversal;SHORT;2.42;1814.17;1816.95;1808.64;1808.64;TP;1338.26;2.78;1.989
2022.05.19 04:37;2022.05.19 08:08;ASIA;reversal;LONG;2.80;1816.70;1814.27;1821.56;1814.26;SL;-683.20;2.43;-1.004
2022.05.20 18:08;2022.05.20 23:00;NY;reversal;LONG;0.89;1843.79;1836.24;1858.89;1844.64;CLOSE;75.65;7.55;0.113
2022.05.23 18:21;2022.05.23 21:49;NY;reversal;SHORT;1.58;1852.80;1857.09;1844.25;1857.10;SL;-679.40;4.29;-1.002
2022.05.27 04:49;2022.05.27 09:30;ASIA;reversal;LONG;2.87;1853.02;1850.67;1857.69;1854.37;CLOSE;387.45;2.35;0.574
2022.05.30 04:35;2022.05.30 04:50;ASIA;reversal;LONG;2.54;1851.97;1849.31;1857.26;1857.26;TP;1343.66;2.66;1.989
2022.05.31 06:04;2022.05.31 09:30;ASIA;reversal;LONG;1.52;1852.66;1848.18;1861.59;1854.33;CLOSE;253.84;4.48;0.373
2022.06.01 05:13;2022.06.01 07:07;ASIA;reversal;LONG;2.86;1836.56;1834.17;1841.28;1834.17;SL;-683.54;2.39;-1.000
2022.06.01 19:18;2022.06.01 23:00;NY;reversal;LONG;1.34;1849.06;1843.99;1859.20;1847.28;CLOSE;-238.52;5.07;-0.351
2022.06.03 06:25;2022.06.03 09:30;ASIA;reversal;SHORT;2.61;1868.09;1870.69;1862.89;1867.73;CLOSE;93.96;2.60;0.138
2022.06.03 17:27;2022.06.03 19:05;NY;reversal;SHORT;1.37;1859.61;1864.55;1849.73;1849.73;TP;1353.56;4.94;2.000
2022.06.06 04:05;2022.06.06 09:30;ASIA;reversal;LONG;2.85;1853.41;1851.00;1858.23;1854.24;CLOSE;236.55;2.41;0.344
2022.06.07 03:49;2022.06.07 04:01;ASIA;reversal;LONG;3.00;1840.02;1837.96;1844.02;1837.95;SL;-621.00;2.06;-1.005
2022.06.16 17:55;2022.06.16 18:22;NY;reversal;LONG;1.42;1832.13;1827.31;1841.74;1841.74;TP;1364.62;4.82;1.994
2022.06.20 04:30;2022.06.20 04:33;ASIA;reversal;SHORT;3.00;1836.97;1838.99;1833.14;1838.99;SL;-606.00;2.02;-1.000
2022.06.23 04:20;2022.06.23 04:39;ASIA;reversal;LONG;3.00;1837.58;1835.56;1841.59;1835.54;SL;-612.00;2.02;-1.010
2022.06.24 04:56;2022.06.24 07:32;ASIA;reversal;LONG;3.00;1825.42;1823.49;1829.28;1823.49;SL;-579.00;1.93;-1.000
2022.06.27 04:13;2022.06.27 09:30;ASIA;reversal;LONG;2.61;1831.90;1829.28;1837.11;1836.06;CLOSE;1085.76;2.62;1.588
2022.06.28 05:26;2022.06.28 05:30;ASIA;reversal;SHORT;3.00;1822.47;1824.67;1818.07;1824.69;SL;-666.00;2.20;-1.009
2022.07.04 05:16;2022.07.04 09:30;ASIA;reversal;LONG;2.22;1811.09;1808.01;1817.22;1810.92;CLOSE;-37.74;3.08;-0.055
2022.07.05 04:06;2022.07.05 09:30;ASIA;reversal;LONG;2.83;1809.27;1806.85;1814.11;1808.92;CLOSE;-99.05;2.42;-0.145
2022.07.06 04:52;2022.07.06 05:06;ASIA;reversal;SHORT;3.00;1768.62;1770.73;1764.43;1770.75;SL;-639.00;2.11;-1.009
2022.07.07 04:40;2022.07.07 05:34;ASIA;reversal;SHORT;2.17;1738.49;1741.63;1732.21;1741.63;SL;-681.38;3.14;-1.000
2022.07.08 06:18;2022.07.08 09:03;ASIA;reversal;SHORT;2.38;1740.81;1743.65;1735.16;1743.67;SL;-680.68;2.84;-1.007
2022.07.11 04:05;2022.07.11 05:18;ASIA;reversal;SHORT;2.80;1739.72;1742.13;1734.90;1742.14;SL;-677.60;2.41;-1.004
2022.07.14 06:07;2022.07.14 07:44;ASIA;reversal;LONG;2.34;1732.34;1729.47;1738.05;1729.47;SL;-671.58;2.87;-1.000
2022.07.15 04:23;2022.07.15 06:28;ASIA;reversal;LONG;2.97;1712.10;1709.85;1716.60;1709.84;SL;-671.22;2.25;-1.004
2022.07.15 18:29;2022.07.15 23:00;NY;reversal;LONG;1.01;1708.39;1701.81;1721.46;1705.42;CLOSE;-299.97;6.58;-0.451
2022.07.18 04:09;2022.07.18 06:14;ASIA;reversal;LONG;2.77;1711.02;1708.63;1715.80;1715.80;TP;1324.06;2.39;2.000
2022.07.19 18:14;2022.07.19 21:11;NY;reversal;LONG;1.61;1714.48;1710.34;1722.76;1710.33;SL;-668.15;4.14;-1.002
2022.07.20 04:33;2022.07.20 04:41;ASIA;reversal;SHORT;3.00;1709.90;1711.83;1706.04;1711.83;SL;-579.00;1.93;-1.000
2022.07.25 04:38;2022.07.25 06:20;ASIA;reversal;LONG;3.00;1724.75;1722.93;1728.33;1728.33;TP;1074.00;1.82;1.967
2022.07.28 04:32;2022.07.28 05:08;ASIA;reversal;LONG;2.24;1739.86;1736.88;1745.82;1736.88;SL;-667.52;2.98;-1.000
2022.07.29 04:05;2022.07.29 05:59;ASIA;reversal;SHORT;3.00;1753.75;1755.51;1750.26;1755.53;SL;-534.00;1.76;-1.011
2022.08.05 04:08;2022.08.05 09:30;ASIA;reversal;SHORT;3.00;1791.86;1793.89;1787.80;1789.49;CLOSE;711.00;2.03;1.167
2022.08.12 06:15;2022.08.12 09:30;ASIA;reversal;LONG;2.59;1789.51;1786.94;1794.65;1790.41;CLOSE;233.10;2.57;0.350
2022.08.12 19:38;2022.08.12 23:00;NY;reversal;LONG;1.34;1798.67;1793.71;1808.59;1801.48;CLOSE;376.54;4.96;0.567
2022.08.15 19:48;2022.08.15 23:00;NY;reversal;LONG;1.15;1781.83;1776.04;1793.35;1778.95;CLOSE;-331.20;5.79;-0.497
2022.08.16 18:53;2022.08.16 23:00;NY;reversal;SHORT;1.67;1773.78;1777.77;1765.80;1775.96;CLOSE;-364.06;3.99;-0.546
2022.09.02 06:01;2022.09.02 09:30;ASIA;reversal;LONG;2.88;1699.20;1696.89;1703.82;1700.93;CLOSE;498.24;2.31;0.749
2022.09.12 04:29;2022.09.12 05:03;ASIA;reversal;LONG;2.67;1718.71;1716.21;1723.65;1716.21;SL;-667.50;2.50;-1.000
2022.09.14 05:21;2022.09.14 06:56;ASIA;reversal;LONG;2.39;1703.09;1700.31;1708.65;1700.30;SL;-666.81;2.78;-1.004
2022.09.14 17:54;2022.09.14 18:29;NY;reversal;LONG;2.10;1706.10;1702.96;1712.38;1702.96;SL;-659.40;3.14;-1.000
2022.09.16 04:50;2022.09.16 07:04;ASIA;reversal;SHORT;2.23;1662.19;1665.14;1656.29;1665.17;SL;-664.54;2.95;-1.010
2022.09.26 18:12;2022.09.26 19:22;NY;reversal;SHORT;1.29;1642.58;1647.66;1632.42;1632.42;TP;1310.64;5.08;2.000
2022.09.29 04:08;2022.09.29 05:02;ASIA;reversal;LONG;2.83;1657.03;1654.69;1661.68;1654.66;SL;-670.71;2.34;-1.013
2022.09.29 18:08;2022.09.29 23:00;NY;reversal;LONG;0.85;1658.12;1650.38;1673.51;1661.05;CLOSE;249.05;7.74;0.379
2022.09.30 03:55;2022.09.30 04:23;ASIA;reversal;LONG;2.87;1664.73;1662.43;1669.27;1662.38;SL;-674.45;2.30;-1.022
2022.10.07 05:53;2022.10.07 06:26;ASIA;reversal;LONG;2.54;1713.37;1710.79;1718.44;1710.79;SL;-655.32;2.58;-1.000
2022.10.07 17:49;2022.10.07 21:57;NY;reversal;LONG;1.02;1703.41;1697.03;1716.17;1697.02;SL;-651.78;6.38;-1.002
2022.10.10 17:37;2022.10.10 23:00;NY;reversal;SHORT;1.25;1672.05;1677.25;1661.71;1669.10;CLOSE;368.75;5.20;0.567
2022.10.11 04:42;2022.10.11 05:15;ASIA;reversal;SHORT;2.29;1667.89;1670.73;1662.21;1662.16;TP;1312.17;2.84;2.018
2022.10.11 18:23;2022.10.11 21:59;NY;reversal;LONG;1.10;1672.61;1666.67;1684.46;1666.67;SL;-653.40;5.94;-1.000
2022.10.12 05:19;2022.10.12 06:00;ASIA;reversal;SHORT;1.82;1661.64;1665.23;1654.49;1665.25;SL;-657.02;3.59;-1.006
2022.10.13 04:23;2022.10.13 06:00;ASIA;reversal;SHORT;3.00;1672.85;1674.56;1669.55;1669.55;TP;990.00;1.71;1.930
2022.10.14 04:44;2022.10.14 09:08;ASIA;reversal;LONG;2.14;1664.84;1661.77;1670.92;1670.94;TP;1305.40;3.07;1.987
2022.10.19 04:37;2022.10.19 05:35;ASIA;reversal;LONG;2.84;1653.21;1650.88;1657.87;1650.88;SL;-661.72;2.33;-1.000
2022.10.21 06:01;2022.10.21 06:45;ASIA;reversal;SHORT;2.96;1625.20;1627.43;1620.74;1620.72;TP;1326.08;2.23;2.009
2022.10.25 04:15;2022.10.25 09:30;ASIA;reversal;SHORT;2.31;1650.76;1653.64;1645.00;1651.46;CLOSE;-161.70;2.88;-0.243
2022.10.26 04:24;2022.10.26 09:13;ASIA;reversal;LONG;1.88;1653.92;1650.38;1660.97;1660.98;TP;1327.28;3.54;1.994
2022.10.27 05:08;2022.10.27 08:44;ASIA;reversal;SHORT;1.90;1665.83;1669.37;1658.81;1669.39;SL;-676.40;3.54;-1.006
2022.11.04 04:47;2022.11.04 05:55;ASIA;reversal;LONG;2.61;1632.06;1629.50;1637.06;1637.08;TP;1310.22;2.56;1.961
2022.11.07 04:13;2022.11.07 05:37;ASIA;reversal;SHORT;1.85;1670.59;1674.23;1663.31;1674.23;SL;-673.40;3.64;-1.000
2022.11.09 05:02;2022.11.09 09:30;ASIA;reversal;LONG;2.25;1710.13;1707.15;1716.09;1711.07;CLOSE;211.50;2.98;0.315
2022.11.09 17:36;2022.11.09 23:00;NY;reversal;SHORT;1.02;1709.77;1716.35;1696.64;1704.72;CLOSE;515.10;6.58;0.767
2022.11.10 04:59;2022.11.10 09:27;ASIA;reversal;LONG;2.86;1708.82;1706.46;1713.45;1706.44;SL;-680.68;2.36;-1.008
2022.11.14 05:25;2022.11.14 06:08;ASIA;reversal;LONG;1.51;1766.22;1761.78;1775.01;1761.78;SL;-670.44;4.44;-1.000
2022.11.17 17:40;2022.11.17 19:50;NY;reversal;SHORT;2.39;1758.38;1761.18;1752.84;1761.20;SL;-673.98;2.80;-1.007
2022.11.18 04:38;2022.11.18 05:15;ASIA;reversal;LONG;2.87;1764.49;1762.17;1769.13;1762.15;SL;-671.58;2.32;-1.009
2022.11.24 03:43;2022.11.24 08:07;ASIA;reversal;LONG;2.51;1755.25;1752.62;1760.36;1752.62;SL;-660.13;2.63;-1.000
2022.12.02 17:53;2022.12.02 19:13;NY;reversal;LONG;1.31;1786.98;1781.96;1796.99;1797.16;TP;1333.58;5.02;2.028
2022.12.09 18:16;2022.12.09 22:50;NY;reversal;LONG;1.77;1799.25;1795.50;1806.60;1795.50;SL;-663.75;3.75;-1.000
2022.12.13 06:03;2022.12.13 07:30;ASIA;reversal;SHORT;3.00;1781.93;1783.73;1778.33;1783.78;SL;-555.00;1.80;-1.028
2022.12.14 19:13;2022.12.14 21:00;NY;reversal;SHORT;1.66;1808.17;1812.13;1800.28;1798.82;TP;1552.10;3.96;2.361
2022.12.19 05:49;2022.12.19 09:30;ASIA;reversal;SHORT;2.40;1792.30;1795.08;1787.01;1793.34;CLOSE;-249.60;2.78;-0.374
2022.12.19 17:46;2022.12.19 23:00;NY;reversal;SHORT;1.82;1788.77;1792.42;1781.71;1787.34;CLOSE;260.26;3.65;0.392
2022.12.21 18:07;2022.12.21 23:00;NY;reversal;SHORT;1.74;1816.06;1819.88;1808.63;1814.38;CLOSE;292.32;3.82;0.440
2022.12.27 03:50;2022.12.27 09:01;ASIA;reversal;LONG;2.74;1803.36;1800.92;1808.15;1808.15;TP;1312.46;2.44;1.963
2022.12.28 04:00;2022.12.28 09:30;ASIA;reversal;SHORT;1.76;1810.42;1814.24;1802.93;1810.11;CLOSE;54.56;3.82;0.081
2022.12.30 19:59;2022.12.30 23:00;NY;reversal;LONG;1.33;1822.98;1817.90;1832.99;1823.49;CLOSE;67.83;5.08;0.100
2023.01.03 04:33;2023.01.03 08:16;ASIA;reversal;LONG;1.21;1832.41;1826.83;1843.45;1843.49;TP;1340.68;5.58;1.986
2023.01.04 18:10;2023.01.04 19:27;NY;reversal;LONG;1.54;1859.77;1855.34;1868.60;1855.32;SL;-685.30;4.43;-1.005
2023.01.05 04:10;2023.01.05 09:30;ASIA;reversal;SHORT;2.12;1854.96;1858.16;1848.56;1854.26;CLOSE;148.40;3.20;0.219
2023.01.10 17:45;2023.01.10 23:00;NY;reversal;SHORT;1.28;1874.77;1880.05;1864.24;1878.29;CLOSE;-450.56;5.28;-0.667
2023.01.13 04:17;2023.01.13 04:32;ASIA;reversal;SHORT;3.00;1896.44;1898.50;1892.32;1898.53;SL;-627.00;2.06;-1.015
2023.01.16 19:08;2023.01.16 21:25;NY;reversal;SHORT;2.42;1913.16;1915.94;1907.60;1915.95;SL;-675.18;2.78;-1.004
2023.01.18 03:56;2023.01.18 04:40;ASIA;reversal;LONG;2.89;1909.03;1906.71;1913.67;1906.70;SL;-673.37;2.32;-1.004
2023.01.19 04:54;2023.01.19 09:30;ASIA;reversal;LONG;1.14;1907.35;1901.50;1918.63;1908.83;CLOSE;168.72;5.85;0.253
2023.01.23 06:00;2023.01.23 08:03;ASIA;reversal;SHORT;2.67;1930.37;1932.87;1925.37;1925.37;TP;1335.00;2.50;2.000
2023.01.23 17:34;2023.01.23 23:00;NY;reversal;LONG;0.91;1920.64;1913.28;1934.91;1931.15;CLOSE;956.41;7.36;1.428
2023.01.24 17:26;2023.01.24 23:00;NY;reversal;LONG;0.71;1930.77;1921.24;1949.83;1937.81;CLOSE;499.84;9.53;0.739
2023.01.25 04:49;2023.01.25 05:11;ASIA;reversal;SHORT;2.78;1936.45;1938.90;1931.58;1931.38;TP;1409.46;2.45;2.069
2023.01.27 17:46;2023.01.27 18:12;NY;reversal;SHORT;1.12;1921.62;1927.73;1909.64;1927.73;SL;-684.32;6.11;-1.000
2023.01.30 17:27;2023.01.30 17:54;NY;reversal;LONG;1.53;1928.91;1924.44;1937.79;1924.44;SL;-683.91;4.47;-1.000
2023.02.03 05:29;2023.02.03 09:09;ASIA;reversal;SHORT;3.00;1915.48;1917.68;1911.17;1917.83;SL;-705.00;2.20;-1.068
2023.02.07 17:35;2023.02.07 19:45;NY;reversal;LONG;1.51;1872.04;1867.56;1881.00;1881.03;TP;1357.49;4.48;2.007
2023.02.08 04:17;2023.02.08 06:21;ASIA;reversal;SHORT;2.28;1875.00;1878.01;1869.04;1878.04;SL;-693.12;3.01;-1.010
2023.02.15 04:40;2023.02.15 05:01;ASIA;reversal;SHORT;2.85;1854.79;1857.18;1850.07;1850.05;TP;1350.90;2.39;1.983
2023.02.20 03:39;2023.02.20 04:08;ASIA;reversal;SHORT;2.18;1838.08;1841.24;1831.91;1841.29;SL;-699.78;3.16;-1.016
2023.02.21 03:37;2023.02.21 05:09;ASIA;reversal;LONG;3.00;1842.57;1840.69;1846.27;1840.63;SL;-582.00;1.88;-1.032
2023.02.22 03:51;2023.02.22 09:30;ASIA;reversal;SHORT;2.38;1835.07;1837.93;1829.35;1836.09;CLOSE;-242.76;2.86;-0.357
2023.02.22 17:26;2023.02.22 18:16;NY;reversal;LONG;1.78;1838.18;1834.36;1845.82;1834.36;SL;-679.96;3.82;-1.000
2023.02.24 04:09;2023.02.24 04:46;ASIA;reversal;LONG;2.64;1827.07;1824.50;1832.18;1824.45;SL;-691.68;2.57;-1.019
2023.02.27 17:42;2023.02.27 19:39;NY;reversal;SHORT;1.55;1814.45;1818.79;1805.95;1818.80;SL;-674.25;4.34;-1.002
2023.02.28 05:55;2023.02.28 09:22;ASIA;reversal;SHORT;2.98;1815.34;1817.59;1810.84;1810.80;TP;1352.92;2.25;2.018
2023.03.02 19:17;2023.03.02 22:39;NY;reversal;SHORT;1.31;1833.00;1838.17;1822.78;1838.18;SL;-678.58;5.17;-1.002
2023.03.03 17:47;2023.03.03 21:32;NY;reversal;LONG;1.86;1845.52;1841.89;1852.45;1852.45;TP;1288.98;3.63;1.909
2023.03.06 17:41;2023.03.06 17:59;NY;reversal;LONG;2.29;1853.92;1850.95;1859.59;1850.93;SL;-684.71;2.97;-1.007
2023.03.08 04:43;2023.03.08 08:50;ASIA;reversal;SHORT;3.00;1811.30;1813.56;1806.78;1813.59;SL;-687.00;2.26;-1.013
2023.03.13 05:28;2023.03.13 09:30;ASIA;reversal;LONG;0.96;1882.10;1875.14;1895.93;1879.29;CLOSE;-269.76;6.96;-0.404
2023.03.14 04:05;2023.03.14 04:42;ASIA;reversal;SHORT;3.00;1910.11;1912.17;1906.08;1906.03;TP;1224.00;2.06;1.981
2023.03.16 03:49;2023.03.16 04:03;ASIA;reversal;SHORT;1.88;1920.34;1923.94;1913.14;1913.07;TP;1366.76;3.60;2.019
2023.03.16 17:54;2023.03.16 23:00;NY;reversal;SHORT;0.87;1923.26;1931.14;1907.53;1920.70;CLOSE;222.72;7.88;0.325
2023.03.17 04:30;2023.03.17 05:38;ASIA;reversal;LONG;3.00;1922.46;1920.45;1926.18;1926.20;TP;1122.00;2.01;1.861
2023.03.22 05:02;2023.03.22 07:05;ASIA;reversal;SHORT;3.00;1942.25;1944.26;1938.32;1938.31;TP;1182.00;2.01;1.960
2023.03.23 04:06;2023.03.23 05:23;ASIA;reversal;SHORT;2.15;1969.57;1972.81;1963.12;1972.81;SL;-696.60;3.24;-1.000
2023.03.27 04:03;2023.03.27 04:33;ASIA;reversal;LONG;2.70;1976.26;1973.69;1980.95;1973.67;SL;-699.30;2.57;-1.008
2023.03.28 17:34;2023.03.28 23:00;NY;reversal;LONG;1.35;1965.94;1960.84;1976.14;1973.34;CLOSE;999.00;5.10;1.451
2023.03.29 18:58;2023.03.29 20:41;NY;reversal;SHORT;1.03;1961.41;1968.12;1948.41;1968.21;SL;-700.40;6.71;-1.013
2023.03.30 17:18;2023.03.30 19:00;NY;reversal;LONG;2.04;1968.57;1965.18;1975.23;1975.29;TP;1370.88;3.39;1.982
2023.04.03 05:40;2023.04.03 09:30;ASIA;reversal;SHORT;1.18;1956.66;1962.55;1945.00;1954.57;CLOSE;246.62;5.89;0.355
2023.04.05 17:11;2023.04.05 23:00;NY;reversal;SHORT;0.85;2020.92;2029.09;2004.79;2021.23;CLOSE;-26.35;8.17;-0.038
2023.04.11 05:10;2023.04.11 09:20;ASIA;reversal;LONG;2.23;1995.39;1992.25;2001.55;2001.55;TP;1373.68;3.14;1.962
2023.04.13 17:36;2023.04.13 23:00;NY;reversal;SHORT;0.97;2039.69;2046.99;2025.27;2040.64;CLOSE;-92.15;7.30;-0.130
2023.04.17 04:00;2023.04.17 04:11;ASIA;reversal;SHORT;2.69;2001.45;2004.08;1996.28;1996.27;TP;1393.42;2.63;1.970
2023.04.20 04:31;2023.04.20 05:26;ASIA;reversal;LONG;2.32;1996.47;1993.40;2002.58;1993.35;SL;-723.84;3.07;-1.016
2023.04.20 17:54;2023.04.20 19:26;NY;reversal;SHORT;1.81;2002.94;2006.85;1995.21;2006.88;SL;-713.14;3.91;-1.008
2023.04.21 04:07;2023.04.21 04:31;ASIA;reversal;LONG;2.01;2005.44;2001.92;2012.45;2001.92;SL;-707.52;3.52;-1.000
2023.04.27 04:32;2023.04.27 05:24;ASIA;reversal;LONG;2.92;1992.15;1989.74;1996.97;1997.21;TP;1477.52;2.41;2.100
2023.05.03 17:48;2023.05.03 21:02;NY;reversal;LONG;1.01;2020.09;2013.09;2034.03;2034.15;TP;1420.06;7.00;2.009
2023.05.05 18:13;2023.05.05 23:00;NY;reversal;LONG;0.67;2011.69;2001.05;2032.91;2017.78;CLOSE;408.03;10.64;0.572
2023.05.08 04:31;2023.05.08 07:16;ASIA;reversal;LONG;2.58;2018.41;2015.62;2023.96;2024.01;TP;1444.80;2.79;2.007
2023.05.11 05:17;2023.05.11 06:07;ASIA;reversal;SHORT;3.00;2031.12;2033.21;2027.00;2033.25;SL;-639.00;2.09;-1.019
2023.05.17 17:17;2023.05.17 23:00;NY;reversal;LONG;0.92;1984.34;1976.48;1999.88;1982.95;CLOSE;-127.88;7.86;-0.177
2023.05.18 17:40;2023.05.18 23:00;NY;reversal;SHORT;1.27;1955.25;1960.93;1947.82;1957.51;CLOSE;-287.02;5.68;-0.398
2023.05.19 18:06;2023.05.19 18:15;NY;reversal;LONG;1.82;1961.85;1957.89;1969.77;1969.80;TP;1446.90;3.96;2.008
2023.05.22 03:58;2023.05.22 04:19;ASIA;reversal;LONG;2.87;1981.29;1978.75;1986.34;1978.70;SL;-743.33;2.54;-1.020
2023.05.22 17:08;2023.05.22 17:17;NY;reversal;LONG;1.55;1975.95;1971.27;1985.31;1971.26;SL;-726.95;4.68;-1.002
2023.05.24 03:58;2023.05.24 07:01;ASIA;reversal;SHORT;3.00;1974.69;1976.80;1970.65;1976.80;SL;-633.00;2.11;-1.000
2023.05.25 04:01;2023.05.25 04:07;ASIA;reversal;LONG;3.00;1960.21;1958.02;1964.44;1957.98;SL;-669.00;2.19;-1.018
2023.05.26 04:00;2023.05.26 04:58;ASIA;reversal;LONG;2.74;1941.65;1939.04;1946.75;1946.78;TP;1405.62;2.61;1.966
2023.05.26 17:32;2023.05.26 23:00;NY;reversal;SHORT;1.57;1945.84;1950.44;1937.36;1947.61;CLOSE;-277.89;4.60;-0.385
2023.05.29 04:10;2023.05.29 09:24;ASIA;reversal;LONG;2.99;1943.93;1941.52;1948.72;1948.73;TP;1435.20;2.41;1.992
2023.05.30 17:09;2023.05.30 23:00;NY;reversal;LONG;1.64;1956.81;1952.39;1965.23;1960.14;CLOSE;546.12;4.42;0.753
2023.05.31 04:33;2023.05.31 07:53;ASIA;reversal;SHORT;3.00;1957.38;1959.79;1952.80;1959.80;SL;-726.00;2.41;-1.004
2023.05.31 17:42;2023.05.31 22:26;NY;reversal;LONG;0.66;1973.64;1962.63;1995.66;1962.63;SL;-726.66;11.01;-1.000
2023.06.14 19:25;2023.06.14 21:00;NY;reversal;SHORT;1.85;1954.94;1958.85;1947.15;1946.97;TP;1474.45;3.91;2.038
2023.06.16 17:20;2023.06.16 23:00;NY;reversal;SHORT;1.13;1956.35;1962.82;1943.50;1955.57;CLOSE;88.14;6.47;0.121
2023.06.21 04:37;2023.06.21 04:58;ASIA;reversal;LONG;3.00;1938.19;1936.23;1942.11;1936.21;SL;-594.00;1.96;-1.010
2023.07.11 19:05;2023.07.11 23:00;NY;reversal;SHORT;1.58;1929.36;1933.97;1920.20;1932.65;CLOSE;-519.82;4.61;-0.714
2023.07.13 18:52;2023.07.13 20:50;NY;reversal;SHORT;1.94;1956.65;1960.38;1949.19;1960.48;SL;-743.02;3.73;-1.027
2023.07.14 18:00;2023.07.14 22:43;NY;reversal;LONG;1.33;1960.93;1955.52;1971.63;1955.52;SL;-719.53;5.41;-1.000
2023.07.21 17:38;2023.07.21 18:00;NY;reversal;LONG;1.36;1964.32;1959.04;1974.88;1959.01;SL;-722.16;5.28;-1.006
2023.07.25 17:56;2023.07.25 23:00;NY;reversal;LONG;1.33;1961.17;1955.79;1971.54;1964.43;CLOSE;433.58;5.38;0.606
2023.08.01 17:31;2023.08.01 23:00;NY;reversal;SHORT;1.65;1944.39;1948.72;1935.73;1944.56;CLOSE;-28.05;4.33;-0.039
2023.08.09 17:31;2023.08.09 23:00;NY;reversal;SHORT;1.45;1920.70;1925.63;1913.15;1915.66;CLOSE;730.80;4.93;1.022
2023.08.14 06:22;2023.08.14 09:30;ASIA;reversal;LONG;2.65;1913.66;1910.94;1919.10;1913.09;CLOSE;-151.05;2.72;-0.210
2023.08.31 18:36;2023.08.31 23:00;NY;reversal;SHORT;1.69;1940.27;1944.52;1931.86;1940.13;CLOSE;23.66;4.25;0.033
2023.09.08 18:12;2023.09.08 23:00;NY;reversal;SHORT;0.96;1921.43;1928.87;1906.55;1919.35;CLOSE;199.68;7.44;0.280
2023.09.14 17:34;2023.09.14 23:00;NY;reversal;LONG;1.40;1907.04;1901.91;1917.21;1909.35;CLOSE;323.40;5.13;0.450
2023.09.18 17:23;2023.09.18 23:00;NY;reversal;LONG;1.67;1927.72;1923.40;1936.27;1933.23;CLOSE;920.17;4.32;1.275
2023.09.22 19:52;2023.09.22 23:00;NY;reversal;SHORT;2.08;1924.86;1928.36;1917.86;1925.60;CLOSE;-153.92;3.50;-0.211
2023.09.26 18:05;2023.09.26 23:00;NY;reversal;SHORT;2.59;1904.57;1907.37;1899.06;1900.71;CLOSE;999.74;2.80;1.379
2023.10.03 17:35;2023.10.03 18:33;NY;reversal;LONG;0.87;1831.62;1823.22;1847.37;1823.21;SL;-731.67;8.40;-1.001
2023.10.04 04:35;2023.10.04 04:55;ASIA;reversal;SHORT;3.00;1821.81;1823.79;1817.91;1823.80;SL;-597.00;1.98;-1.005
2023.10.04 18:18;2023.10.04 21:07;NY;reversal;LONG;0.99;1825.02;1817.71;1839.61;1817.71;SL;-723.69;7.31;-1.000
2023.10.09 03:45;2023.10.09 09:18;ASIA;reversal;LONG;3.00;1848.84;1846.50;1853.46;1853.46;TP;1386.00;2.34;1.974
2023.10.10 17:49;2023.10.10 18:04;NY;reversal;SHORT;1.93;1853.75;1857.52;1846.30;1857.53;SL;-729.54;3.77;-1.003
2023.10.19 18:22;2023.10.19 20:21;NY;reversal;LONG;1.13;1956.38;1949.99;1969.13;1969.18;TP;1446.40;6.39;2.003
2023.10.20 04:42;2023.10.20 09:30;ASIA;reversal;LONG;2.24;1977.38;1974.11;1983.86;1976.51;CLOSE;-194.88;3.27;-0.266
2023.10.23 05:37;2023.10.23 09:30;ASIA;reversal;LONG;2.24;1973.15;1969.89;1979.61;1976.48;CLOSE;745.92;3.26;1.021
2023.10.24 03:47;2023.10.24 04:04;ASIA;reversal;SHORT;3.00;1973.21;1975.63;1968.49;1975.66;SL;-735.00;2.42;-1.012
2023.10.26 04:20;2023.10.26 07:16;ASIA;reversal;LONG;3.00;1984.66;1982.64;1988.70;1988.70;TP;1212.00;2.02;2.000
2023.10.26 19:11;2023.10.26 23:00;NY;reversal;LONG;1.58;1981.82;1977.18;1991.04;1984.32;CLOSE;395.00;4.64;0.539
2023.10.27 18:54;2023.10.27 20:06;NY;reversal;SHORT;1.16;1978.70;1985.04;1966.02;1985.04;SL;-735.44;6.34;-1.000
2023.10.30 05:22;2023.10.30 09:23;ASIA;reversal;SHORT;2.93;2002.14;2004.65;1997.36;1997.34;TP;1406.40;2.51;1.912
2023.10.30 17:38;2023.10.30 23:00;NY;reversal;SHORT;1.48;1995.95;2000.97;1985.91;1996.03;CLOSE;-11.84;5.02;-0.016
2023.10.31 18:11;2023.10.31 23:00;NY;reversal;SHORT;0.78;1994.51;2004.02;1975.52;1984.96;CLOSE;744.90;9.51;1.004
2023.11.01 18:37;2023.11.01 21:45;NY;reversal;SHORT;1.45;1981.03;1986.15;1970.85;1970.84;TP;1477.55;5.12;1.990
2023.11.06 04:40;2023.11.06 05:29;ASIA;reversal;SHORT;2.67;1989.60;1992.42;1983.96;1983.94;TP;1511.22;2.82;2.007
2023.11.08 04:13;2023.11.08 04:50;ASIA;reversal;LONG;3.00;1969.86;1967.86;1973.86;1967.86;SL;-600.00;2.00;-1.000
2023.11.13 04:53;2023.11.13 09:30;ASIA;reversal;SHORT;3.00;1937.95;1940.36;1933.13;1939.49;CLOSE;-462.00;2.41;-0.639
2023.11.13 17:06;2023.11.13 18:30;NY;reversal;LONG;2.07;1936.08;1932.44;1943.36;1943.36;TP;1506.96;3.64;2.000
2023.11.16 04:47;2023.11.16 08:14;ASIA;reversal;LONG;3.00;1959.80;1957.70;1963.94;1963.97;TP;1251.00;2.10;1.986
2023.11.17 05:56;2023.11.17 08:25;ASIA;reversal;LONG;2.61;1986.94;1983.99;1992.69;1983.87;SL;-801.27;2.95;-1.041
2023.11.21 18:22;2023.11.21 23:00;NY;reversal;SHORT;1.29;2001.32;2007.24;1989.48;1999.23;CLOSE;269.61;5.92;0.353
2023.11.24 17:30;2023.11.27 01:01;NY;reversal;SHORT;2.10;1999.40;2003.04;1992.24;2002.50;CLOSE;-568.15;3.64;-0.852
2023.11.27 17:05;2023.11.27 17:16;NY;reversal;SHORT;3.00;2010.63;2012.93;2006.03;2012.93;SL;-690.00;2.30;-1.000
2023.11.29 17:10;2023.11.29 19:32;NY;reversal;SHORT;1.38;2040.06;2045.57;2029.13;2045.62;SL;-767.28;5.51;-1.009
2023.12.04 17:22;2023.12.04 17:26;NY;reversal;SHORT;1.02;2043.24;2050.60;2028.76;2028.58;TP;1495.32;7.36;1.992
2023.12.05 06:02;2023.12.05 06:31;ASIA;reversal;LONG;2.42;2038.45;2035.29;2044.62;2035.21;SL;-784.08;3.16;-1.025
2023.12.05 17:35;2023.12.05 23:00;NY;reversal;SHORT;0.75;2015.41;2025.55;1995.19;2019.33;CLOSE;-294.00;10.14;-0.387
2023.12.06 05:20;2023.12.06 09:25;ASIA;reversal;LONG;2.56;2022.62;2019.66;2028.54;2028.59;TP;1528.32;2.96;2.017
2023.12.07 04:15;2023.12.07 05:42;ASIA;reversal;LONG;3.00;2029.52;2027.00;2034.53;2026.99;SL;-759.00;2.52;-1.004
2023.12.08 18:12;2023.12.08 23:00;NY;reversal;SHORT;1.15;2004.22;2010.81;1991.22;2003.04;CLOSE;135.70;6.59;0.179
2023.12.12 05:33;2023.12.12 09:30;ASIA;reversal;LONG;3.00;1986.25;1984.18;1990.39;1986.96;CLOSE;213.00;2.07;0.343
2023.12.18 04:15;2023.12.18 09:30;ASIA;reversal;LONG;1.76;2023.47;2019.13;2032.09;2023.48;CLOSE;1.76;4.34;0.002
2023.12.22 17:24;2023.12.22 18:45;NY;reversal;SHORT;1.53;2065.04;2070.03;2055.06;2055.06;TP;1526.94;4.99;2.000
2023.12.28 19:06;2023.12.28 23:00;NY;reversal;SHORT;1.16;2072.74;2079.39;2059.44;2066.67;CLOSE;704.12;6.65;0.913
2024.01.02 05:15;2024.01.02 09:30;ASIA;reversal;LONG;1.54;2069.84;2064.83;2079.86;2075.26;CLOSE;834.68;5.01;1.082
2024.01.03 18:01;2024.01.03 21:30;NY;reversal;SHORT;0.98;2031.70;2039.63;2015.87;2039.63;SL;-777.14;7.93;-1.000
2024.01.04 04:01;2024.01.04 08:26;ASIA;reversal;LONG;3.00;2043.24;2040.66;2048.37;2048.37;TP;1539.00;2.58;1.988
2024.01.05 19:10;2024.01.05 21:07;NY;reversal;SHORT;1.04;2041.66;2049.20;2026.58;2049.20;SL;-784.16;7.54;-1.000
2024.01.09 04:22;2024.01.09 07:27;ASIA;reversal;LONG;2.25;2035.56;2032.10;2042.48;2032.10;SL;-778.50;3.46;-1.000
2024.01.16 04:51;2024.01.16 09:30;ASIA;reversal;SHORT;3.00;2049.88;2052.43;2044.78;2049.87;CLOSE;3.00;2.55;0.004
2024.01.17 05:20;2024.01.17 07:10;ASIA;reversal;SHORT;3.00;2026.65;2029.03;2021.89;2021.86;TP;1437.00;2.38;2.013
2024.01.19 05:32;2024.01.19 09:01;ASIA;reversal;SHORT;3.00;2021.99;2024.40;2017.26;2024.40;SL;-723.00;2.41;-1.000
2024.02.01 17:43;2024.02.01 18:25;NY;reversal;LONG;1.52;2050.83;2045.71;2061.04;2061.04;TP;1551.92;5.12;1.994
2024.02.05 04:50;2024.02.05 07:05;ASIA;reversal;SHORT;3.00;2034.47;2036.82;2029.77;2029.77;TP;1410.00;2.35;2.000
2024.02.05 19:30;2024.02.05 23:00;NY;reversal;LONG;1.20;2023.65;2017.04;2036.84;2024.94;CLOSE;154.80;6.61;0.195
2024.02.09 17:23;2024.02.09 20:09;NY;reversal;SHORT;2.41;2023.01;2026.30;2016.43;2026.32;SL;-797.71;3.29;-1.006
2024.02.12 19:52;2024.02.12 23:00;NY;reversal;LONG;1.46;2018.61;2013.20;2029.31;2020.02;CLOSE;205.86;5.41;0.261
2024.02.14 18:30;2024.02.14 23:00;NY;reversal;LONG;1.32;1992.22;1986.22;2004.22;1991.10;CLOSE;-147.84;6.00;-0.187
2024.02.21 17:48;2024.02.21 21:00;NY;reversal;SHORT;2.65;2026.98;2029.96;2021.02;2021.01;TP;1582.05;2.98;2.003
2024.02.23 04:55;2024.02.23 08:27;ASIA;reversal;SHORT;3.00;2024.37;2026.87;2019.37;2019.37;TP;1500.00;2.50;2.000
2024.02.26 17:53;2024.02.26 23:00;NY;reversal;LONG;2.38;2029.08;2025.70;2035.84;2032.32;CLOSE;771.12;3.38;0.959
2024.02.28 17:32;2024.02.28 21:02;NY;reversal;LONG;2.74;2034.01;2031.06;2039.91;2031.06;SL;-808.30;2.95;-1.000
2024.02.29 18:14;2024.02.29 23:00;NY;reversal;SHORT;1.86;2045.92;2050.25;2037.29;2044.08;CLOSE;342.24;4.33;0.425
2024.03.04 04:38;2024.03.04 05:12;ASIA;reversal;LONG;3.00;2082.89;2080.46;2087.75;2080.44;SL;-735.00;2.43;-1.008
2024.03.05 17:53;2024.03.05 20:28;NY;reversal;SHORT;0.97;2124.97;2133.24;2108.46;2133.24;SL;-802.19;8.27;-1.000
2024.03.06 18:57;2024.03.06 23:00;NY;reversal;LONG;0.79;2149.17;2139.14;2169.20;2146.62;CLOSE;-201.45;10.03;-0.254
2024.03.11 04:46;2024.03.11 09:30;ASIA;reversal;SHORT;2.05;2179.44;2183.33;2171.66;2179.00;CLOSE;90.20;3.89;0.113
2024.03.11 18:39;2024.03.11 21:26;NY;reversal;LONG;1.05;2185.11;2177.54;2200.25;2177.53;SL;-795.90;7.57;-1.001
2024.03.12 17:51;2024.03.12 20:58;NY;reversal;LONG;0.92;2164.71;2156.13;2181.84;2156.13;SL;-789.36;8.58;-1.000
2024.03.18 19:04;2024.03.18 19:26;NY;reversal;SHORT;2.96;2155.46;2158.13;2150.15;2158.14;SL;-793.28;2.67;-1.004
2024.03.19 19:17;2024.03.19 23:00;NY;reversal;LONG;1.45;2155.92;2150.50;2166.73;2157.73;CLOSE;262.45;5.42;0.334
2024.03.21 04:07;2024.03.21 09:30;ASIA;reversal;LONG;0.98;2203.98;2195.93;2220.05;2206.77;CLOSE;273.42;8.05;0.347
2024.03.22 04:36;2024.03.22 04:59;ASIA;reversal;SHORT;2.25;2180.97;2184.48;2173.95;2173.94;TP;1581.75;3.51;2.003
2024.03.27 04:07;2024.03.27 04:34;ASIA;reversal;LONG;2.81;2180.17;2177.33;2185.79;2177.31;SL;-803.66;2.84;-1.007
2024.04.02 04:06;2024.04.02 05:51;ASIA;reversal;SHORT;1.89;2247.77;2251.97;2239.40;2251.97;SL;-793.80;4.20;-1.000
2024.04.02 17:56;2024.04.02 20:59;NY;reversal;SHORT;0.87;2257.73;2266.78;2239.72;2266.82;SL;-790.83;9.05;-1.004
2024.04.03 04:09;2024.04.03 06:13;ASIA;reversal;SHORT;1.25;2279.22;2285.47;2266.75;2285.47;SL;-781.25;6.25;-1.000
2024.04.08 04:27;2024.04.08 04:58;ASIA;reversal;LONG;1.36;2312.07;2306.33;2323.55;2323.55;TP;1561.28;5.74;2.000
2024.04.09 04:10;2024.04.09 04:34;ASIA;reversal;LONG;2.50;2341.69;2338.53;2348.01;2348.01;TP;1580.00;3.16;2.000
2024.04.09 17:39;2024.04.09 23:00;NY;reversal;SHORT;0.97;2352.86;2361.02;2336.54;2351.16;CLOSE;164.90;8.16;0.208
2024.04.11 19:43;2024.04.11 21:06;NY;reversal;LONG;1.30;2347.56;2341.44;2359.41;2359.41;TP;1540.50;6.12;1.936
2024.04.12 18:30;2024.04.12 19:45;NY;reversal;SHORT;0.61;2393.43;2406.50;2367.32;2367.28;TP;1595.15;13.07;2.001
2024.04.15 19:42;2024.04.15 22:07;NY;reversal;LONG;0.65;2355.51;2343.14;2380.25;2380.26;TP;1608.75;12.37;2.001
2024.04.16 04:15;2024.04.16 05:50;ASIA;reversal;SHORT;1.70;2380.09;2384.93;2370.44;2384.94;SL;-824.50;4.84;-1.002
2024.04.16 17:52;2024.04.16 23:00;NY;reversal;LONG;0.61;2378.58;2365.30;2405.14;2389.65;CLOSE;675.27;13.28;0.834
2024.04.17 06:28;2024.04.17 09:17;ASIA;reversal;SHORT;2.24;2381.02;2384.68;2373.70;2373.70;TP;1639.68;3.66;2.000
2024.04.17 17:45;2024.04.17 18:15;NY;reversal;LONG;1.15;2395.12;2387.91;2409.51;2387.91;SL;-829.15;7.21;-1.000
2024.04.18 04:28;2024.04.18 05:10;ASIA;reversal;SHORT;2.83;2366.84;2369.76;2361.03;2369.76;SL;-826.36;2.92;-1.000
2024.04.22 19:21;2024.04.22 23:00;NY;reversal;SHORT;0.89;2331.16;2340.31;2312.89;2329.36;CLOSE;160.20;9.15;0.197
2024.04.23 03:36;2024.04.23 03:53;ASIA;reversal;LONG;3.00;2333.78;2331.13;2339.08;2331.08;SL;-810.00;2.65;-1.019
2024.04.25 06:10;2024.04.25 06:14;ASIA;reversal;SHORT;2.60;2315.38;2318.53;2309.17;2309.14;TP;1622.40;3.15;1.981
2024.04.30 05:10;2024.04.30 05:39;ASIA;reversal;SHORT;3.00;2331.69;2334.03;2327.04;2327.02;TP;1401.00;2.34;1.996
2024.05.01 17:45;2024.05.01 17:56;NY;reversal;SHORT;2.11;2299.46;2303.41;2291.56;2303.41;SL;-833.45;3.95;-1.000
2024.05.02 04:28;2024.05.02 05:02;ASIA;reversal;SHORT;3.00;2322.90;2325.53;2317.64;2325.55;SL;-795.00;2.63;-1.008
2024.05.03 05:19;2024.05.03 07:32;ASIA;reversal;SHORT;1.86;2300.28;2304.72;2291.43;2304.72;SL;-825.84;4.44;-1.000
2024.05.07 04:24;2024.05.07 05:15;ASIA;reversal;SHORT;2.90;2325.50;2328.33;2319.87;2319.85;TP;1638.50;2.83;1.996
2024.05.07 17:57;2024.05.07 23:00;NY;reversal;SHORT;1.63;2316.67;2321.74;2306.62;2314.72;CLOSE;317.85;5.07;0.385
2024.05.10 17:22;2024.05.10 19:52;NY;reversal;SHORT;1.51;2363.56;2369.05;2352.67;2369.06;SL;-830.50;5.49;-1.002
2024.05.13 04:13;2024.05.13 08:10;ASIA;reversal;SHORT;2.67;2359.80;2362.90;2353.63;2353.62;TP;1650.06;3.10;1.994
2024.05.16 04:55;2024.05.16 08:36;ASIA;reversal;SHORT;2.02;2390.19;2394.31;2381.98;2394.31;SL;-832.24;4.12;-1.000
2024.05.16 18:20;2024.05.16 23:00;NY;reversal;LONG;1.11;2379.14;2371.69;2394.01;2378.10;CLOSE;-115.44;7.45;-0.140
2024.05.21 03:49;2024.05.21 04:26;ASIA;reversal;LONG;3.00;2427.67;2424.94;2433.10;2433.10;TP;1629.00;2.73;1.989
2024.05.21 18:43;2024.05.21 23:00;NY;reversal;SHORT;1.38;2424.70;2430.78;2412.54;2423.46;CLOSE;171.12;6.08;0.204
2024.05.24 04:19;2024.05.24 05:26;ASIA;reversal;LONG;1.95;2332.32;2328.02;2340.89;2328.01;SL;-840.45;4.30;-1.002
2024.05.30 04:13;2024.05.30 04:35;ASIA;reversal;LONG;2.99;2338.41;2335.62;2343.99;2335.62;SL;-834.21;2.79;-1.000
2024.05.30 18:17;2024.05.30 20:00;NY;reversal;SHORT;1.37;2342.63;2348.68;2330.53;2348.68;SL;-828.85;6.05;-1.000
2024.06.05 17:23;2024.06.05 23:00;NY;reversal;LONG;1.07;2345.92;2338.20;2361.36;2354.06;CLOSE;870.98;7.72;1.054
2024.06.06 18:03;2024.06.06 23:00;NY;reversal;LONG;1.12;2367.02;2359.63;2381.80;2372.51;CLOSE;614.88;7.39;0.743
2024.06.10 05:05;2024.06.10 07:02;ASIA;reversal;LONG;1.48;2299.78;2294.16;2310.99;2294.12;SL;-837.68;5.62;-1.007
2024.06.11 19:16;2024.06.11 21:27;NY;reversal;SHORT;1.43;2309.38;2315.19;2297.79;2315.21;SL;-833.69;5.81;-1.003
2024.06.13 04:08;2024.06.13 04:36;ASIA;reversal;SHORT;2.01;2317.62;2321.72;2309.45;2309.45;TP;1642.17;4.10;1.993
2024.06.14 18:52;2024.06.14 20:21;NY;reversal;SHORT;0.96;2324.19;2332.88;2306.84;2332.89;SL;-835.20;8.69;-1.001
2024.06.17 04:20;2024.06.17 05:00;ASIA;reversal;LONG;2.23;2328.96;2325.24;2336.37;2325.23;SL;-831.79;3.72;-1.003
2024.06.17 17:29;2024.06.17 18:30;NY;reversal;LONG;1.23;2325.75;2319.08;2339.06;2319.08;SL;-820.41;6.67;-1.000
2024.06.18 04:17;2024.06.18 04:32;ASIA;reversal;SHORT;3.00;2320.71;2323.18;2315.77;2323.18;SL;-741.00;2.47;-1.000
2024.06.19 19:00;2024.06.19 21:30;NY;reversal;LONG;3.00;2330.42;2327.94;2335.38;2327.89;SL;-759.00;2.48;-1.020
2024.06.25 18:25;2024.06.25 23:00;NY;reversal;SHORT;1.41;2320.28;2326.06;2308.72;2319.93;CLOSE;49.35;5.78;0.061
2024.06.28 17:37;2024.06.28 19:19;NY;reversal;SHORT;1.52;2326.81;2332.17;2316.09;2332.19;SL;-817.76;5.36;-1.004
2024.07.04 18:21;2024.07.04 18:32;NY;reversal;SHORT;2.90;2357.27;2360.06;2351.78;2360.06;SL;-809.10;2.79;-1.000
2024.07.08 18:25;2024.07.08 18:48;NY;reversal;SHORT;1.19;2370.32;2377.08;2356.86;2356.83;TP;1605.31;6.76;1.996
2024.07.15 04:52;2024.07.15 09:14;ASIA;reversal;LONG;3.00;2408.80;2406.23;2413.94;2406.23;SL;-771.00;2.57;-1.000
2024.07.18 19:03;2024.07.18 22:16;NY;reversal;SHORT;1.03;2457.59;2465.46;2441.85;2441.84;TP;1622.25;7.87;2.001
2024.07.22 04:26;2024.07.22 04:55;ASIA;reversal;LONG;1.72;2411.63;2406.88;2421.13;2406.88;SL;-817.00;4.75;-1.000
2024.07.25 04:01;2024.07.25 04:08;ASIA;reversal;SHORT;2.78;2396.03;2398.96;2390.17;2398.96;SL;-814.54;2.93;-1.000
2024.07.30 04:00;2024.07.30 05:45;ASIA;reversal;SHORT;2.77;2380.23;2383.15;2374.45;2383.15;SL;-808.84;2.92;-1.000
2024.07.30 19:55;2024.07.30 20:02;NY;reversal;LONG;1.30;2397.75;2391.55;2410.00;2410.00;TP;1592.50;6.20;1.976
2024.07.31 17:52;2024.07.31 19:30;NY;reversal;SHORT;1.05;2419.80;2427.51;2404.41;2427.53;SL;-811.65;7.71;-1.003
2024.08.01 17:09;2024.08.01 23:00;NY;reversal;SHORT;0.96;2448.89;2457.31;2432.08;2443.30;CLOSE;536.64;8.42;0.664
2024.08.02 04:13;2024.08.02 05:02;ASIA;reversal;SHORT;1.45;2443.84;2449.43;2432.69;2449.43;SL;-810.55;5.59;-1.000
2024.08.02 17:30;2024.08.02 17:37;NY;reversal;SHORT;0.92;2462.63;2471.36;2445.23;2445.22;TP;1601.72;8.73;1.994
2024.08.06 17:29;2024.08.06 23:00;NY;reversal;SHORT;0.96;2390.33;2398.81;2373.37;2387.81;CLOSE;241.92;8.48;0.297
2024.08.07 04:20;2024.08.07 04:35;ASIA;reversal;SHORT;1.89;2381.06;2385.38;2372.48;2385.39;SL;-818.37;4.32;-1.002
2024.08.12 18:14;2024.08.12 23:00;NY;reversal;LONG;0.69;2457.48;2445.75;2480.91;2470.45;CLOSE;894.93;11.73;1.106
2024.08.21 18:22;2024.08.21 23:00;NY;reversal;LONG;0.83;2507.79;2497.96;2527.45;2511.44;CLOSE;302.95;9.83;0.371
2024.09.02 17:46;2024.09.02 19:53;NY;reversal;LONG;2.41;2502.12;2498.72;2508.89;2498.71;SL;-821.81;3.40;-1.003
2024.09.05 17:19;2024.09.05 17:41;NY;reversal;LONG;1.33;2519.38;2513.26;2531.59;2513.25;SL;-815.29;6.12;-1.002
2024.09.06 17:40;2024.09.06 19:02;NY;reversal;LONG;0.84;2511.81;2502.24;2530.95;2502.23;SL;-804.72;9.57;-1.001
2024.09.09 04:06;2024.09.09 04:23;ASIA;reversal;LONG;3.00;2498.29;2495.64;2503.38;2495.64;SL;-795.00;2.65;-1.000
2024.09.09 19:43;2024.09.09 23:00;NY;reversal;LONG;1.78;2503.80;2499.29;2512.79;2505.94;CLOSE;380.92;4.51;0.475
2024.09.10 18:35;2024.09.10 23:00;NY;reversal;LONG;0.91;2515.09;2506.30;2532.61;2517.19;CLOSE;191.10;8.79;0.239
2024.09.11 18:06;2024.09.11 23:00;NY;reversal;LONG;1.05;2510.73;2503.10;2525.99;2512.94;CLOSE;232.05;7.63;0.290
2024.09.13 19:05;2024.09.13 23:00;NY;reversal;LONG;1.11;2583.38;2576.10;2597.94;2582.53;CLOSE;-94.35;7.28;-0.117
2024.09.17 17:42;2024.09.17 23:00;NY;reversal;SHORT;1.24;2573.04;2579.51;2560.10;2568.84;CLOSE;520.80;6.47;0.649
2024.09.18 05:04;2024.09.18 06:25;ASIA;reversal;SHORT;2.50;2571.53;2574.77;2565.05;2574.77;SL;-810.00;3.24;-1.000
2024.09.23 18:07;2024.09.23 23:00;NY;reversal;SHORT;0.97;2625.92;2634.24;2609.28;2626.43;CLOSE;-49.47;8.32;-0.061
2024.09.25 17:46;2024.09.25 23:00;NY;reversal;SHORT;1.33;2660.07;2666.13;2647.95;2659.86;CLOSE;27.93;6.06;0.035
2024.09.27 04:27;2024.09.27 04:32;ASIA;reversal;LONG;2.79;2672.70;2669.81;2678.48;2669.81;SL;-806.31;2.89;-1.000
2024.10.02 17:29;2024.10.02 23:00;NY;reversal;SHORT;1.08;2653.41;2660.84;2638.55;2658.78;CLOSE;-579.96;7.43;-0.723
2024.10.03 17:13;2024.10.03 23:00;NY;reversal;LONG;1.37;2651.33;2645.53;2662.93;2657.88;CLOSE;897.35;5.80;1.129
2024.10.04 17:44;2024.10.04 18:12;NY;reversal;LONG;1.18;2655.15;2648.37;2668.68;2668.69;TP;1597.72;6.78;1.997
2024.10.07 18:34;2024.10.07 21:42;NY;reversal;LONG;1.23;2648.77;2642.19;2661.90;2642.19;SL;-809.34;6.58;-1.000
2024.10.09 18:03;2024.10.09 20:07;NY;reversal;LONG;1.28;2613.16;2606.88;2625.72;2606.88;SL;-803.84;6.28;-1.000
2024.10.14 04:00;2024.10.14 04:27;ASIA;reversal;SHORT;2.66;2645.10;2648.12;2639.06;2648.13;SL;-805.98;3.02;-1.003
2024.10.22 17:52;2024.10.22 23:00;NY;reversal;LONG;1.29;2742.10;2735.90;2754.23;2748.32;CLOSE;802.38;6.20;1.003
2024.10.31 04:51;2024.10.31 05:35;ASIA;reversal;SHORT;2.26;2784.62;2788.17;2777.58;2788.18;SL;-804.56;3.55;-1.003
2024.11.06 05:29;2024.11.06 06:48;ASIA;reversal;SHORT;0.79;2732.61;2742.65;2712.53;2742.65;SL;-793.16;10.04;-1.000
2024.11.12 05:51;2024.11.12 07:58;ASIA;reversal;SHORT;1.23;2619.16;2625.63;2606.22;2606.21;TP;1592.85;6.47;2.002
2024.11.19 04:06;2024.11.19 09:30;ASIA;reversal;LONG;1.70;2617.82;2613.09;2627.25;2618.54;CLOSE;122.40;4.73;0.152
2024.11.19 19:19;2024.11.19 23:00;NY;reversal;LONG;0.97;2631.01;2622.75;2647.53;2633.68;CLOSE;258.99;8.26;0.323
2024.11.29 18:00;2024.11.29 20:46;NY;reversal;LONG;1.07;2659.36;2651.88;2674.20;2651.87;SL;-801.43;7.48;-1.001
2024.12.02 17:30;2024.12.02 23:00;NY;reversal;SHORT;1.24;2642.51;2648.95;2629.63;2637.26;CLOSE;651.00;6.44;0.815
2024.12.04 18:45;2024.12.04 21:14;NY;reversal;SHORT;1.71;2648.68;2653.38;2639.31;2653.39;SL;-805.41;4.70;-1.002
2024.12.09 18:36;2024.12.09 23:00;NY;reversal;SHORT;0.90;2666.35;2675.23;2648.59;2658.00;CLOSE;751.50;8.88;0.940
2024.12.10 03:57;2024.12.10 06:06;ASIA;reversal;LONG;2.30;2666.36;2662.87;2673.34;2673.35;TP;1607.70;3.49;2.003
2024.12.11 05:40;2024.12.11 06:52;ASIA;reversal;SHORT;1.12;2696.38;2703.59;2682.08;2682.08;TP;1601.60;7.21;1.983
2024.12.13 17:47;2024.12.13 19:44;NY;reversal;LONG;1.59;2662.43;2657.27;2672.72;2657.27;SL;-820.44;5.16;-1.000
2024.12.17 04:53;2024.12.17 08:23;ASIA;reversal;SHORT;2.64;2654.25;2657.34;2648.10;2648.10;TP;1623.60;3.09;1.990
2024.12.18 19:29;2024.12.18 19:46;NY;reversal;LONG;2.86;2639.80;2636.92;2645.56;2636.92;SL;-823.68;2.88;-1.000
2024.12.27 04:53;2024.12.27 09:30;ASIA;reversal;LONG;2.61;2633.87;2630.73;2640.00;2636.20;CLOSE;608.13;3.14;0.742
2025.01.02 17:32;2025.01.02 23:00;NY;reversal;LONG;1.73;2650.99;2646.25;2660.47;2659.57;CLOSE;1484.34;4.74;1.810
2025.01.03 04:18;2025.01.03 07:49;ASIA;reversal;LONG;1.82;2662.46;2657.90;2671.52;2657.89;SL;-831.74;4.56;-1.002
2025.01.08 17:37;2025.01.08 19:31;NY;reversal;LONG;1.21;2667.48;2660.65;2681.14;2660.50;SL;-844.58;6.83;-1.022
2025.01.09 05:11;2025.01.09 06:22;ASIA;reversal;LONG;2.08;2661.42;2657.48;2669.30;2657.48;SL;-819.52;3.94;-1.000
2025.01.14 04:38;2025.01.14 05:01;ASIA;reversal;LONG;2.91;2672.12;2669.31;2677.71;2669.31;SL;-817.71;2.81;-1.000
2025.01.15 19:00;2025.01.15 23:00;NY;reversal;LONG;0.64;2690.57;2677.95;2715.81;2696.25;CLOSE;363.52;12.62;0.450
2025.01.16 17:48;2025.01.16 18:11;NY;reversal;SHORT;1.28;2712.87;2719.21;2700.28;2719.22;SL;-812.80;6.34;-1.002
2025.01.22 05:30;2025.01.22 07:47;ASIA;reversal;LONG;2.41;2750.18;2746.82;2756.15;2756.22;TP;1455.64;3.36;1.798
2025.01.24 03:59;2025.01.24 04:14;ASIA;reversal;LONG;2.57;2762.09;2758.90;2768.41;2768.42;TP;1626.81;3.19;1.984
2025.01.24 18:16;2025.01.24 23:00;NY;reversal;SHORT;0.98;2773.71;2782.11;2757.06;2771.26;CLOSE;240.10;8.40;0.292
2025.01.28 17:18;2025.01.28 20:43;NY;reversal;LONG;2.47;2756.23;2752.88;2762.90;2762.90;TP;1647.49;3.35;1.991
2025.01.31 18:26;2025.01.31 19:18;NY;reversal;SHORT;1.10;2804.94;2812.49;2789.84;2812.49;SL;-830.50;7.55;-1.000
2025.02.04 17:40;2025.02.04 18:21;NY;reversal;SHORT;1.51;2835.86;2841.38;2824.85;2841.40;SL;-836.54;5.52;-1.004
2025.02.05 04:06;2025.02.05 08:27;ASIA;reversal;LONG;1.31;2849.18;2842.85;2861.72;2861.76;TP;1647.98;6.33;1.987
2025.02.05 18:23;2025.02.05 18:51;NY;reversal;SHORT;0.95;2863.84;2872.60;2847.10;2872.66;SL;-837.90;8.76;-1.007
2025.02.07 18:03;2025.02.07 18:09;NY;reversal;SHORT;1.21;2871.35;2878.21;2857.93;2878.51;SL;-866.36;6.86;-1.044
2025.02.10 06:01;2025.02.10 09:30;ASIA;reversal;LONG;0.94;2876.56;2867.77;2894.14;2892.34;CLOSE;1483.32;8.79;1.795
2025.02.10 18:49;2025.02.10 23:00;NY;reversal;SHORT;1.11;2901.69;2909.21;2886.65;2907.37;CLOSE;-630.48;7.52;-0.755
2025.02.11 04:39;2025.02.11 09:30;ASIA;reversal;SHORT;0.66;2919.68;2932.30;2894.44;2911.19;CLOSE;560.34;12.62;0.673
2025.02.11 17:43;2025.02.11 22:23;NY;reversal;LONG;0.99;2904.26;2895.84;2921.07;2895.84;SL;-833.58;8.42;-1.000
2025.02.12 04:30;2025.02.12 05:08;ASIA;reversal;LONG;1.02;2897.62;2889.51;2913.81;2889.41;SL;-837.42;8.11;-1.012
2025.02.12 18:48;2025.02.12 23:00;NY;reversal;LONG;0.99;2898.00;2889.67;2914.66;2900.93;CLOSE;290.07;8.33;0.352
2025.02.18 04:38;2025.02.18 05:32;ASIA;reversal;LONG;1.63;2899.89;2894.81;2910.05;2910.06;TP;1657.71;5.08;2.002
2025.02.19 04:48;2025.02.19 07:52;ASIA;reversal;SHORT;1.74;2928.16;2932.96;2918.68;2932.97;SL;-836.94;4.80;-1.002
2025.02.20 05:02;2025.02.20 09:30;ASIA;reversal;LONG;1.45;2942.37;2936.63;2953.79;2949.10;CLOSE;975.85;5.74;1.172
2025.02.21 18:40;2025.02.21 23:00;NY;reversal;LONG;0.81;2938.70;2928.42;2959.20;2934.82;CLOSE;-314.28;10.28;-0.377
2025.02.24 19:04;2025.02.24 23:00;NY;reversal;LONG;0.94;2944.21;2935.36;2961.88;2950.60;CLOSE;600.66;8.85;0.722
2025.02.25 04:20;2025.02.25 04:48;ASIA;reversal;LONG;2.30;2952.40;2948.76;2959.65;2948.72;SL;-846.40;3.64;-1.011
2025.02.28 17:51;2025.02.28 23:00;NY;reversal;LONG;0.61;2847.10;2833.50;2874.30;2854.59;CLOSE;456.89;13.60;0.551
2025.03.03 05:08;2025.03.03 09:30;ASIA;reversal;SHORT;1.24;2864.29;2871.01;2850.85;2861.58;CLOSE;336.04;6.72;0.403
2025.03.07 04:09;2025.03.07 04:28;ASIA;reversal;SHORT;1.74;2901.54;2906.36;2891.90;2906.39;SL;-843.90;4.82;-1.006
2025.03.07 17:41;2025.03.07 23:00;NY;reversal;SHORT;0.60;2914.96;2928.70;2893.30;2909.52;CLOSE;326.40;13.74;0.396
2025.03.10 05:56;2025.03.10 09:30;ASIA;reversal;SHORT;1.67;2911.47;2916.48;2901.48;2907.70;CLOSE;629.59;5.01;0.752
2025.03.10 17:25;2025.03.10 18:11;NY;reversal;SHORT;1.97;2903.25;2907.51;2894.73;2907.52;SL;-841.19;4.26;-1.002
2025.03.11 17:35;2025.03.11 23:00;NY;reversal;LONG;1.80;2915.90;2911.26;2925.09;2918.28;CLOSE;428.40;4.64;0.513
2025.03.12 19:00;2025.03.12 23:00;NY;reversal;LONG;0.82;2923.87;2913.66;2941.95;2935.09;CLOSE;920.04;10.21;1.099
2025.03.13 17:35;2025.03.13 18:43;NY;reversal;LONG;1.20;2948.13;2941.16;2961.77;2961.77;TP;1636.80;6.97;1.957
2025.03.17 06:10;2025.03.17 09:30;ASIA;reversal;SHORT;2.00;2986.31;2990.56;2978.02;2990.17;CLOSE;-772.00;4.25;-0.908
2025.03.18 04:01;2025.03.18 04:22;ASIA;reversal;SHORT;2.44;2999.45;3002.92;2992.84;3002.92;SL;-846.68;3.47;-1.000
2025.03.19 05:46;2025.03.19 08:35;ASIA;reversal;LONG;2.47;3033.88;3030.47;3040.58;3040.59;TP;1657.37;3.41;1.968
2025.03.19 19:03;2025.03.19 22:10;NY;reversal;LONG;1.19;3034.78;3027.66;3049.02;3049.06;TP;1699.32;7.12;2.006
2025.03.20 04:59;2025.03.20 07:31;ASIA;reversal;SHORT;1.58;3050.07;3055.50;3039.30;3055.51;SL;-859.52;5.43;-1.002
2025.03.24 04:40;2025.03.24 04:47;ASIA;reversal;LONG;2.74;3025.54;3022.43;3031.49;3022.41;SL;-857.62;3.11;-1.006
2025.03.25 18:11;2025.03.25 23:00;NY;reversal;SHORT;1.15;3023.18;3030.57;3008.61;3019.84;CLOSE;384.10;7.39;0.452
2025.03.28 17:34;2025.03.28 18:45;NY;reversal;SHORT;0.66;3071.20;3084.07;3045.70;3084.10;SL;-851.40;12.87;-1.002
2025.03.31 04:26;2025.03.31 05:22;ASIA;reversal;LONG;1.19;3089.74;3082.64;3103.64;3103.64;TP;1654.10;7.10;1.958
2025.04.04 04:07;2025.04.04 05:00;ASIA;reversal;LONG;1.41;3115.08;3109.04;3126.98;3108.88;SL;-874.20;6.04;-1.026
2025.04.07 17:36;2025.04.07 23:00;NY;reversal;SHORT;0.34;3002.07;3026.52;2953.23;2976.80;CLOSE;859.18;24.45;1.034
2025.04.08 18:13;2025.04.08 20:12;NY;reversal;SHORT;0.64;3003.89;3017.12;2977.58;2977.52;TP;1687.68;13.23;1.993
2025.04.09 03:57;2025.04.09 04:23;ASIA;reversal;SHORT;0.81;2974.93;2985.54;2953.98;2985.82;SL;-882.09;10.61;-1.026
2025.04.10 04:35;2025.04.10 05:00;ASIA;reversal;SHORT;0.55;3081.07;3096.57;3050.67;3096.79;SL;-864.60;15.50;-1.014
2025.04.14 04:23;2025.04.14 04:43;ASIA;reversal;LONG;1.27;3227.52;3220.82;3240.17;3240.21;TP;1611.63;6.70;1.894
2025.04.17 03:44;2025.04.17 04:12;ASIA;reversal;SHORT;1.21;3343.47;3350.61;3329.52;3350.65;SL;-868.78;7.14;-1.006
2025.04.23 06:12;2025.04.23 08:23;ASIA;reversal;SHORT;0.47;3334.44;3352.69;3298.75;3422.46;SL;-4136.94;18.25;-4.823
2025.04.23 19:48;2025.04.23 23:00;NY;reversal;LONG;0.25;3304.59;3271.13;3371.39;3294.21;CLOSE;-259.50;33.46;-0.310
2025.04.24 19:11;2025.04.24 23:00;NY;reversal;LONG;0.40;3333.43;3312.61;3375.04;3342.31;CLOSE;355.20;20.82;0.427
2025.04.25 04:48;2025.04.25 07:13;ASIA;reversal;SHORT;0.59;3347.23;3361.29;3319.14;3319.01;TP;1664.98;14.06;2.007
2025.04.28 04:19;2025.04.28 05:02;ASIA;reversal;SHORT;0.72;3301.59;3313.36;3278.14;3277.69;TP;1720.80;11.77;2.031
2025.04.29 04:36;2025.04.29 04:42;ASIA;reversal;LONG;1.00;3339.15;3330.61;3355.96;3330.55;SL;-860.00;8.54;-1.007
2025.05.02 05:17;2025.05.02 06:58;ASIA;reversal;LONG;1.17;3244.25;3236.97;3258.60;3258.62;TP;1681.29;7.28;1.974
2025.05.02 17:37;2025.05.02 18:32;NY;reversal;LONG;0.54;3259.63;3243.84;3291.00;3243.79;SL;-855.36;15.79;-1.003
2025.05.05 04:02;2025.05.05 04:10;ASIA;reversal;LONG;1.88;3248.58;3244.03;3257.62;3257.69;TP;1712.68;4.55;2.002
2025.05.05 17:05;2025.05.05 17:18;NY;reversal;LONG;1.10;3319.76;3311.92;3335.23;3311.92;SL;-862.40;7.84;-1.000
2025.05.06 17:26;2025.05.06 18:24;NY;reversal;SHORT;0.82;3387.05;3397.45;3368.38;3397.50;SL;-856.90;10.40;-1.005
2025.05.09 04:20;2025.05.09 04:51;ASIA;reversal;SHORT;0.78;3308.68;3319.59;3287.04;3287.00;TP;1691.04;10.91;1.987
2025.05.09 17:31;2025.05.09 22:27;NY;reversal;LONG;0.90;3340.02;3330.43;3358.84;3330.29;SL;-875.70;9.59;-1.015
2025.05.13 04:05;2025.05.13 04:13;ASIA;reversal;LONG;1.13;3243.21;3235.60;3258.43;3235.55;SL;-865.58;7.61;-1.007
2025.05.13 17:41;2025.05.13 23:00;NY;reversal;LONG;0.46;3245.59;3227.27;3282.05;3249.43;CLOSE;176.64;18.32;0.210
2025.05.15 04:44;2025.05.15 05:24;ASIA;reversal;SHORT;1.38;3179.96;3186.13;3168.37;3167.29;TP;1748.46;6.17;2.053
2025.05.16 03:54;2025.05.16 04:07;ASIA;reversal;LONG;0.98;3242.22;3233.39;3259.85;3233.33;SL;-871.22;8.83;-1.007
2025.05.16 19:01;2025.05.16 23:00;NY;reversal;LONG;0.52;3186.59;3170.18;3219.26;3192.48;CLOSE;306.28;16.41;0.359
2025.05.19 17:30;2025.05.19 23:00;NY;reversal;LONG;0.84;3234.80;3224.60;3254.57;3233.04;CLOSE;-147.84;10.20;-0.173
2025.05.20 04:00;2025.05.20 05:09;ASIA;reversal;LONG;1.15;3224.54;3217.09;3238.03;3217.01;SL;-865.95;7.45;-1.011
2025.05.23 03:50;2025.05.23 04:08;ASIA;reversal;SHORT;0.66;3292.87;3305.72;3269.09;3305.75;SL;-850.08;12.85;-1.002
2025.05.29 04:05;2025.05.29 05:00;ASIA;reversal;SHORT;0.77;3253.89;3264.85;3232.03;3264.98;SL;-853.93;10.96;-1.012
2025.05.29 18:59;2025.05.29 23:00;NY;reversal;LONG;0.81;3322.11;3311.74;3342.73;3316.52;CLOSE;-452.79;10.37;-0.539
2025.05.30 04:18;2025.05.30 04:32;ASIA;reversal;LONG;1.25;3318.80;3312.05;3332.27;3312.01;SL;-848.75;6.75;-1.006
2025.06.04 04:18;2025.06.04 08:04;ASIA;reversal;LONG;1.02;3360.01;3351.76;3376.45;3351.71;SL;-846.60;8.25;-1.006
2025.06.05 04:03;2025.06.05 04:31;ASIA;reversal;LONG;1.15;3381.65;3374.40;3396.15;3374.30;SL;-845.25;7.25;-1.014
2025.06.19 04:59;2025.06.19 08:52;ASIA;reversal;SHORT;1.53;3374.72;3380.16;3363.87;3363.05;TP;1785.51;5.44;2.145
2025.06.26 05:40;2025.06.26 08:31;ASIA;reversal;LONG;1.28;3339.30;3332.71;3352.33;3332.55;SL;-864.00;6.59;-1.024
2025.06.27 04:03;2025.06.27 05:30;ASIA;reversal;LONG;1.33;3319.92;3313.61;3332.51;3313.60;SL;-840.56;6.31;-1.002
2025.06.30 04:16;2025.06.30 05:09;ASIA;reversal;LONG;1.30;3269.55;3263.13;3282.39;3282.42;TP;1673.10;6.42;2.005
2025.07.01 17:51;2025.07.01 23:00;NY;reversal;SHORT;1.03;3344.43;3352.56;3328.29;3338.15;CLOSE;646.84;8.13;0.772
2025.07.02 19:07;2025.07.02 23:00;NY;reversal;LONG;0.79;3345.51;3334.92;3366.48;3358.28;CLOSE;1008.83;10.59;1.206
2025.07.03 05:49;2025.07.03 08:54;ASIA;reversal;LONG;1.72;3349.81;3344.86;3359.71;3359.73;TP;1706.24;4.95;2.004
2025.07.08 05:46;2025.07.08 06:09;ASIA;reversal;LONG;1.59;3337.25;3331.86;3347.88;3331.78;SL;-869.73;5.39;-1.015
2025.07.14 04:07;2025.07.14 09:30;ASIA;reversal;SHORT;1.21;3364.88;3371.94;3350.76;3360.63;CLOSE;514.25;7.06;0.602
2025.07.15 18:29;2025.07.15 23:00;NY;reversal;SHORT;0.60;3333.49;3347.76;3307.71;3330.57;CLOSE;175.20;14.27;0.205
2025.07.16 17:54;2025.07.16 18:16;NY;reversal;LONG;0.65;3335.04;3321.99;3360.15;3360.74;TP;1670.50;13.05;1.969
2025.07.22 04:12;2025.07.22 09:30;ASIA;reversal;SHORT;1.39;3390.32;3396.54;3378.42;3384.85;CLOSE;760.33;6.22;0.879
2025.07.22 17:23;2025.07.22 23:00;NY;reversal;LONG;1.00;3420.10;3411.40;3437.32;3431.56;CLOSE;1146.00;8.70;1.317
2025.07.23 18:55;2025.07.23 19:02;NY;reversal;SHORT;0.99;3405.61;3414.42;3388.11;3388.11;TP;1732.50;8.81;1.986
2025.07.24 04:07;2025.07.24 06:06;ASIA;reversal;SHORT;1.81;3388.40;3393.29;3379.04;3379.01;TP;1699.59;4.89;1.920
2025.07.25 04:19;2025.07.25 06:26;ASIA;reversal;SHORT;2.39;3368.33;3372.06;3361.11;3361.10;TP;1727.97;3.73;1.938
2025.07.28 04:04;2025.07.28 04:59;ASIA;reversal;LONG;1.89;3336.03;3331.27;3345.40;3331.26;SL;-901.53;4.76;-1.002
2025.08.01 04:43;2025.08.01 05:04;ASIA;reversal;SHORT;2.55;3286.46;3289.98;3279.42;3290.00;SL;-902.70;3.52;-1.006
2025.08.05 18:30;2025.08.06 11:31;NY;reversal;SHORT;1.12;3378.61;3386.53;3363.19;3363.17;TP;1773.46;7.92;1.949
2025.08.12 04:35;2025.08.12 05:30;ASIA;reversal;SHORT;1.53;3347.36;3353.24;3335.69;3353.24;SL;-899.64;5.88;-1.000
2025.08.12 18:28;2025.08.12 23:00;NY;reversal;LONG;0.52;3357.06;3340.01;3390.68;3347.39;CLOSE;-502.84;17.05;-0.567
2025.08.13 04:46;2025.08.13 09:30;ASIA;reversal;LONG;1.27;3350.74;3343.71;3364.74;3355.00;CLOSE;541.02;7.03;0.606
2025.08.13 18:17;2025.08.13 23:00;NY;reversal;SHORT;0.94;3356.34;3365.84;3337.37;3358.10;CLOSE;-165.44;9.50;-0.185
2025.08.14 06:00;2025.08.14 09:30;ASIA;reversal;SHORT;0.86;3362.71;3373.03;3342.10;3359.10;CLOSE;310.46;10.32;0.350
2025.08.20 18:25;2025.08.20 20:53;NY;reversal;SHORT;1.11;3340.23;3348.27;3324.39;3348.27;SL;-892.44;8.04;-1.000
2025.08.22 04:51;2025.08.22 07:50;ASIA;reversal;SHORT;2.67;3335.07;3338.41;3328.39;3328.38;TP;1786.23;3.34;2.003
2025.08.26 17:47;2025.08.26 18:56;NY;reversal;LONG;1.67;3378.12;3372.74;3388.85;3388.86;TP;1793.58;5.38;1.996
2025.09.01 04:45;2025.09.01 04:59;ASIA;reversal;LONG;1.74;3447.92;3442.70;3458.06;3458.07;TP;1766.10;5.22;1.944
2025.09.01 17:19;2025.09.01 17:32;NY;reversal;LONG;2.29;3479.25;3475.24;3486.79;3475.15;SL;-938.90;4.01;-1.022
2025.09.02 03:49;2025.09.02 04:10;ASIA;reversal;SHORT;1.68;3478.36;3483.79;3467.53;3483.83;SL;-918.96;5.43;-1.007
2025.09.04 04:27;2025.09.04 05:46;ASIA;reversal;SHORT;0.99;3551.85;3561.01;3533.56;3533.32;TP;1834.47;9.16;2.023
2025.09.05 17:39;2025.09.05 18:47;NY;reversal;SHORT;0.46;3575.33;3595.13;3536.03;3595.18;SL;-913.10;19.80;-1.003
2025.09.08 04:10;2025.09.08 05:00;ASIA;reversal;SHORT;1.91;3586.80;3591.59;3577.61;3591.71;SL;-937.81;4.79;-1.025
2025.09.09 17:03;2025.09.09 17:37;NY;reversal;SHORT;0.91;3658.20;3668.22;3638.28;3637.45;TP;1888.25;10.02;2.071
2025.09.10 05:07;2025.09.10 09:30;ASIA;reversal;LONG;1.15;3634.46;3626.47;3650.14;3643.93;CLOSE;1089.05;7.99;1.185
2025.09.10 17:45;2025.09.10 23:00;NY;reversal;SHORT;1.28;3646.79;3654.02;3632.39;3642.26;CLOSE;579.84;7.23;0.627
2025.09.12 18:05;2025.09.12 23:00;NY;reversal;SHORT;1.56;3646.61;3652.56;3634.74;3644.33;CLOSE;355.68;5.95;0.383
2025.09.15 05:17;2025.09.15 09:30;ASIA;reversal;LONG;1.19;3642.66;3634.84;3658.18;3641.81;CLOSE;-101.15;7.82;-0.109
2025.09.16 05:46;2025.09.16 07:23;ASIA;reversal;SHORT;1.26;3676.28;3683.67;3661.62;3683.68;SL;-932.40;7.39;-1.001
2025.09.16 17:29;2025.09.16 18:35;NY;reversal;SHORT;1.42;3692.04;3698.52;3679.14;3679.13;TP;1833.22;6.48;1.992
2025.09.19 04:04;2025.09.19 04:50;ASIA;reversal;LONG;1.55;3642.73;3636.73;3654.61;3636.72;SL;-931.55;6.00;-1.002
2025.09.22 05:46;2025.09.22 06:15;ASIA;reversal;SHORT;1.79;3685.55;3690.73;3675.37;3690.76;SL;-932.59;5.18;-1.006
2025.09.24 04:25;2025.09.24 06:42;ASIA;reversal;SHORT;1.43;3758.67;3765.13;3746.44;3765.14;SL;-925.21;6.46;-1.002
2025.09.26 04:18;2025.09.26 08:38;ASIA;reversal;SHORT;1.03;3740.14;3749.05;3722.32;3749.05;SL;-917.73;8.91;-1.000
2025.09.29 17:20;2025.09.29 17:29;NY;reversal;SHORT;0.91;3818.09;3828.08;3798.44;3828.17;SL;-917.28;9.99;-1.009
2025.10.01 04:29;2025.10.01 05:05;ASIA;reversal;LONG;2.28;3865.28;3861.28;3873.25;3873.42;TP;1855.92;4.00;2.035
2025.10.01 17:47;2025.10.01 18:03;NY;reversal;SHORT;0.99;3867.71;3876.96;3849.24;3876.98;SL;-917.73;9.25;-1.002
2025.10.02 04:23;2025.10.02 09:30;ASIA;reversal;LONG;1.27;3863.74;3856.55;3877.91;3871.88;CLOSE;1033.78;7.19;1.132
2025.10.03 04:05;2025.10.03 04:06;ASIA;reversal;LONG;1.72;3862.58;3857.24;3873.17;3857.14;SL;-935.68;5.34;-1.019
2025.10.03 18:56;2025.10.03 23:00;NY;reversal;LONG;0.51;3890.57;3872.79;3926.10;3885.68;CLOSE;-249.39;17.78;-0.275
2025.10.07 18:45;2025.10.07 20:10;NY;reversal;SHORT;0.72;3970.16;3982.87;3945.46;3982.88;SL;-915.84;12.71;-1.001
2025.10.08 04:55;2025.10.08 05:53;ASIA;reversal;LONG;1.76;3999.37;3994.19;4009.49;4009.52;TP;1786.40;5.18;1.959
2025.10.09 05:17;2025.10.09 06:38;ASIA;reversal;SHORT;0.48;4008.62;4027.76;3970.67;4027.86;SL;-923.52;19.14;-1.005
2025.10.10 04:09;2025.10.10 06:24;ASIA;reversal;SHORT;1.05;3984.50;3993.18;3970.02;3970.01;TP;1521.45;8.68;1.669
2025.10.10 18:04;2025.10.10 20:09;NY;reversal;LONG;0.41;3998.13;3975.86;4042.37;3975.43;SL;-930.70;22.27;-1.019
2025.10.15 18:50;2025.10.15 19:24;NY;reversal;SHORT;0.58;4182.99;4198.68;4152.57;4198.73;SL;-912.92;15.69;-1.003
2025.10.17 03:41;2025.10.17 04:00;ASIA;reversal;LONG;0.78;4366.84;4355.24;4390.04;4355.24;SL;-904.80;11.60;-1.000
2025.10.20 17:15;2025.10.20 21:35;NY;reversal;LONG;0.42;4320.85;4299.58;4361.83;4361.85;TP;1722.00;21.27;1.928
2025.10.21 04:16;2025.10.21 08:31;ASIA;reversal;SHORT;0.64;4356.34;4370.51;4328.03;4327.96;TP;1816.32;14.17;2.003
2025.10.23 19:44;2025.10.23 23:00;NY;reversal;SHORT;0.50;4132.35;4150.78;4095.61;4118.55;CLOSE;690.00;18.43;0.749
2025.10.24 04:51;2025.10.24 09:07;ASIA;reversal;SHORT;0.58;4117.26;4133.10;4087.20;4086.94;TP;1758.56;15.84;1.914
2025.10.29 05:32;2025.10.29 06:40;ASIA;reversal;SHORT;0.71;3958.85;3971.98;3933.31;3972.21;SL;-948.56;13.13;-1.018
2025.10.29 18:45;2025.10.29 21:35;NY;reversal;SHORT;0.55;4002.17;4018.93;3969.31;3966.93;TP;1938.20;16.76;2.103
2025.10.30 04:06;2025.10.30 04:11;ASIA;reversal;LONG;0.75;3964.47;3952.02;3988.83;3951.84;SL;-947.25;12.45;-1.014
2025.10.31 04:10;2025.10.31 04:42;ASIA;reversal;LONG;0.88;4036.82;4026.15;4058.16;4026.14;SL;-939.84;10.67;-1.001
2025.11.03 18:16;2025.11.03 23:00;NY;reversal;SHORT;0.36;4000.21;4026.08;3952.73;4010.16;CLOSE;-358.20;25.87;-0.385
2025.11.04 05:30;2025.11.04 07:32;ASIA;reversal;LONG;0.68;3994.49;3980.91;4021.56;3980.77;SL;-932.96;13.58;-1.010
2025.11.05 04:37;2025.11.05 06:41;ASIA;reversal;LONG;0.81;3948.58;3937.14;3971.25;3971.27;TP;1837.89;11.44;1.983
2025.11.05 18:46;2025.11.05 23:00;NY;reversal;LONG;0.58;3985.63;3969.62;4017.53;3984.44;CLOSE;-69.02;16.01;-0.074
2025.11.07 06:02;2025.11.07 08:33;ASIA;reversal;SHORT;0.65;3987.24;4001.57;3958.64;4001.79;SL;-945.75;14.33;-1.015
2025.11.14 03:52;2025.11.14 08:28;ASIA;reversal;LONG;0.62;4189.02;4174.14;4218.69;4173.55;SL;-959.14;14.88;-1.040
2025.11.17 04:52;2025.11.17 07:33;ASIA;reversal;SHORT;0.64;4082.60;4096.90;4054.00;4053.77;TP;1845.12;14.30;2.016
2025.11.19 04:34;2025.11.19 07:18;ASIA;reversal;LONG;0.97;4070.33;4060.72;4089.19;4089.53;TP;1862.40;9.61;1.998
2025.11.19 17:53;2025.11.19 23:00;NY;reversal;SHORT;0.33;4100.82;4128.96;4048.02;4076.43;CLOSE;804.87;28.14;0.867
2025.11.21 03:55;2025.11.21 04:53;ASIA;reversal;LONG;0.76;4073.86;4061.50;4098.43;4061.37;SL;-949.24;12.36;-1.011
2025.11.21 18:34;2025.11.21 22:31;NY;reversal;LONG;0.69;4075.19;4061.60;4102.37;4061.41;SL;-950.82;13.59;-1.014
2025.11.26 17:16;2025.11.26 23:00;NY;reversal;LONG;0.74;4154.23;4141.56;4179.57;4164.10;CLOSE;730.38;12.67;0.779
2025.11.27 18:24;2025.11.27 19:50;NY;reversal;SHORT;1.52;4152.82;4159.01;4140.71;4159.06;SL;-948.48;6.19;-1.008
2025.11.28 06:29;2025.11.28 09:30;ASIA;reversal;SHORT;0.75;4179.11;4191.49;4158.76;4183.05;CLOSE;-295.50;12.38;-0.318
2025.11.28 18:26;2025.12.01 03:28;NY;reversal;LONG;0.65;4209.28;4194.86;4237.07;4237.15;TP;1770.03;14.42;1.933
2025.12.04 04:00;2025.12.04 05:02;ASIA;reversal;SHORT;1.05;4205.65;4214.67;4187.94;4187.77;TP;1877.40;9.02;1.982
2025.12.04 18:09;2025.12.04 23:00;NY;reversal;LONG;0.47;4213.66;4193.56;4252.57;4209.86;CLOSE;-178.60;20.10;-0.189
2025.12.05 18:09;2025.12.05 23:00;NY;reversal;SHORT;0.53;4227.54;4245.43;4194.34;4202.11;CLOSE;1347.79;17.89;1.421
2025.12.08 04:54;2025.12.08 09:30;ASIA;reversal;LONG;0.92;4211.71;4201.27;4232.56;4213.80;CLOSE;192.28;10.44;0.200
2025.12.09 05:23;2025.12.09 06:44;ASIA;reversal;LONG;1.15;4197.21;4188.86;4213.91;4188.74;SL;-974.05;8.35;-1.014
2025.12.10 05:40;2025.12.10 09:30;ASIA;reversal;SHORT;0.85;4206.78;4217.95;4184.89;4207.86;CLOSE;-91.80;11.17;-0.097
2025.12.10 18:31;2025.12.10 21:40;NY;reversal;LONG;0.89;4202.01;4191.32;4223.39;4191.30;SL;-953.19;10.69;-1.002
2025.12.16 04:53;2025.12.16 07:30;ASIA;reversal;SHORT;0.73;4299.00;4311.90;4273.86;4273.76;TP;1842.52;12.90;1.957
2025.12.16 17:15;2025.12.16 18:32;NY;reversal;SHORT;0.97;4322.00;4331.91;4302.18;4302.15;TP;1925.45;9.91;2.003
2025.12.17 04:56;2025.12.17 05:02;ASIA;reversal;SHORT;1.10;4311.45;4320.26;4293.83;4320.28;SL;-971.30;8.81;-1.002
2025.12.17 17:53;2025.12.17 19:59;NY;reversal;SHORT;0.57;4325.82;4342.55;4294.25;4342.59;SL;-955.89;16.73;-1.002
2025.12.22 17:45;2025.12.22 23:00;NY;reversal;LONG;0.67;4429.05;4414.69;4457.29;4438.60;CLOSE;639.85;14.36;0.665
2025.12.23 18:26;2025.12.23 23:00;NY;reversal;LONG;0.41;4465.23;4441.68;4511.70;4497.63;CLOSE;1328.40;23.55;1.376
2025.12.26 19:33;2025.12.26 21:14;NY;reversal;SHORT;0.45;4511.99;4533.55;4471.57;4533.65;SL;-974.70;21.56;-1.005
2026.01.06 17:37;2026.01.06 19:05;NY;reversal;SHORT;0.39;4465.26;4489.68;4416.84;4489.71;SL;-953.55;24.42;-1.001
2026.01.07 18:21;2026.01.07 23:00;NY;reversal;LONG;0.55;4453.05;4435.64;4487.42;4452.01;CLOSE;-57.20;17.41;-0.060
2026.01.13 05:02;2026.01.13 08:33;ASIA;reversal;LONG;0.66;4595.87;4581.45;4624.41;4581.33;SL;-959.64;14.42;-1.008
2026.01.16 04:35;2026.01.16 07:45;ASIA;reversal;SHORT;0.71;4593.82;4607.28;4567.02;4607.35;SL;-960.63;13.46;-1.005
2026.01.16 17:23;2026.01.16 17:31;NY;reversal;SHORT;0.51;4596.13;4614.68;4559.42;4559.26;TP;1880.37;18.55;1.988
2026.01.20 18:53;2026.01.20 23:00;NY;reversal;LONG;0.43;4750.82;4728.59;4794.83;4756.83;CLOSE;258.43;22.23;0.270
2026.01.26 18:03;2026.01.26 18:28;NY;reversal;LONG;0.43;5097.00;5074.72;5141.50;5074.68;SL;-959.76;22.28;-1.002
2026.01.28 17:08;2026.01.28 18:09;NY;reversal;SHORT;0.24;5249.87;5288.44;5173.66;5288.58;SL;-929.04;38.57;-1.004
2026.02.05 18:43;2026.02.05 22:48;NY;reversal;LONG;0.14;4869.84;4806.08;4997.18;4805.83;SL;-896.14;63.76;-1.004
2026.02.12 18:10;2026.02.12 18:14;NY;reversal;SHORT;0.26;5036.04;5071.66;4974.94;4974.76;TP;1593.28;35.62;1.720
2026.02.16 19:03;2026.02.17 02:06;NY;reversal;LONG;0.75;4994.39;4981.72;5019.64;4981.58;SL;-1008.66;12.67;-1.011
2026.02.20 17:03;2026.02.20 17:06;NY;reversal;SHORT;0.35;5033.43;5060.51;4991.87;4989.84;TP;1525.65;27.08;1.610
2026.02.26 06:12;2026.02.26 09:30;ASIA;reversal;LONG;0.47;5199.22;5179.17;5237.01;5185.22;CLOSE;-658.00;20.05;-0.698
2026.02.26 17:43;2026.02.26 23:00;NY;reversal;LONG;0.27;5175.78;5141.10;5244.93;5196.54;CLOSE;560.52;34.68;0.599
2026.03.09 04:15;2026.03.09 09:30;ASIA;reversal;LONG;0.18;5079.89;5028.36;5182.17;5126.84;CLOSE;845.10;51.53;0.911
2026.03.09 17:44;2026.03.09 23:00;NY;reversal;LONG;0.22;5111.20;5067.38;5198.69;5141.10;CLOSE;657.80;43.82;0.682
2026.03.10 04:01;2026.03.10 04:26;ASIA;reversal;LONG;0.79;5141.55;5129.32;5165.23;5165.53;TP;1894.42;12.23;1.961
2026.03.10 18:13;2026.03.10 21:17;NY;reversal;LONG;0.38;5221.83;5196.25;5272.54;5195.96;SL;-983.06;25.58;-1.011
2026.03.16 04:13;2026.03.16 09:15;ASIA;reversal;SHORT;0.30;4996.42;5028.65;4932.95;5028.66;SL;-967.20;32.23;-1.000
2026.03.16 17:27;2026.03.16 18:29;NY;reversal;SHORT;0.59;5018.01;5034.25;4985.95;4984.72;TP;1964.11;16.24;2.050
2026.03.17 04:29;2026.03.17 08:16;ASIA;reversal;LONG;0.69;5014.15;5000.16;5042.10;5042.83;TP;1978.92;13.99;2.050
2026.03.18 04:07;2026.03.18 04:45;ASIA;reversal;LONG;0.90;5012.26;5001.40;5033.92;5001.24;SL;-991.80;10.86;-1.015
2026.03.19 04:05;2026.03.19 04:30;ASIA;reversal;SHORT;0.75;4835.36;4848.35;4809.68;4848.36;SL;-975.00;12.99;-1.001
2026.03.23 18:46;2026.03.23 21:49;NY;reversal;SHORT;0.15;4401.56;4466.52;4273.20;4466.75;SL;-977.85;64.96;-1.004
2026.03.25 17:50;2026.03.25 18:16;NY;reversal;LONG;0.27;4576.37;4541.11;4646.62;4540.45;SL;-969.84;35.26;-1.019
2026.03.26 19:01;2026.03.26 22:54;NY;reversal;SHORT;0.30;4429.00;4460.42;4366.82;4365.64;TP;1900.80;31.42;2.017
2026.03.27 04:31;2026.03.27 08:37;ASIA;reversal;LONG;0.34;4411.04;4382.70;4467.69;4467.80;TP;1929.84;28.34;2.003
2026.04.01 17:21;2026.04.01 18:44;NY;reversal;LONG;0.51;4749.94;4730.94;4786.50;4786.68;TP;1873.74;19.00;1.934
2026.04.06 17:10;2026.04.06 17:19;NY;reversal;SHORT;0.48;4660.95;4681.65;4620.72;4681.80;SL;-1000.80;20.70;-1.007
2026.04.07 04:03;2026.04.07 04:09;ASIA;reversal;LONG;0.81;4661.24;4649.12;4684.55;4647.52;SL;-1111.32;12.12;-1.132
2026.04.07 19:03;2026.04.07 22:49;NY;reversal;LONG;0.34;4664.25;4635.73;4717.87;4718.56;TP;1846.54;28.52;1.904
2026.04.09 18:17;2026.04.09 23:00;NY;reversal;LONG;0.36;4777.59;4750.53;4829.97;4768.82;CLOSE;-315.72;27.06;-0.324
2026.04.10 05:13;2026.04.10 06:36;ASIA;reversal;SHORT;0.74;4750.51;4763.84;4724.45;4763.92;SL;-992.34;13.33;-1.006
2026.04.10 18:36;2026.04.10 23:00;NY;reversal;SHORT;0.68;4764.31;4778.81;4738.70;4760.06;CLOSE;289.00;14.50;0.293
2026.04.13 19:47;2026.04.13 23:00;NY;reversal;LONG;0.40;4745.80;4721.62;4789.75;4741.20;CLOSE;-184.00;24.18;-0.190
2026.04.15 04:09;2026.04.15 04:16;ASIA;reversal;LONG;0.87;4840.08;4828.80;4862.43;4862.65;TP;1963.59;11.28;2.001
2026.04.16 03:40;2026.04.16 04:33;ASIA;reversal;LONG;1.16;4831.20;4822.66;4848.25;4822.58;SL;-999.92;8.54;-1.009
2026.04.17 04:09;2026.04.17 04:12;ASIA;reversal;SHORT;1.39;4785.75;4792.89;4772.46;4771.91;TP;1923.76;7.14;1.938
2026.04.20 17:26;2026.04.20 17:35;NY;reversal;LONG;0.95;4826.52;4815.98;4846.76;4815.50;SL;-1046.90;10.54;-1.046
2026.04.22 04:22;2026.04.22 08:16;ASIA;reversal;LONG;1.10;4747.18;4738.15;4765.18;4766.61;TP;2137.30;9.03;2.152
2026.04.24 04:44;2026.04.24 07:25;ASIA;reversal;SHORT;0.66;4690.77;4705.88;4660.88;4660.00;TP;2030.82;15.11;2.036
2026.04.28 19:52;2026.04.28 23:00;NY;reversal;LONG;0.45;4593.01;4570.84;4635.52;4595.63;CLOSE;117.90;22.17;0.118
2026.05.01 05:11;2026.05.01 05:46;ASIA;reversal;LONG;0.96;4631.17;4620.60;4651.77;4620.56;SL;-1018.56;10.57;-1.004
2026.05.04 05:00;2026.05.04 05:21;ASIA;reversal;LONG;0.66;4617.14;4601.96;4645.43;4601.78;SL;-1013.76;15.18;-1.012
2026.05.04 17:18;2026.05.04 18:00;NY;reversal;LONG;0.65;4571.03;4555.69;4600.78;4555.43;SL;-1014.00;15.34;-1.017
2026.05.05 17:14;2026.05.05 17:25;NY;reversal;SHORT;0.88;4571.66;4583.06;4548.95;4583.82;SL;-1070.08;11.40;-1.067
2026.05.06 19:58;2026.05.06 23:00;NY;reversal;SHORT;0.36;4679.97;4707.46;4626.04;4692.69;CLOSE;-457.92;27.49;-0.463
2026.05.07 04:10;2026.05.07 09:30;ASIA;reversal;LONG;0.88;4701.25;4689.95;4723.37;4717.18;CLOSE;1401.84;11.30;1.410
2026.05.07 18:26;2026.05.07 20:27;NY;reversal;SHORT;0.47;4737.25;4758.20;4695.74;4695.42;TP;1966.01;20.95;1.997
2026.05.11 03:52;2026.05.11 04:04;ASIA;reversal;SHORT;0.61;4674.97;4691.46;4644.48;4691.91;SL;-1033.34;16.49;-1.027
2026.05.18 05:46;2026.05.18 09:30;ASIA;reversal;LONG;0.36;4542.57;4514.86;4597.45;4537.54;CLOSE;-181.08;27.71;-0.182
2026.05.20 04:27;2026.05.20 09:30;ASIA;reversal;SHORT;0.45;4479.62;4501.95;4435.14;4472.33;CLOSE;328.05;22.33;0.326
2026.05.20 17:16;2026.05.20 17:30;NY;reversal;LONG;0.90;4493.20;4482.00;4514.94;4515.01;TP;1962.90;11.20;1.947
2026.05.21 05:30;2026.05.21 09:30;ASIA;reversal;SHORT;0.64;4537.44;4553.15;4506.38;4533.28;CLOSE;266.24;15.71;0.265
2026.05.22 03:51;2026.05.22 08:56;ASIA;reversal;SHORT;1.48;4530.30;4537.18;4516.81;4516.70;TP;2012.80;6.88;1.977
2026.05.22 19:31;2026.05.22 22:03;NY;reversal;LONG;0.62;4527.01;4510.43;4560.17;4510.07;SL;-1050.28;16.58;-1.022
2026.05.25 04:07;2026.05.25 09:30;ASIA;reversal;SHORT;1.07;4566.11;4575.66;4547.10;4554.47;CLOSE;1245.48;9.55;1.219
2026.05.28 04:05;2026.05.28 04:25;ASIA;reversal;SHORT;1.05;4444.04;4453.85;4424.66;4424.12;TP;2091.60;9.81;2.031
2026.06.02 04:01;2026.06.02 06:27;ASIA;reversal;SHORT;0.61;4476.95;4493.82;4443.27;4493.90;SL;-1033.95;16.87;-1.005
2026.06.03 04:02;2026.06.03 05:41;ASIA;reversal;SHORT;1.08;4473.70;4483.28;4455.02;4483.41;SL;-1048.68;9.58;-1.014
2026.06.04 04:12;2026.06.04 09:30;ASIA;reversal;LONG;0.56;4465.82;4447.59;4500.66;4472.13;CLOSE;353.36;18.23;0.346
2026.06.05 04:26;2026.06.05 09:30;ASIA;reversal;SHORT;0.72;4450.64;4464.96;4422.12;4442.70;CLOSE;571.68;14.32;0.554
2026.06.09 04:03;2026.06.09 05:45;ASIA;reversal;LONG;1.18;4324.14;4315.39;4340.41;4340.42;TP;1921.04;8.75;1.861
2026.06.11 18:51;2026.06.11 20:33;NY;reversal;LONG;0.41;4092.69;4067.30;4143.02;4143.37;TP;2077.88;25.39;1.996
2026.06.12 18:05;2026.06.12 23:00;NY;reversal;LONG;0.38;4210.66;4182.94;4264.48;4210.74;CLOSE;3.04;27.72;0.003
2026.06.15 04:32;2026.06.15 09:30;ASIA;reversal;LONG;0.70;4308.30;4293.35;4337.81;4304.57;CLOSE;-261.10;14.95;-0.249
2026.06.17 17:47;2026.06.17 17:48;NY;reversal;SHORT;0.73;4330.90;4345.19;4307.30;4345.23;SL;-1046.09;14.29;-1.003
2026.06.22 18:39;2026.06.22 23:00;NY;reversal;SHORT;0.45;4182.75;4205.66;4137.53;4191.12;CLOSE;-376.65;22.91;-0.365
2026.06.23 04:17;2026.06.23 04:49;ASIA;reversal;SHORT;0.72;4177.90;4192.29;4150.56;4150.39;TP;1980.72;14.39;1.912
2026.06.26 05:19;2026.06.26 05:53;ASIA;reversal;SHORT;0.84;4010.92;4023.45;3987.51;3987.49;TP;1968.12;12.53;1.870
2026.07.03 18:03;2026.07.03 19:06;NY;reversal;LONG;1.28;4171.94;4163.62;4188.31;4163.61;SL;-1066.24;8.32;-1.001
2026.07.06 05:36;2026.07.06 09:30;ASIA;reversal;SHORT;0.71;4170.51;4185.30;4141.14;4156.67;CLOSE;982.64;14.79;0.936
2026.07.06 18:29;2026.07.06 23:00;NY;reversal;LONG;0.81;4150.44;4137.41;4176.32;4163.80;CLOSE;1082.16;13.03;1.025
2026.07.07 03:37;2026.07.07 04:20;ASIA;reversal;SHORT;1.21;4151.81;4160.61;4134.63;4134.58;TP;2084.83;8.80;1.958
2026.07.08 04:37;2026.07.08 04:45;ASIA;reversal;SHORT;0.98;4096.98;4107.94;4075.06;4108.77;SL;-1155.42;10.96;-1.076
2026.07.09 17:15;2026.07.09 18:06;NY;reversal;SHORT;0.90;4117.57;4129.48;4094.53;4130.00;SL;-1118.70;11.91;-1.044
2026.07.10 03:45;2026.07.10 04:38;ASIA;reversal;LONG;1.23;4125.69;4117.00;4142.92;4116.77;SL;-1097.16;8.69;-1.026
2026.07.10 17:33;2026.07.10 17:49;NY;reversal;SHORT;0.57;4086.88;4105.36;4050.19;4105.62;SL;-1068.18;18.48;-1.014
2026.07.14 17:34;2026.07.14 18:41;NY;reversal;LONG;0.74;4088.60;4074.38;4117.01;4074.31;SL;-1057.46;14.22;-1.005
2026.07.15 04:31;2026.07.15 04:43;ASIA;reversal;SHORT;1.47;4051.01;4058.17;4036.84;4036.82;TP;2085.93;7.16;1.982
2026.07.16 03:44;2026.07.16 03:52;ASIA;reversal;SHORT;1.93;4054.78;4060.29;4043.97;4060.37;SL;-1078.87;5.51;-1.015
2026.07.17 03:58;2026.07.17 04:51;ASIA;reversal;LONG;1.35;3990.93;3983.08;4006.63;3982.99;SL;-1071.90;7.85;-1.011
2026.07.20 18:09;2026.07.20 19:41;NY;reversal;LONG;0.83;4018.20;4005.63;4040.67;4005.49;SL;-1054.93;12.57;-1.011
2026.07.23 04:00;2026.07.23 04:37;ASIA;reversal;LONG;1.17;4135.09;4126.16;4151.66;4126.16;SL;-1044.81;8.93;-1.000
2026.07.24 04:04;2026.07.24 04:44;ASIA;reversal;SHORT;1.18;4041.25;4050.05;4023.68;4050.16;SL;-1051.38;8.80;-1.012
2026.07.27 19:30;2026.07.27 23:00;NY;reversal;LONG;0.53;4090.04;4070.59;4127.14;4083.40;CLOSE;-351.92;19.45;-0.341
2026.07.28 18:10;2026.07.28 23:00;NY;reversal;LONG;0.79;4033.37;4020.28;4057.96;4026.29;CLOSE;-559.32;13.09;-0.541
2026.07.29 04:39;2026.07.29 09:30;ASIA;reversal;LONG;0.86;4029.58;4017.59;4052.72;4041.14;CLOSE;994.16;11.99;0.964
2026.07.29 19:34;2026.07.29 20:13;NY;reversal;LONG;0.66;4018.03;4002.44;4048.61;4048.80;TP;2030.82;15.59;1.974
2026.07.30 04:04;2026.07.30 05:50;ASIA;reversal;LONG;0.76;4086.52;4072.72;4114.00;4072.68;SL;-1051.84;13.80;-1.003
2026.07.31 17:49;2026.07.31 23:00;NY;reversal;LONG;0.47;4043.73;4021.92;4087.32;4050.88;CLOSE;336.05;21.81;0.328
2026.08.04 19:49;2026.08.04 21:45;NY;reversal;LONG;0.58;4093.75;4076.00;4129.22;4075.92;SL;-1034.14;17.75;-1.005
2026.08.06 06:17;2026.08.06 09:30;ASIA;reversal;SHORT;0.52;4264.50;4284.48;4224.57;4257.76;CLOSE;350.48;19.98;0.337
2026.08.06 18:51;2026.08.06 23:00;NY;reversal;SHORT;0.36;4245.76;4274.09;4189.37;4249.08;CLOSE;-119.52;28.33;-0.117
2026.08.07 04:43;2026.08.07 08:56;ASIA;reversal;LONG;0.74;4253.19;4239.16;4279.84;4280.08;TP;1989.86;14.03;1.917
2026.08.11 04:02;2026.08.11 04:15;ASIA;reversal;SHORT;0.53;4396.38;4416.00;4357.35;4416.03;SL;-1041.45;19.62;-1.002
2026.08.12 19:45;2026.08.12 23:00;NY;reversal;SHORT;0.41;4408.58;4433.99;4357.76;4414.36;CLOSE;-236.98;25.41;-0.227
2026.08.13 04:46;2026.08.13 09:30;ASIA;reversal;SHORT;0.42;4412.75;4437.56;4363.40;4376.06;CLOSE;1540.98;24.81;1.479
2026.08.18 04:41;2026.08.18 06:49;ASIA;reversal;SHORT;0.84;4418.94;4431.46;4394.08;4394.00;TP;2094.96;12.52;1.992
2026.08.19 04:01;2026.08.19 04:15;ASIA;reversal;SHORT;0.72;4331.44;4346.13;4302.75;4346.24;SL;-1065.60;14.69;-1.007
2026.08.21 04:21;2026.08.21 08:58;ASIA;reversal;LONG;0.77;4527.47;4513.90;4554.31;4554.31;TP;2066.68;13.57;1.978
2026.08.25 04:00;2026.08.25 05:05;ASIA;reversal;SHORT;0.65;4675.11;4691.46;4643.31;4642.22;TP;2137.85;16.35;2.012
2026.08.26 04:57;2026.08.26 06:45;ASIA;reversal;LONG;0.72;4657.81;4643.02;4687.15;4642.83;SL;-1078.56;14.79;-1.013
2026.08.27 04:37;2026.08.27 08:30;ASIA;reversal;LONG;0.76;4627.35;4613.33;4654.40;4613.12;SL;-1081.48;14.02;-1.015
2026.08.31 04:00;2026.08.31 05:03;ASIA;reversal;SHORT;0.79;4451.73;4465.16;4426.37;4426.35;TP;2005.02;13.43;1.890
2026.09.03 03:52;2026.09.03 04:11;ASIA;reversal;LONG;1.40;4392.44;4384.78;4407.76;4407.88;TP;2161.60;7.66;2.016
2026.09.04 03:45;2026.09.04 04:26;ASIA;reversal;LONG;1.23;4483.19;4474.37;4500.68;4474.36;SL;-1086.09;8.82;-1.001
2026.09.07 03:48;2026.09.07 03:56;ASIA;reversal;LONG;1.39;4428.85;4421.08;4443.31;4420.91;SL;-1103.66;7.77;-1.022
2026.09.08 19:08;2026.09.08 23:00;NY;reversal;SHORT;0.63;4390.40;4407.37;4356.55;4359.24;CLOSE;1963.08;16.97;1.836
2026.09.11 06:21;2026.09.11 07:13;ASIA;reversal;SHORT;0.95;4312.61;4323.96;4290.09;4323.99;SL;-1081.10;11.35;-1.003
2026.09.14 04:48;2026.09.14 06:00;ASIA;reversal;LONG;0.59;4347.83;4329.49;4383.43;4328.96;SL;-1113.33;18.34;-1.029
2026.09.14 17:14;2026.09.14 17:23;NY;reversal;LONG;0.75;4281.37;4267.12;4309.06;4266.89;SL;-1086.00;14.25;-1.016
2026.09.15 17:27;2026.09.15 19:54;NY;reversal;SHORT;0.75;4284.12;4298.30;4256.00;4298.30;SL;-1063.50;14.18;-1.000
2026.09.16 04:13;2026.09.16 04:57;ASIA;reversal;LONG;1.77;4286.61;4280.61;4297.41;4280.57;SL;-1069.08;6.00;-1.007
2026.09.16 17:50;2026.09.16 21:01;NY;reversal;LONG;0.55;4354.29;4335.06;4392.45;4334.96;SL;-1063.15;19.23;-1.005
2026.09.17 17:56;2026.09.17 23:00;NY;reversal;SHORT;0.56;4355.38;4374.09;4318.02;4346.27;CLOSE;510.16;18.71;0.487
2026.09.18 06:16;2026.09.18 06:42;ASIA;reversal;SHORT;0.66;4341.45;4357.37;4311.89;4357.38;SL;-1051.38;15.92;-1.001
2026.09.18 19:20;2026.09.18 23:00;NY;reversal;LONG;0.52;4367.48;4347.24;4407.75;4376.36;CLOSE;461.76;20.24;0.439
2026.09.24 04:46;2026.09.24 05:33;ASIA;reversal;SHORT;1.19;4283.47;4292.30;4267.10;4292.37;SL;-1059.10;8.83;-1.008
2026.09.24 19:16;2026.09.24 20:19;NY;reversal;LONG;0.80;4277.83;4264.86;4303.50;4264.12;SL;-1096.80;12.97;-1.057
2026.09.25 18:30;2026.09.25 18:46;NY;reversal;LONG;0.92;4284.60;4273.34;4306.01;4273.16;SL;-1052.48;11.26;-1.016
