date;weekday;range_low;range_high;width;median;ratio;sma_d1;px_vs_sma_pct;decision;sh_dir;sh_time;sh_entry;sh_sl;sh_tp;sh_exit;sh_outcome;sh_R;sh_mfe_R;sh_mae_R;sh_hit_1R;sh_back_to_entry_after_1R;high_after_range;low_after_range
2022.01.03;Mon;1802.72;1808.98;6.26;0.00;0.000;1803.70;-0.051;SKIP_WARMUP;SHORT;2022.01.03 17:05;1802.03;1808.98;1790.20;1801.86;FLAT;0.024;0.527;0.685;0;0;1806.61;1798.19
2022.01.04;Tue;1806.22;1810.77;4.55;0.00;0.000;1803.88;0.347;SKIP_WARMUP;LONG;2022.01.04 17:01;1812.00;1806.22;1819.87;1815.05;FLAT;0.528;0.815;0.787;0;0;1816.71;1807.45
2022.01.05;Wed;1825.08;1829.62;4.54;0.00;0.000;1804.01;1.205;SKIP_WARMUP;SHORT;2022.01.05 17:08;1824.57;1829.62;1816.00;1816.00;TP;1.697;1.697;0.257;1;0;1826.59;1808.19
2022.01.06;Thu;1789.40;1795.46;6.06;0.00;0.000;1804.37;-0.701;SKIP_WARMUP;SHORT;2022.01.06 17:04;1789.37;1795.46;1777.28;1788.31;FLAT;0.174;0.479;0.693;0;0;1795.50;1786.27
2022.01.07;Fri;1789.24;1794.09;4.85;0.00;0.000;1804.26;-0.738;SKIP_WARMUP;SHORT;2022.01.07 17:40;1788.78;1794.09;1779.54;1794.09;SL;-1.000;0.412;1.000;0;0;1798.54;1786.41
2022.01.10;Mon;1791.24;1796.24;5.00;0.00;0.000;1804.22;-0.560;SKIP_WARMUP;-;-;0.00;0.00;0.00;0.00;-;0.000;0.000;0.000;0;0;1801.55;1791.43
2022.01.11;Tue;1802.66;1807.17;4.51;0.00;0.000;1804.58;0.068;SKIP_WARMUP;LONG;2022.01.11 17:03;1807.50;1802.66;1816.19;1816.19;TP;1.795;1.806;0.407;1;0;1823.22;1805.33
2022.01.12;Wed;1820.82;1824.35;3.53;0.00;0.000;1805.15;0.924;SKIP_WARMUP;LONG;2022.01.12 17:22;1824.64;1820.82;1831.41;1820.82;SL;-1.000;0.000;1.000;0;0;1828.00;1820.05
2022.01.13;Thu;1817.86;1822.44;4.58;0.00;0.000;1805.91;0.699;SKIP_WARMUP;SHORT;2022.01.13 17:17;1817.58;1822.44;1808.70;1822.44;SL;-1.000;1.060;1.000;1;1;1822.28;1812.25
2022.01.14;Fri;1819.10;1825.08;5.98;0.00;0.000;1806.96;0.980;SKIP_WARMUP;LONG;2022.01.14 17:01;1825.51;1819.10;1837.04;1819.10;SL;-1.000;0.000;1.000;0;0;1825.89;1814.59
2022.01.17;Mon;1819.58;1821.04;1.46;0.00;0.000;1807.48;0.696;SKIP_WARMUP;SHORT;2022.01.17 17:01;1818.49;1821.04;1816.66;1818.06;FLAT;0.169;0.294;0.647;0;0;1820.06;1817.56
2022.01.18;Tue;1812.18;1819.12;6.94;0.00;0.000;1807.50;0.590;SKIP_WARMUP;LONG;2022.01.18 17:46;1819.55;1812.18;1833.00;1812.18;SL;-1.000;0.065;1.000;0;0;1820.03;1810.55
2022.01.19;Wed;1822.40;1828.34;5.94;0.00;0.000;1807.30;1.092;SKIP_WARMUP;LONG;2022.01.19 17:04;1830.01;1822.40;1840.22;1840.22;TP;1.342;1.344;0.057;1;0;1843.28;1826.22
2022.01.20;Thu;1841.84;1846.78;4.94;0.00;0.000;1807.47;2.136;SKIP_WARMUP;LONG;2022.01.20 17:03;1847.19;1841.84;1856.66;1841.84;SL;-1.000;0.116;1.000;0;0;1847.81;1837.23
2022.01.21;Fri;1839.81;1842.65;2.84;0.00;0.000;1807.27;1.846;SKIP_WARMUP;SHORT;2022.01.21 17:01;1838.68;1842.65;1834.13;1834.13;TP;1.146;1.149;0.224;1;0;1840.65;1828.41
2022.01.24;Mon;1832.55;1839.90;7.35;0.00;0.000;1806.73;1.511;SKIP_WARMUP;SHORT;2022.01.24 17:02;1832.43;1839.90;1817.85;1839.90;SL;-1.000;0.363;1.001;0;0;1842.96;1829.54
2022.01.25;Tue;1839.25;1852.72;13.47;0.00;0.000;1806.29;2.433;SKIP_WARMUP;-;-;0.00;0.00;0.00;0.00;-;0.000;0.000;0.000;0;0;1853.76;1840.93
2022.01.26;Wed;1831.16;1837.35;6.19;0.00;0.000;1805.99;1.657;SKIP_WARMUP;LONG;2022.01.26 17:16;1837.64;1831.16;1849.73;1831.16;SL;-1.000;0.133;1.002;0;0;1838.50;1814.80
2022.01.27;Thu;1798.47;1810.37;11.90;0.00;0.000;1805.36;0.009;SKIP_WARMUP;SHORT;2022.01.27 17:35;1797.35;1810.37;1774.67;1795.03;FLAT;0.178;0.423;0.222;0;0;1807.50;1791.66
2022.01.28;Fri;1782.20;1789.47;7.27;0.00;0.000;1803.96;-0.972;SKIP_WARMUP;LONG;2022.01.28 17:11;1791.25;1782.20;1804.01;1782.20;SL;-1.000;0.180;1.013;0;0;1792.88;1781.68
2022.01.31;Mon;1795.15;1799.59;4.44;5.47;0.812;1802.63;-0.385;SHORT;SHORT;2022.01.31 17:01;1794.88;1799.59;1786.27;1799.59;SL;-1.000;0.352;1.004;0;0;1799.77;1793.04
2022.02.01;Tue;1800.40;1805.89;5.49;4.97;1.105;1801.64;0.036;SKIP_WIDE;SHORT;2022.02.01 17:02;1798.83;1805.89;1789.42;1805.89;SL;-1.000;0.135;1.011;0;0;1807.82;1797.70
2022.02.02;Wed;1800.52;1805.46;4.94;5.25;0.942;1801.57;0.095;LONG;LONG;2022.02.02 17:01;1807.36;1800.52;1815.34;1807.53;FLAT;0.025;0.488;0.692;0;0;1810.70;1802.63
2022.02.03;Thu;1788.50;1803.09;14.59;5.25;2.782;1801.93;-0.589;SKIP_WIDE;LONG;2022.02.03 17:40;1803.66;1788.50;1832.27;1805.12;FLAT;0.096;0.260;0.175;0;0;1807.60;1790.15
2022.02.04;Fri;1798.73;1807.06;8.33;5.25;1.588;1802.26;0.110;SKIP_WIDE;LONG;2022.02.04 17:05;1807.94;1798.73;1823.72;1807.98;FLAT;0.004;0.260;0.533;0;0;1810.33;1803.03
2022.02.07;Mon;1812.37;1815.53;3.16;5.71;0.553;1802.65;0.623;SKIP_NARROW;SHORT;2022.02.07 17:13;1812.28;1815.53;1806.05;1815.53;SL;-1.000;0.111;1.000;0;0;1823.47;1811.73
2022.02.08;Tue;1820.07;1823.10;3.03;5.71;0.530;1803.25;1.046;SKIP_NARROW;LONG;2022.02.08 17:11;1823.65;1820.07;1829.16;1826.90;FLAT;0.908;1.399;0.089;1;0;1828.66;1821.71
2022.02.09;Wed;1826.47;1831.01;4.54;5.71;0.794;1804.08;1.353;LONG;LONG;2022.02.09 17:29;1831.38;1826.47;1840.09;1833.19;FLAT;0.369;0.882;0.721;0;0;1835.71;1827.19
2022.02.10;Thu;1825.52;1833.93;8.41;5.71;1.472;1805.26;1.444;SKIP_WIDE;LONG;2022.02.10 17:07;1834.97;1825.52;1850.75;1827.05;FLAT;-0.838;0.726;0.896;0;0;1841.83;1826.50
2022.02.11;Fri;1828.14;1832.39;4.25;5.96;0.713;1806.16;1.298;LONG;LONG;2022.02.11 17:07;1832.61;1828.14;1840.89;1840.89;TP;1.852;1.855;0.174;1;0;1865.37;1829.60
2022.02.14;Mon;1859.98;1866.58;6.60;5.71;1.155;1807.95;3.231;SKIP_WIDE;LONG;2022.02.14 17:01;1866.91;1859.98;1879.78;1871.80;FLAT;0.706;1.027;0.970;1;0;1874.03;1860.19
2022.02.15;Tue;1846.81;1854.16;7.35;6.06;1.212;1809.70;2.152;SKIP_WIDE;SHORT;2022.02.15 18:07;1846.64;1854.16;1832.11;1854.16;SL;-1.000;0.012;1.000;0;0;1856.42;1846.37
2022.02.16;Wed;1858.20;1864.76;6.56;6.06;1.082;1811.19;2.795;SKIP_WIDE;-;-;0.00;0.00;0.00;0.00;-;0.000;0.000;0.000;0;0;1872.49;1859.95
2022.02.17;Thu;1889.24;1895.11;5.87;6.37;0.921;1812.91;4.435;LONG;LONG;2022.02.17 17:11;1895.93;1889.24;1906.85;1898.54;FLAT;0.390;0.764;0.555;0;0;1901.04;1892.22
2022.02.18;Fri;1893.46;1898.15;4.69;6.37;0.736;1815.21;4.368;SKIP_TREND;SHORT;2022.02.18 17:04;1893.38;1898.15;1884.08;1897.08;FLAT;-0.776;0.614;0.969;0;0;1897.82;1890.27
2022.02.21;Mon;1893.06;1896.98;3.92;6.37;0.615;1817.66;4.255;SKIP_NARROW;SHORT;2022.02.21 17:24;1892.94;1896.98;1885.22;1896.98;SL;-1.000;0.000;1.000;0;0;1905.90;1892.76
2022.02.22;Tue;1900.76;1907.12;6.36;6.03;1.055;1820.06;4.468;SKIP_WIDE;SHORT;2022.02.22 17:06;1900.73;1907.12;1888.04;1900.56;FLAT;0.027;1.058;0.790;1;1;1905.60;1893.79
2022.02.23;Wed;1899.58;1906.12;6.54;6.03;1.085;1822.30;4.600;SKIP_WIDE;LONG;2022.02.23 17:03;1907.14;1899.58;1919.20;1909.15;FLAT;0.266;0.435;0.542;0;0;1910.43;1903.04
2022.02.24;Thu;1930.58;1955.66;25.08;6.11;4.101;1825.07;5.988;SKIP_WIDE;SHORT;2022.02.24 17:18;1926.69;1955.66;1880.42;1880.42;TP;1.597;1.598;0.124;1;0;1940.62;1877.68
2022.02.25;Fri;1887.81;1893.66;5.85;6.11;0.957;1827.61;3.357;SKIP_TREND;SHORT;2022.02.25 17:01;1886.31;1893.66;1876.11;1890.85;FLAT;-0.618;0.460;0.912;0;0;1892.83;1882.75
2022.02.28;Mon;1908.00;1917.17;9.17;5.86;1.565;1829.40;4.428;SKIP_WIDE;SHORT;2022.02.28 17:46;1907.49;1917.17;1889.66;1910.10;FLAT;-0.270;1.707;0.287;1;1;1916.87;1890.79
2022.03.01;Tue;1917.64;1926.99;9.35;6.11;1.529;1831.62;5.041;SKIP_WIDE;LONG;2022.03.01 17:46;1927.98;1917.64;1945.69;1945.69;TP;1.713;1.731;0.464;1;0;1946.31;1917.86
2022.03.02;Wed;1922.14;1931.18;9.04;6.45;1.402;1834.71;5.162;SKIP_WIDE;LONG;2022.03.02 17:11;1931.54;1922.14;1949.26;1922.14;SL;-1.000;0.420;1.001;0;0;1935.49;1914.81
2022.03.03;Thu;1925.79;1932.04;6.25;6.55;0.954;1837.50;4.853;SKIP_TREND;SHORT;2022.03.03 18:11;1925.01;1932.04;1913.29;1932.04;SL;-1.000;0.228;1.000;0;0;1941.09;1923.23
2022.03.04;Fri;1949.76;1959.26;9.50;6.45;1.473;1840.14;6.065;SKIP_WIDE;SHORT;2022.03.04 17:03;1943.00;1959.26;1930.76;1959.26;SL;-1.000;0.000;1.001;0;0;1970.44;1942.34
2022.03.07;Mon;1973.23;1985.56;12.33;6.45;1.912;1843.38;7.649;SKIP_WIDE;LONG;2022.03.07 17:37;1986.41;1973.23;2010.22;1996.63;FLAT;0.775;0.952;0.883;0;0;1998.96;1974.77
2022.03.08;Tue;2016.54;2041.26;24.72;6.55;3.774;1847.09;10.419;SKIP_WIDE;LONG;2022.03.08 17:01;2041.58;2016.54;2090.70;2050.92;FLAT;0.373;1.151;0.819;1;1;2070.40;2021.08
2022.03.09;Wed;1981.71;1994.29;12.58;6.58;1.912;1851.98;7.269;SKIP_WIDE;LONG;2022.03.09 17:17;1994.85;1981.71;2019.45;1981.71;SL;-1.000;0.809;1.002;0;0;2005.48;1979.59
2022.03.10;Thu;1996.28;2006.79;10.51;6.98;1.507;1855.71;7.615;SKIP_WIDE;SHORT;2022.03.10 17:07;1996.20;2006.79;1975.26;1997.85;FLAT;-0.156;1.369;0.935;1;1;2005.86;1981.46
2022.03.11;Fri;1965.13;1977.20;12.07;6.98;1.730;1859.35;6.225;SKIP_WIDE;LONG;2022.03.11 17:01;1978.50;1965.13;2001.34;1982.55;FLAT;0.303;0.854;0.638;0;0;1989.92;1969.97
2022.03.14;Mon;1949.51;1963.15;13.64;8.20;1.664;1862.54;5.164;SKIP_WIDE;-;-;0.00;0.00;0.00;0.00;-;0.000;0.000;0.000;0;0;1961.85;1950.52
2022.03.15;Tue;1916.22;1925.54;9.32;9.11;1.024;1865.52;3.071;SKIP_WIDE;SHORT;2022.03.15 17:08;1916.12;1925.54;1897.58;1925.54;SL;-1.000;0.950;1.000;0;0;1930.90;1906.94
2022.03.16;Wed;1912.68;1919.91;7.23;9.25;0.782;1867.59;2.567;SKIP_TREND;SHORT;2022.03.16 17:13;1912.43;1919.91;1898.22;1898.22;TP;1.900;1.957;0.660;1;1;1929.14;1894.85
2022.03.17;Thu;1939.22;1946.51;7.29;9.25;0.789;1869.93;4.010;LONG;LONG;2022.03.17 17:16;1947.20;1939.22;1961.09;1939.22;SL;-1.000;0.317;1.001;0;0;1949.73;1935.29
2022.03.18;Fri;1926.19;1935.73;9.54;9.25;1.032;1872.96;3.228;SKIP_WIDE;LONG;2022.03.18 17:52;1937.01;1926.19;1954.81;1926.19;SL;-1.000;0.116;1.000;0;0;1938.26;1917.81
2022.03.21;Mon;1921.18;1930.47;9.29;9.33;0.995;1875.44;2.892;LONG;LONG;2022.03.21 17:01;1931.40;1921.18;1949.05;1935.02;FLAT;0.354;0.926;0.446;0;0;1940.86;1926.84
2022.03.22;Tue;1919.57;1925.55;5.98;9.33;0.641;1878.12;2.408;SKIP_NARROW;SHORT;2022.03.22 17:04;1919.32;1925.55;1907.61;1921.76;FLAT;-0.392;1.380;0.897;1;1;1924.75;1910.58
2022.03.23;Wed;1931.23;1935.68;4.45;9.33;0.477;1880.11;2.925;SKIP_NARROW;LONG;2022.03.23 17:03;1936.35;1931.23;1944.58;1931.23;SL;-1.000;0.041;1.000;0;0;1948.31;1925.79
2022.03.24;Thu;1947.44;1957.05;9.61;9.33;1.029;1882.46;3.765;SKIP_WIDE;LONG;2022.03.24 17:19;1959.73;1947.44;1976.27;1961.35;FLAT;0.132;0.516;0.219;0;0;1966.07;1950.75
2022.03.25;Fri;1942.98;1951.76;8.78;9.33;0.941;1885.16;3.365;LONG;LONG;2022.03.25 17:06;1952.44;1942.98;1969.32;1954.29;FLAT;0.196;0.978;0.265;0;0;1961.69;1948.09
2022.03.28;Mon;1930.03;1937.65;7.62;9.33;0.816;1887.97;2.564;LONG;LONG;2022.03.28 17:04;1938.43;1930.03;1952.89;1930.03;SL;-1.000;0.482;1.001;0;0;1942.48;1916.82
2022.03.29;Tue;1893.36;1909.05;15.69;9.33;1.681;1890.04;0.918;SKIP_WIDE;LONG;2022.03.29 17:02;1912.21;1893.36;1940.43;1919.32;FLAT;0.377;0.484;0.266;0;0;1921.33;1905.49
2022.03.30;Wed;1925.23;1934.62;9.39;9.41;0.998;1892.15;2.093;LONG;LONG;2022.03.30 17:35;1935.80;1925.23;1953.40;1934.18;FLAT;-0.153;0.253;0.507;0;0;1938.47;1929.66
2022.03.31;Thu;1936.69;1942.36;5.67;9.44;0.600;1893.99;2.307;SKIP_NARROW;LONG;2022.03.31 18:26;1943.23;1936.69;1953.70;1936.69;SL;-1.000;1.002;1.000;1;1;1949.78;1934.84
2022.04.01;Fri;1923.82;1933.55;9.73;9.44;1.030;1895.95;1.862;SKIP_WIDE;SHORT;2022.04.01 17:31;1923.41;1933.55;1904.36;1922.72;FLAT;0.068;0.527;0.709;0;0;1932.56;1917.93
2022.04.04;Mon;1925.27;1937.01;11.74;9.46;1.240;1897.75;1.450;SKIP_WIDE;-;-;0.00;0.00;0.00;0.00;-;0.000;0.000;0.000;0;0;1936.23;1924.32
2022.04.05;Tue;1937.96;1943.45;5.49;9.46;0.580;1899.55;2.243;SKIP_NARROW;LONG;2022.04.05 17:01;1944.14;1937.96;1954.43;1937.96;SL;-1.000;0.060;1.000;0;0;1944.51;1917.81
2022.04.06;Wed;1926.03;1931.86;5.83;9.35;0.623;1901.07;1.543;SKIP_NARROW;SHORT;2022.04.06 17:13;1925.43;1931.86;1914.37;1925.10;FLAT;0.051;1.507;0.664;1;1;1931.86;1915.56
2022.04.07;Thu;1926.53;1932.10;5.57;9.30;0.599;1903.18;1.494;SKIP_NARROW;LONG;2022.04.07 17:01;1933.40;1926.53;1943.24;1932.27;FLAT;-0.164;0.622;0.576;0;0;1937.67;1929.44
2022.04.08;Fri;1934.40;1940.89;6.49;9.03;0.718;1905.88;1.761;LONG;LONG;2022.04.08 17:01;1941.44;1934.40;1953.87;1943.99;FLAT;0.362;0.950;0.359;0;0;1948.13;1938.91
2022.04.11;Mon;1948.90;1964.80;15.90;8.20;1.939;1908.99;2.210;SKIP_WIDE;SHORT;2022.04.11 17:08;1948.88;1964.80;1917.10;1953.89;FLAT;-0.315;0.504;0.366;0;0;1954.47;1940.71
2022.04.12;Tue;1960.41;1972.58;12.17;8.20;1.484;1912.12;2.573;SKIP_WIDE;LONG;2022.04.12 17:50;1973.70;1960.41;1996.92;1968.75;FLAT;-0.372;0.363;0.683;0;0;1978.52;1960.70
2022.04.13;Wed;1973.08;1980.56;7.48;8.20;0.912;1915.44;3.222;NO_BREAKOUT;-;-;0.00;0.00;0.00;0.00;-;0.000;0.000;0.000;0;0;1981.53;1974.38
2022.04.14;Thu;1960.21;1976.05;15.84;8.20;1.932;1918.86;2.240;SKIP_WIDE;-;-;0.00;0.00;0.00;0.00;-;0.000;0.000;0.000;0;0;1975.07;1960.26
2022.04.18;Mon;1988.86;1993.48;4.62;9.03;0.511;1922.24;3.671;SKIP_NARROW;LONG;2022.04.18 17:06;1993.93;1988.86;2002.72;1988.86;SL;-1.000;0.079;1.047;0;0;1994.33;1976.21
2022.04.19;Tue;1959.55;1968.15;8.60;8.20;1.049;1925.65;1.972;SKIP_WIDE;SHORT;2022.04.19 17:16;1958.88;1968.15;1942.35;1948.26;FLAT;1.146;1.630;0.289;1;0;1965.79;1943.62
2022.04.20;Wed;1943.79;1951.25;7.46;8.11;0.920;1928.25;1.073;LONG;LONG;2022.04.20 17:04;1951.67;1943.79;1966.17;1957.78;FLAT;0.775;0.813;0.306;0;0;1958.08;1948.94
2022.04.21;Thu;1943.21;1947.97;4.76;8.11;0.587;1930.88;0.744;SKIP_NARROW;SHORT;2022.04.21 17:06;1942.48;1947.97;1933.69;1947.97;SL;-1.000;0.831;1.000;0;0;1953.99;1937.78
2022.04.22;Fri;1934.19;1946.33;12.14;8.11;1.497;1933.25;0.516;SKIP_WIDE;SHORT;2022.04.22 17:50;1933.62;1946.33;1909.91;1932.80;FLAT;0.065;0.552;0.578;0;0;1945.32;1926.46
2022.04.25;Mon;1896.21;1902.67;6.46;8.11;0.797;1935.34;-1.997;SHORT;SHORT;2022.04.25 17:01;1895.91;1902.67;1883.29;1898.04;FLAT;-0.315;0.589;0.993;0;0;1902.48;1891.79
2022.04.26;Tue;1904.10;1911.18;7.08;7.55;0.938;1936.12;-1.651;SHORT;SHORT;2022.04.26 17:18;1904.01;1911.18;1889.94;1901.24;FLAT;0.386;1.036;0.605;1;0;1908.21;1896.44
2022.04.27;Wed;1881.58;1893.44;11.86;7.47;1.588;1936.81;-2.516;SKIP_WIDE;-;-;0.00;0.00;0.00;0.00;-;0.000;0.000;0.000;0;0;1891.48;1881.20
2022.04.28;Thu;1885.41;1892.89;7.48;7.47;1.001;1937.47;-2.435;SKIP_WIDE;SHORT;2022.04.28 17:15;1884.63;1892.89;1870.45;1892.89;SL;-1.000;0.168;1.000;0;0;1896.66;1883.10
2022.04.29;Fri;1902.41;1911.79;9.38;7.47;1.256;1937.96;-1.413;SKIP_WIDE;LONG;2022.04.29 17:02;1912.21;1902.41;1930.55;1902.41;SL;-1.000;0.241;1.001;0;0;1914.57;1894.40
2022.05.02;Mon;1854.29;1861.49;7.20;7.48;0.963;1937.94;-4.134;SKIP_TREND;LONG;2022.05.02 17:22;1861.79;1854.29;1875.89;1861.79;FLAT;0.000;1.365;0.269;1;1;1872.03;1857.67
2022.05.03;Tue;1863.70;1872.27;8.57;7.47;1.147;1937.25;-3.422;SKIP_WIDE;LONG;2022.05.03 17:20;1873.39;1863.70;1889.41;1866.12;FLAT;-0.750;0.477;0.845;0;0;1878.01;1865.20
2022.05.04;Wed;1861.56;1869.28;7.72;7.47;1.033;1936.54;-3.817;SKIP_WIDE;-;-;0.00;0.00;0.00;0.00;-;0.000;0.000;0.000;0;0;1889.68;1861.53
2022.05.05;Thu;1892.85;1903.80;10.95;7.48;1.464;1936.20;-2.133;SKIP_WIDE;SHORT;2022.05.05 17:02;1892.47;1903.80;1870.95;1878.04;FLAT;1.274;1.755;0.186;1;0;1895.20;1872.38
2022.05.06;Fri;1874.49;1885.42;10.93;7.60;1.438;1935.56;-2.824;SKIP_WIDE;LONG;2022.05.06 17:21;1885.71;1874.49;1907.28;1881.02;FLAT;-0.418;0.602;0.450;0;0;1892.47;1879.55
2022.05.09;Mon;1861.28;1868.26;6.98;8.14;0.857;1935.16;-3.718;SHORT;SHORT;2022.05.09 17:18;1860.46;1868.26;1847.32;1853.60;FLAT;0.879;0.992;0.737;0;0;1866.31;1852.52
2022.05.10;Tue;1854.87;1864.44;9.57;8.14;1.175;1934.46;-4.002;SKIP_WIDE;SHORT;2022.05.10 17:40;1854.72;1864.44;1835.73;1835.73;TP;1.954;1.955;0.080;1;0;1859.81;1835.42
2022.05.11;Wed;1847.11;1858.08;10.97;8.14;1.347;1933.05;-4.131;SKIP_WIDE;SHORT;2022.05.11 17:16;1847.07;1858.08;1825.17;1853.27;FLAT;-0.563;0.025;0.867;0;0;1856.43;1846.33
2022.05.12;Thu;1838.46;1848.22;9.76;8.14;1.198;1931.20;-4.769;SKIP_WIDE;SHORT;2022.05.12 17:01;1837.51;1848.22;1818.94;1824.01;FLAT;1.261;1.485;0.550;1;0;1843.18;1821.38
2022.05.13;Fri;1801.53;1807.53;6.00;8.59;0.699;1929.06;-6.365;SKIP_NARROW;LONG;2022.05.13 17:01;1809.14;1801.53;1819.53;1809.67;FLAT;0.070;1.205;0.301;1;1;1818.31;1806.19
2022.05.16;Mon;1804.78;1810.58;5.80;8.14;0.712;1926.58;-6.168;SKIP_TREND;LONG;2022.05.16 17:12;1811.78;1804.78;1822.18;1822.18;TP;1.486;1.487;0.210;1;0;1826.80;1807.41
2022.05.17;Tue;1822.23;1828.14;5.91;8.14;0.726;1923.65;-5.186;SHORT;SHORT;2022.05.17 17:06;1822.11;1828.14;1810.41;1816.20;FLAT;0.980;1.368;0.391;1;0;1825.56;1813.58
2022.05.18;Wed;1809.65;1815.73;6.08;7.60;0.800;1920.00;-5.713;SKIP_TREND;LONG;2022.05.18 18:09;1816.65;1809.65;1827.89;1816.03;FLAT;-0.089;1.137;0.437;1;1;1824.61;1809.97
2022.05.19;Thu;1832.31;1841.29;8.98;7.60;1.182;1915.32;-3.959;SKIP_WIDE;LONG;2022.05.19 17:04;1843.67;1832.31;1859.25;1842.66;FLAT;-0.089;0.482;0.338;0;0;1849.14;1839.24
2022.05.20;Fri;1836.24;1843.79;7.55;8.14;0.927;1912.33;-3.976;SHORT;SHORT;2022.05.20 17:01;1835.76;1843.79;1821.14;1843.79;SL;-1.000;0.425;1.000;0;0;1846.55;1832.21
2022.05.23;Mon;1852.81;1857.09;4.28;7.63;0.561;1909.33;-2.878;SKIP_NARROW;LONG;2022.05.23 17:22;1857.37;1852.81;1865.65;1852.81;SL;-1.000;0.156;1.002;0;0;1858.75;1846.90
2022.05.24;Tue;1858.65;1867.67;9.02;7.63;1.181;1906.64;-2.057;SKIP_WIDE;LONG;2022.05.24 17:01;1868.55;1858.65;1885.71;1866.78;FLAT;-0.179;0.114;0.840;0;0;1869.68;1860.23
2022.05.25;Wed;1848.74;1854.32;5.58;8.14;0.685;1904.95;-2.913;SKIP_NARROW;SHORT;2022.05.25 17:01;1847.25;1854.32;1837.58;1854.32;SL;-1.000;0.751;1.001;0;0;1856.27;1841.80
2022.05.26;Thu;1841.33;1849.46;8.13;7.63;1.065;1903.67;-2.857;SKIP_WIDE;LONG;2022.05.26 17:05;1850.93;1841.33;1865.72;1852.00;FLAT;0.111;0.290;0.731;0;0;1853.71;1843.91
2022.05.27;Fri;1854.87;1860.47;5.60;7.93;0.707;1902.13;-2.424;SHORT;SHORT;2022.05.27 17:02;1853.74;1860.47;1843.67;1853.56;FLAT;0.027;0.380;0.557;0;0;1857.33;1851.00
2022.05.30;Mon;1858.84;1861.10;2.26;7.63;0.296;1900.35;-2.173;SKIP_NARROW;SHORT;2022.05.30 17:01;1857.72;1861.10;1854.32;1854.32;TP;1.006;1.006;0.050;1;0;1859.09;1853.29
2022.05.31;Tue;1850.64;1855.38;4.74;7.63;0.621;1899.04;-2.532;SKIP_NARROW;SHORT;2022.05.31 17:01;1848.52;1855.38;1841.16;1841.16;TP;1.073;1.074;0.019;1;0;1851.21;1835.01
2022.06.01;Wed;1843.99;1849.06;5.07;7.26;0.698;1897.07;-2.732;SKIP_NARROW;SHORT;2022.06.01 17:01;1842.48;1849.06;1833.85;1849.06;SL;-1.000;0.669;1.000;0;0;1849.92;1837.94
2022.06.02;Thu;1860.51;1867.27;6.76;6.53;1.035;1895.57;-1.673;SKIP_WIDE;LONG;2022.06.02 17:10;1867.96;1860.51;1880.79;1869.59;FLAT;0.219;0.332;0.369;0;0;1870.43;1863.28
2022.06.03;Fri;1859.61;1864.55;4.94;6.42;0.769;1894.08;-1.638;SKIP_TREND;LONG;2022.06.03 17:07;1864.95;1859.61;1874.43;1859.61;SL;-1.000;0.034;1.000;0;0;1865.13;1847.30
2022.06.06;Mon;1848.71;1854.08;5.37;6.04;0.889;1891.95;-2.198;SHORT;SHORT;2022.06.06 17:01;1848.32;1854.08;1837.97;1842.22;FLAT;1.059;1.323;0.370;1;0;1850.37;1840.56
2022.06.07;Tue;1844.24;1853.50;9.26;5.96;1.555;1889.62;-2.025;SKIP_WIDE;-;-;0.00;0.00;0.00;0.00;-;0.000;0.000;0.000;0;0;1855.50;1847.06
2022.06.08;Wed;1851.50;1855.30;3.80;5.96;0.638;1888.21;-1.895;SKIP_NARROW;LONG;2022.06.08 17:18;1855.45;1851.50;1862.90;1852.40;FLAT;-0.772;1.038;0.871;1;1;1859.55;1852.01
2022.06.09;Thu;1845.60;1850.88;5.28;5.86;0.902;1886.89;-2.133;SHORT;SHORT;2022.06.09 17:01;1845.21;1850.88;1835.04;1847.12;FLAT;-0.337;0.908;0.952;0;0;1850.45;1839.92
2022.06.10;Fri;1828.34;1835.75;7.41;5.70;1.300;1885.20;-2.738;SKIP_WIDE;LONG;2022.06.10 17:18;1836.00;1828.34;1850.57;1850.57;TP;1.902;1.903;0.104;1;0;1875.94;1828.87
2022.06.13;Mon;1829.07;1837.45;8.38;5.70;1.470;1883.89;-2.831;SKIP_WIDE;SHORT;2022.06.13 17:04;1827.56;1837.45;1812.31;1822.77;FLAT;0.484;0.828;0.621;0;0;1833.50;1819.23
2022.06.14;Tue;1815.33;1820.50;5.17;5.76;0.898;1881.78;-3.500;SHORT;SHORT;2022.06.14 17:07;1814.81;1820.50;1804.99;1808.54;FLAT;1.102;1.684;0.460;1;0;1818.13;1805.02
2022.06.15;Wed;1823.49;1828.83;5.34;5.59;0.955;1879.29;-2.947;SHORT;SHORT;2022.06.15 17:02;1823.20;1828.83;1812.81;1828.83;SL;-1.000;1.707;1.005;1;1;1841.86;1813.45
2022.06.16;Thu;1827.31;1832.12;4.81;5.47;0.879;1877.50;-2.641;SHORT;SHORT;2022.06.16 17:01;1826.86;1832.12;1817.69;1832.12;SL;-1.000;0.287;1.002;0;0;1852.72;1825.21
2022.06.17;Fri;1841.12;1847.69;6.57;5.35;1.227;1876.14;-1.816;SKIP_WIDE;SHORT;2022.06.17 17:02;1841.03;1847.69;1827.98;1837.15;FLAT;0.583;1.068;0.602;1;0;1844.90;1833.77
2022.06.20;Mon;1838.85;1840.94;2.09;5.35;0.390;1874.30;-1.870;SKIP_NARROW;SHORT;2022.06.20 17:01;1836.56;1840.94;1834.67;1838.96;FLAT;-0.548;0.217;0.694;0;0;1839.46;1835.47
2022.06.21;Tue;1832.71;1839.29;6.58;5.35;1.229;1872.11;-1.798;SKIP_WIDE;LONG;2022.06.21 17:03;1840.74;1832.71;1852.45;1832.71;SL;-1.000;0.352;1.000;0;0;1843.57;1828.48
2022.06.22;Wed;1835.23;1847.84;12.61;5.35;2.355;1869.70;-1.348;SKIP_WIDE;-;-;0.00;0.00;0.00;0.00;-;0.000;0.000;0.000;0;0;1845.26;1835.73
2022.06.23;Thu;1835.23;1846.12;10.89;5.35;2.034;1867.12;-1.225;SKIP_WIDE;-;-;0.00;0.00;0.00;0.00;-;0.000;0.000;0.000;0;0;1844.51;1822.45
2022.06.24;Fri;1821.64;1827.21;5.57;5.35;1.040;1864.02;-2.222;SKIP_WIDE;LONG;2022.06.24 17:01;1828.33;1821.64;1838.35;1824.15;FLAT;-0.625;0.444;0.907;0;0;1831.30;1822.26
2022.06.27;Mon;1827.39;1830.72;3.33;5.35;0.622;1861.09;-1.756;SKIP_NARROW;SHORT;2022.06.27 17:01;1825.89;1830.72;1820.73;1822.68;FLAT;0.665;1.041;0.516;1;1;1828.75;1820.72
2022.06.28;Tue;1818.78;1825.01;6.23;5.35;1.163;1857.97;-1.989;SKIP_WIDE;LONG;2022.06.28 17:23;1825.33;1818.78;1837.47;1818.78;SL;-1.000;0.044;1.000;0;0;1825.62;1818.27
2022.06.29;Wed;1815.87;1830.98;15.11;5.47;2.762;1855.37;-2.081;SKIP_WIDE;SHORT;2022.06.29 17:54;1815.35;1830.98;1785.65;1818.49;FLAT;-0.201;0.024;0.282;0;0;1820.34;1814.83
2022.06.30;Thu;1815.80;1823.28;7.48;5.90;1.268;1852.57;-1.922;SKIP_WIDE;SHORT;2022.06.30 17:10;1815.66;1823.28;1800.84;1807.02;FLAT;1.134;1.411;0.100;1;0;1818.06;1804.77
2022.07.01;Fri;1791.15;1798.41;7.26;5.90;1.231;1849.69;-3.003;SKIP_WIDE;LONG;2022.07.01 17:02;1798.61;1791.15;1812.93;1805.34;FLAT;0.902;1.429;0.484;1;1;1809.27;1793.29
2022.07.04;Mon;1807.85;1809.25;1.40;6.40;0.219;1847.25;-2.082;SKIP_NARROW;LONG;2022.07.04 17:22;1809.73;1807.85;1812.05;1807.85;SL;-1.000;0.649;1.005;0;0;1810.95;1805.41
2022.07.05;Tue;1785.35;1795.18;9.83;6.40;1.536;1845.45;-3.214;SKIP_WIDE;SHORT;2022.07.05 17:01;1780.78;1795.18;1765.69;1765.69;TP;1.048;1.049;0.038;1;0;1786.20;1763.78
2022.07.06;Wed;1755.37;1765.39;10.02;6.40;1.566;1842.64;-4.462;SKIP_WIDE;SHORT;2022.07.06 17:03;1755.28;1765.39;1735.33;1735.33;TP;1.973;1.975;0.333;1;0;1760.62;1732.19
2022.07.07;Thu;1741.39;1748.74;7.35;6.58;1.118;1839.69;-5.039;SKIP_WIDE;SHORT;2022.07.07 18:01;1741.16;1748.74;1726.69;1740.87;FLAT;0.038;0.306;0.261;0;0;1749.07;1738.67
2022.07.08;Fri;1736.37;1742.71;6.34;6.92;0.916;1836.61;-5.432;SKIP_TREND;LONG;2022.07.08 17:14;1744.27;1736.37;1755.39;1741.35;FLAT;-0.370;1.025;0.481;1;1;1752.37;1736.64
2022.07.11;Mon;1735.40;1742.62;7.22;6.58;1.098;1833.52;-5.035;SKIP_WIDE;-;-;0.00;0.00;0.00;0.00;-;0.000;0.000;0.000;0;0;1741.62;1731.21
2022.07.12;Tue;1726.06;1732.06;6.00;6.58;0.913;1830.94;-5.535;SKIP_TREND;LONG;2022.07.12 18:12;1732.39;1726.06;1744.06;1726.06;SL;-1.000;0.216;1.000;0;0;1733.76;1724.48
2022.07.13;Wed;1717.25;1728.93;11.68;6.58;1.776;1828.10;-5.737;SKIP_WIDE;LONG;2022.07.13 17:37;1729.60;1717.25;1752.29;1733.00;FLAT;0.275;1.275;0.066;1;0;1745.35;1720.58
2022.07.14;Thu;1697.50;1707.73;10.23;6.90;1.483;1825.19;-6.710;SKIP_WIDE;LONG;2022.07.14 17:43;1708.23;1697.50;1728.19;1708.98;FLAT;0.070;0.586;0.424;0;0;1714.52;1697.93
2022.07.15;Fri;1701.81;1708.36;6.55;7.24;0.905;1821.84;-6.550;SHORT;SHORT;2022.07.15 17:16;1701.22;1708.36;1688.71;1708.36;SL;-1.000;0.289;1.004;0;0;1708.40;1699.02
2022.07.18;Mon;1715.73;1721.24;5.51;7.24;0.761;1818.32;-5.460;SHORT;SHORT;2022.07.18 17:10;1715.21;1721.24;1704.71;1707.56;FLAT;1.269;1.395;0.458;1;0;1719.68;1706.64
2022.07.19;Tue;1710.34;1714.48;4.14;7.24;0.572;1815.42;-5.755;SKIP_NARROW;SHORT;2022.07.19 17:23;1710.29;1714.48;1702.06;1714.48;SL;-1.000;0.117;1.000;0;0;1715.23;1709.66
2022.07.20;Wed;1707.66;1714.47;6.81;7.24;0.941;1812.89;-5.707;SHORT;SHORT;2022.07.20 17:06;1707.05;1714.47;1694.04;1695.82;FLAT;1.513;1.524;0.482;1;0;1710.49;1695.57
2022.07.21;Thu;1697.74;1709.07;11.33;7.01;1.615;1809.77;-5.743;SKIP_WIDE;LONG;2022.07.21 17:46;1709.51;1697.74;1731.73;1719.52;FLAT;0.850;0.886;0.140;0;0;1719.94;1703.64
2022.07.22;Fri;1722.28;1737.46;15.18;7.01;2.164;1807.71;-4.043;SKIP_WIDE;LONG;2022.07.22 17:12;1738.12;1722.28;1767.82;1722.28;SL;-1.000;0.071;1.000;0;0;1739.24;1720.31
2022.07.25;Mon;1719.13;1724.21;5.08;7.24;0.702;1806.03;-4.757;SHORT;SHORT;2022.07.25 17:03;1719.05;1724.21;1708.97;1719.18;FLAT;-0.025;0.824;0.477;0;0;1721.37;1714.65
2022.07.26;Tue;1718.75;1721.92;3.17;7.24;0.438;1803.94;-4.649;SKIP_NARROW;SHORT;2022.07.26 17:04;1718.74;1721.92;1712.41;1717.75;FLAT;0.311;1.343;0.918;1;1;1721.76;1714.33
2022.07.27;Wed;1711.44;1718.87;7.43;7.24;1.026;1801.99;-4.844;SKIP_WIDE;LONG;2022.07.27 18:20;1719.50;1711.44;1733.73;1733.73;TP;1.766;1.766;0.182;1;0;1740.16;1712.83
2022.07.28;Thu;1747.48;1754.77;7.29;7.24;1.007;1800.33;-2.734;SKIP_WIDE;LONG;2022.07.28 17:54;1755.13;1747.48;1769.35;1755.30;FLAT;0.022;0.221;0.633;0;0;1756.82;1747.74
2022.07.29;Fri;1752.78;1758.70;5.92;7.24;0.818;1798.62;-2.485;SKIP_TREND;LONG;2022.07.29 17:37;1759.24;1752.78;1770.54;1761.39;FLAT;0.333;1.226;0.235;1;0;1767.16;1752.02
2022.08.01;Mon;1768.38;1774.78;6.40;7.01;0.912;1797.01;-1.309;SHORT;SHORT;2022.08.01 17:26;1767.78;1774.78;1755.58;1771.02;FLAT;-0.463;0.499;0.823;0;0;1773.52;1764.15
2022.08.02;Tue;1774.52;1782.86;8.34;7.01;1.189;1795.38;-0.833;SKIP_WIDE;LONG;2022.08.02 17:12;1784.46;1774.52;1799.54;1774.52;SL;-1.000;0.164;1.002;0;0;1786.09;1760.40
2022.08.03;Wed;1764.45;1769.71;5.26;7.01;0.750;1793.27;-1.475;SHORT;SHORT;2022.08.03 17:01;1761.18;1769.71;1753.93;1765.29;FLAT;-0.482;0.795;0.607;0;0;1766.82;1754.26
2022.08.04;Thu;1774.22;1784.11;9.89;6.68;1.481;1791.51;-0.448;SKIP_WIDE;LONG;2022.08.04 17:06;1784.96;1774.22;1803.89;1793.53;FLAT;0.798;0.928;0.201;0;0;1794.93;1782.09
2022.08.05;Fri;1769.03;1775.13;6.10;6.68;0.913;1790.33;-0.861;SKIP_TREND;LONG;2022.08.05 17:03;1775.89;1769.03;1787.33;1773.46;FLAT;-0.354;0.485;0.640;0;0;1779.22;1771.50
2022.08.08;Mon;1780.58;1784.81;4.23;6.68;0.633;1788.78;-0.230;SKIP_NARROW;LONG;2022.08.08 17:01;1785.14;1780.58;1793.27;1788.46;FLAT;0.728;1.057;0.491;1;0;1789.96;1782.90
2022.08.09;Tue;1795.73;1800.45;4.72;6.47;0.729;1787.46;0.567;SKIP_TREND;SHORT;2022.08.09 17:06;1794.75;1800.45;1786.29;1794.13;FLAT;0.109;0.796;0.640;0;0;1798.26;1790.07
2022.08.10;Wed;1791.57;1797.76;6.19;6.47;0.956;1786.60;0.503;LONG;LONG;2022.08.10 17:04;1798.39;1791.57;1810.14;1791.57;SL;-1.000;0.600;1.000;0;0;1802.48;1788.08
2022.08.11;Thu;1791.03;1799.22;8.19;6.29;1.301;1785.52;0.644;SKIP_WIDE;SHORT;2022.08.11 18:09;1789.90;1799.22;1774.65;1785.77;FLAT;0.443;0.513;0.230;0;0;1798.06;1784.97
2022.08.12;Fri;1793.71;1798.67;4.96;6.29;0.788;1783.94;0.788;SKIP_TREND;SHORT;2022.08.12 17:04;1793.59;1798.67;1783.79;1798.67;SL;-1.000;0.608;1.000;0;0;1802.11;1790.36
2022.08.15;Mon;1776.04;1781.81;5.77;6.15;0.939;1782.96;-0.288;SHORT;SHORT;2022.08.15 17:28;1776.02;1781.81;1764.50;1781.81;SL;-1.000;0.033;1.003;0;0;1784.09;1775.69
2022.08.16;Tue;1773.78;1777.77;3.99;6.15;0.649;1781.72;-0.338;SKIP_NARROW;LONG;2022.08.16 17:32;1778.01;1773.78;1785.75;1773.78;SL;-1.000;0.137;1.000;0;0;1778.59;1772.75
2022.08.17;Wed;1765.05;1773.31;8.26;6.15;1.344;1780.18;-0.696;SKIP_WIDE;SHORT;2022.08.17 18:06;1764.79;1773.31;1748.53;1764.64;FLAT;0.018;0.577;0.656;0;0;1770.24;1759.73
2022.08.18;Thu;1764.57;1769.91;5.34;6.15;0.869;1778.35;-0.711;SHORT;SHORT;2022.08.18 17:06;1764.49;1769.91;1753.89;1759.75;FLAT;0.875;1.681;0.378;1;0;1766.56;1755.24
2022.08.19;Fri;1750.67;1757.31;6.64;6.01;1.105;1776.57;-1.408;SKIP_WIDE;SHORT;2022.08.19 17:01;1750.65;1757.31;1737.39;1746.63;FLAT;0.604;0.752;0.291;0;0;1752.45;1745.50
2022.08.22;Mon;1734.84;1738.52;3.68;6.01;0.612;1774.08;-2.024;SKIP_NARROW;SHORT;2022.08.22 18:27;1734.79;1738.52;1727.48;1735.01;FLAT;-0.059;0.249;0.834;0;0;1738.04;1733.72
2022.08.23;Tue;1737.77;1748.99;11.22;6.01;1.867;1772.42;-1.431;SKIP_WIDE;LONG;2022.08.23 17:01;1749.23;1737.77;1771.43;1747.19;FLAT;-0.178;0.421;0.296;0;0;1754.06;1745.84
2022.08.24;Wed;1742.94;1746.93;3.99;6.15;0.649;1771.21;-1.431;SKIP_NARROW;LONG;2022.08.24 17:15;1747.14;1742.94;1754.91;1754.91;TP;1.850;1.850;0.095;1;0;1755.84;1743.81
2022.08.25;Thu;1753.27;1760.00;6.73;6.01;1.120;1769.57;-0.918;SKIP_WIDE;SHORT;2022.08.25 17:06;1752.83;1760.00;1739.81;1760.00;SL;-1.000;0.067;1.000;0;0;1759.88;1752.21
2022.08.26;Fri;1750.30;1753.86;3.56;6.01;0.592;1767.59;-0.940;SKIP_NARROW;SHORT;2022.08.26 17:01;1748.53;1753.86;1743.18;1743.18;TP;1.004;1.004;0.068;1;0;1756.24;1734.10
2022.08.29;Mon;1736.82;1741.94;5.12;5.94;0.863;1765.55;-1.416;SKIP_TREND;LONG;2022.08.29 17:02;1742.11;1736.82;1752.18;1736.82;SL;-1.000;0.628;1.002;0;0;1745.43;1735.85
2022.08.30;Tue;1729.16;1732.71;3.55;5.56;0.639;1763.54;-1.772;SKIP_NARROW;SHORT;2022.08.30 17:06;1729.04;1732.71;1722.06;1722.06;TP;1.902;1.902;0.420;1;0;1732.28;1721.14
2022.08.31;Wed;1710.25;1718.24;7.99;5.30;1.508;1761.36;-2.571;SKIP_WIDE;LONG;2022.08.31 17:24;1718.42;1710.25;1734.22;1710.25;SL;-1.000;0.621;1.005;0;0;1723.49;1709.72
2022.09.01;Thu;1694.60;1700.03;5.43;5.56;0.977;1758.83;-3.403;SHORT;SHORT;2022.09.01 17:03;1693.96;1700.03;1683.74;1694.78;FLAT;-0.135;0.837;0.954;0;0;1699.61;1688.74
2022.09.02;Fri;1708.35;1713.04;4.69;5.39;0.871;1756.33;-2.515;SKIP_TREND;LONG;2022.09.02 17:16;1713.48;1708.35;1722.42;1709.52;FLAT;-0.772;0.871;0.918;0;0;1717.95;1708.77
2022.09.05;Mon;1711.04;1712.24;1.20;5.23;0.229;1754.04;-2.412;SKIP_NARROW;SHORT;2022.09.05 17:01;1710.98;1712.24;1708.64;1712.24;SL;-1.000;0.357;1.000;0;0;1712.62;1709.49
2022.09.06;Tue;1707.57;1711.77;4.20;5.23;0.803;1751.78;-2.461;SHORT;SHORT;2022.09.06 17:01;1705.40;1711.77;1699.17;1700.24;FLAT;0.810;0.860;0.662;0;0;1709.48;1699.78
2022.09.07;Wed;1696.97;1704.26;7.29;5.23;1.394;1749.42;-2.600;SKIP_WIDE;LONG;2022.09.07 17:18;1704.91;1696.97;1718.84;1718.84;TP;1.754;1.754;0.087;1;0;1719.16;1702.10
2022.09.08;Thu;1711.01;1716.14;5.13;5.23;0.981;1747.44;-2.058;SHORT;SHORT;2022.09.08 17:01;1710.27;1716.14;1700.75;1706.95;FLAT;0.566;1.061;0.254;1;1;1711.62;1703.90
2022.09.09;Fri;1711.33;1716.72;5.39;5.13;1.052;1745.46;-1.839;SKIP_WIDE;LONG;2022.09.09 17:07;1716.92;1711.33;1727.50;1715.65;FLAT;-0.227;0.603;0.764;0;0;1720.29;1712.25
2022.09.12;Mon;1723.67;1729.05;5.38;5.24;1.028;1743.62;-1.023;SKIP_WIDE;LONG;2022.09.12 17:25;1729.86;1723.67;1739.81;1724.40;FLAT;-0.882;0.843;0.992;0;0;1735.08;1723.72
2022.09.13;Tue;1701.06;1709.56;8.50;5.24;1.624;1741.96;-2.031;SKIP_WIDE;-;-;0.00;0.00;0.00;0.00;-;0.000;0.000;0.000;0;0;1708.54;1700.55
2022.09.14;Wed;1702.96;1706.10;3.14;5.36;0.586;1740.71;-2.134;SKIP_NARROW;SHORT;2022.09.14 17:01;1702.86;1706.10;1696.68;1706.10;SL;-1.000;0.265;1.000;0;0;1706.73;1693.58
2022.09.15;Thu;1680.37;1690.13;9.76;5.24;1.864;1739.88;-2.862;SKIP_WIDE;SHORT;2022.09.15 17:48;1680.06;1690.13;1660.85;1660.85;TP;1.908;1.910;0.054;1;0;1690.82;1660.29
2022.09.16;Fri;1657.12;1665.48;8.36;5.25;1.591;1738.37;-4.224;SKIP_WIDE;LONG;2022.09.16 17:03;1666.81;1657.12;1682.20;1673.14;FLAT;0.653;1.395;0.131;1;0;1680.33;1664.84
2022.09.19;Mon;1662.23;1668.13;5.90;5.25;1.123;1737.02;-4.167;SKIP_WIDE;LONG;2022.09.19 17:36;1669.63;1662.23;1679.93;1674.41;FLAT;0.646;0.762;0.159;0;0;1675.27;1663.43
2022.09.20;Tue;1659.92;1666.07;6.15;5.38;1.142;1735.86;-4.073;SKIP_WIDE;LONG;2022.09.20 18:09;1666.49;1659.92;1678.37;1665.09;FLAT;-0.213;0.049;0.755;0;0;1666.81;1660.67
2022.09.21;Wed;1671.45;1674.72;3.27;5.38;0.607;1734.63;-3.612;SKIP_NARROW;SHORT;2022.09.21 17:07;1671.33;1674.72;1664.91;1664.91;TP;1.894;1.903;0.466;1;0;1687.96;1653.76
2022.09.22;Thu;1671.90;1680.18;8.28;5.38;1.538;1733.40;-3.465;SKIP_WIDE;SHORT;2022.09.22 17:01;1671.19;1680.18;1655.34;1671.95;FLAT;-0.085;0.349;0.772;0;0;1677.99;1667.91
2022.09.23;Fri;1643.28;1653.17;9.89;5.38;1.837;1732.62;-5.059;SKIP_WIDE;SHORT;2022.09.23 17:21;1643.10;1653.17;1623.50;1643.18;FLAT;-0.008;0.338;0.603;0;0;1649.03;1639.56
2022.09.26;Mon;1642.58;1647.66;5.08;5.41;0.939;1731.35;-4.920;SKIP_TREND;LONG;2022.09.26 17:24;1647.80;1642.58;1657.82;1642.58;SL;-1.000;0.057;1.000;0;0;1648.27;1621.75
2022.09.27;Tue;1634.66;1639.93;5.27;5.41;0.974;1729.62;-5.236;SHORT;SHORT;2022.09.27 17:03;1634.32;1639.93;1624.12;1627.46;FLAT;1.223;1.346;0.670;1;0;1639.00;1626.63
2022.09.28;Wed;1642.08;1652.50;10.42;5.41;1.926;1727.97;-4.558;SKIP_WIDE;LONG;2022.09.28 17:01;1652.74;1642.08;1673.34;1660.49;FLAT;0.727;0.932;0.569;0;0;1662.68;1646.67
2022.09.29;Thu;1650.38;1658.09;7.71;5.41;1.425;1727.23;-4.286;SKIP_WIDE;SHORT;2022.09.29 17:17;1649.08;1658.09;1634.96;1658.09;SL;-1.000;0.499;1.003;0;0;1664.83;1644.44
2022.09.30;Fri;1663.52;1670.95;7.43;5.65;1.316;1726.07;-3.246;SKIP_WIDE;LONG;2022.09.30 17:01;1671.43;1663.52;1685.81;1663.52;SL;-1.000;0.494;1.001;0;0;1675.34;1660.06
2022.10.03;Mon;1666.52;1671.46;4.94;6.02;0.820;1724.74;-3.257;SKIP_TREND;LONG;2022.10.03 17:01;1673.59;1666.52;1681.34;1681.34;TP;1.096;1.102;0.494;1;0;1701.39;1668.57
2022.10.04;Tue;1706.26;1711.04;4.78;6.02;0.793;1724.34;-0.838;SKIP_TREND;LONG;2022.10.04 17:01;1713.55;1706.26;1720.60;1720.60;TP;0.967;0.970;0.285;0;0;1729.41;1709.95
2022.10.05;Wed;1705.55;1711.77;6.22;6.02;1.032;1724.52;-0.948;SKIP_WIDE;SHORT;2022.10.05 17:01;1703.23;1711.77;1693.11;1711.77;SL;-1.000;0.313;1.002;0;0;1718.61;1700.42
2022.10.06;Thu;1710.21;1717.16;6.95;6.02;1.154;1724.17;-0.595;SKIP_WIDE;SHORT;2022.10.06 17:19;1710.07;1717.16;1696.31;1714.50;FLAT;-0.625;0.433;0.735;0;0;1715.09;1706.86
2022.10.07;Fri;1697.03;1703.41;6.38;6.18;1.032;1723.30;-1.473;SKIP_WIDE;SHORT;2022.10.07 17:01;1696.61;1703.41;1684.27;1703.41;SL;-1.000;0.391;1.000;0;0;1707.21;1693.18
2022.10.10;Mon;1672.07;1677.25;5.18;6.30;0.822;1721.88;-2.614;SKIP_TREND;LONG;2022.10.10 17:03;1677.60;1672.07;1687.61;1672.07;SL;-1.000;0.181;1.004;0;0;1678.60;1665.66
2022.10.11;Tue;1666.67;1672.60;5.93;6.30;0.941;1719.80;-3.072;SHORT;SHORT;2022.10.11 17:01;1665.65;1672.60;1654.81;1672.60;SL;-1.000;0.309;1.001;0;0;1683.85;1663.36
2022.10.12;Wed;1667.14;1673.19;6.05;6.18;0.978;1717.90;-2.745;NO_BREAKOUT;-;-;0.00;0.00;0.00;0.00;-;0.000;0.000;0.000;0;0;1678.29;1667.66
2022.10.13;Thu;1642.32;1650.49;8.17;6.18;1.321;1716.05;-3.942;SKIP_WIDE;LONG;2022.10.13 17:06;1651.02;1642.32;1666.83;1666.83;TP;1.817;1.818;0.666;1;0;1672.44;1645.23
2022.10.14;Fri;1649.44;1656.18;6.74;6.18;1.090;1713.55;-3.699;SKIP_WIDE;SHORT;2022.10.14 17:01;1647.75;1656.18;1635.96;1643.08;FLAT;0.554;0.888;0.600;0;0;1652.67;1640.12
2022.10.17;Mon;1664.06;1668.36;4.30;6.18;0.695;1710.92;-2.683;SKIP_NARROW;SHORT;2022.10.17 17:06;1663.96;1668.36;1655.46;1655.46;TP;1.932;1.932;0.175;1;0;1665.25;1646.66
2022.10.18;Tue;1651.56;1656.53;4.97;6.18;0.804;1708.15;-3.291;SHORT;SHORT;2022.10.18 17:18;1651.39;1656.53;1641.62;1651.53;FLAT;-0.027;1.068;0.395;1;1;1654.40;1645.76
2022.10.19;Wed;1631.32;1637.44;6.12;6.13;0.998;1705.31;-4.211;NO_BREAKOUT;-;-;0.00;0.00;0.00;0.00;-;0.000;0.000;0.000;0;0;1637.65;1627.62
2022.10.20;Thu;1630.38;1634.59;4.21;6.17;0.682;1702.04;-4.078;SKIP_NARROW;LONG;2022.10.20 17:01;1634.92;1630.38;1643.01;1643.01;TP;1.782;1.786;0.079;1;0;1645.57;1624.74
2022.10.21;Fri;1630.27;1643.02;12.75;6.09;2.095;1698.82;-3.305;SKIP_WIDE;LONG;2022.10.21 17:10;1643.63;1630.27;1668.52;1655.17;FLAT;0.864;1.005;0.693;1;0;1657.06;1634.37
2022.10.24;Mon;1644.66;1654.46;9.80;6.09;1.611;1695.93;-2.627;SKIP_WIDE;-;-;0.00;0.00;0.00;0.00;-;0.000;0.000;0.000;0;0;1652.67;1643.90
2022.10.25;Tue;1652.51;1660.38;7.87;6.17;1.276;1693.33;-2.009;SKIP_WIDE;-;-;0.00;0.00;0.00;0.00;-;0.000;0.000;0.000;0;0;1662.35;1652.08
2022.10.26;Wed;1662.22;1667.25;5.03;6.30;0.798;1690.88;-1.582;SKIP_TREND;LONG;2022.10.26 17:01;1668.08;1662.22;1677.31;1664.75;FLAT;-0.568;0.770;0.768;0;0;1672.59;1663.58
2022.10.27;Thu;1656.59;1662.76;6.17;6.17;1.000;1688.94;-1.819;SKIP_TREND;LONG;2022.10.27 17:13;1664.00;1656.59;1675.10;1662.30;FLAT;-0.229;0.229;0.981;0;0;1665.70;1656.73
2022.10.28;Fri;1642.26;1648.73;6.47;6.15;1.053;1687.04;-2.395;SKIP_WIDE;SHORT;2022.10.28 17:22;1642.11;1648.73;1629.32;1645.21;FLAT;-0.468;0.606;0.486;0;0;1649.16;1637.96
2022.10.31;Mon;1633.40;1638.84;5.44;6.15;0.885;1684.98;-2.830;SKIP_TREND;LONG;2022.10.31 17:13;1639.10;1633.40;1649.72;1633.40;SL;-1.000;0.519;1.004;0;0;1642.06;1631.72
2022.11.01;Tue;1649.82;1654.05;4.23;6.15;0.688;1682.93;-1.938;SKIP_NARROW;SHORT;2022.11.01 17:01;1646.42;1654.05;1641.36;1648.29;FLAT;-0.245;0.552;0.630;0;0;1651.09;1642.07
2022.11.02;Wed;1652.52;1656.42;3.90;6.15;0.635;1680.93;-1.638;SKIP_NARROW;SHORT;2022.11.02 17:02;1652.45;1656.42;1644.72;1656.42;SL;-1.000;1.683;1.010;1;1;1669.45;1635.67
2022.11.03;Thu;1617.45;1623.56;6.11;6.09;1.004;1678.60;-3.535;SKIP_WIDE;LONG;2022.11.03 17:05;1624.26;1617.45;1635.78;1630.92;FLAT;0.978;1.182;0.601;1;0;1632.31;1618.86
2022.11.04;Fri;1661.43;1667.85;6.42;6.08;1.056;1676.02;-0.513;SKIP_WIDE;LONG;2022.11.04 17:03;1668.08;1661.43;1680.69;1680.69;TP;1.896;1.905;0.176;1;1;1681.62;1666.22
2022.11.07;Mon;1677.29;1681.84;4.55;6.08;0.748;1674.88;0.291;SKIP_TREND;SHORT;2022.11.07 17:21;1676.40;1681.84;1668.19;1674.51;FLAT;0.347;0.439;0.717;0;0;1680.16;1673.87
2022.11.08;Tue;1675.46;1680.25;4.79;6.08;0.788;1673.64;0.332;LONG;LONG;2022.11.08 17:09;1684.68;1675.46;1689.83;1689.83;TP;0.559;0.560;0.010;0;0;1716.83;1678.72
2022.11.09;Wed;1709.78;1716.35;6.57;6.08;1.081;1673.40;2.289;SKIP_WIDE;LONG;2022.11.09 17:10;1721.53;1709.78;1729.49;1709.78;SL;-1.000;0.060;1.001;0;0;1722.23;1702.16
2022.11.10;Thu;1736.65;1745.10;8.45;6.12;1.382;1673.32;4.218;SKIP_WIDE;LONG;2022.11.10 17:08;1746.48;1736.65;1762.00;1755.51;FLAT;0.919;0.970;0.303;0;0;1756.02;1743.50
2022.11.11;Fri;1755.52;1761.85;6.33;6.12;1.035;1674.48;5.163;SKIP_WIDE;LONG;2022.11.11 17:01;1762.29;1755.52;1774.51;1767.73;FLAT;0.804;0.852;0.560;0;0;1768.06;1758.13
2022.11.14;Mon;1763.51;1770.30;6.79;6.12;1.110;1675.65;5.572;SKIP_WIDE;LONG;2022.11.14 17:08;1770.82;1763.51;1783.88;1772.08;FLAT;0.172;0.579;0.588;0;0;1775.05;1766.52
2022.11.15;Tue;1768.21;1776.60;8.39;6.15;1.365;1676.87;5.675;SKIP_WIDE;-;-;0.00;0.00;0.00;0.00;-;0.000;0.000;0.000;0;0;1785.68;1768.02
2022.11.16;Wed;1773.04;1779.03;5.99;6.25;0.958;1678.41;5.766;LONG;LONG;2022.11.16 17:48;1779.25;1773.04;1791.01;1773.04;SL;-1.000;0.124;1.010;0;0;1780.02;1770.89
2022.11.17;Thu;1758.40;1761.18;2.78;6.25;0.445;1679.52;4.778;SKIP_NARROW;LONG;2022.11.17 17:20;1762.00;1758.40;1766.74;1758.40;SL;-1.000;0.258;1.006;0;0;1762.93;1755.41
2022.11.18;Fri;1749.86;1757.14;7.28;6.25;1.165;1680.55;4.341;SKIP_WIDE;LONG;2022.11.18 17:54;1757.92;1749.86;1771.70;1749.86;SL;-1.000;0.083;1.000;0;0;1758.59;1747.48
2022.11.21;Mon;1739.90;1745.65;5.75;6.25;0.920;1681.23;3.573;SKIP_TREND;SHORT;2022.11.21 17:04;1739.67;1745.65;1728.40;1739.19;FLAT;0.080;1.171;0.054;1;1;1741.99;1732.48
2022.11.22;Tue;1742.20;1746.61;4.41;6.14;0.718;1681.49;3.646;SKIP_TREND;SHORT;2022.11.22 17:41;1742.11;1746.61;1733.38;1740.41;FLAT;0.378;1.098;0.191;1;0;1744.62;1737.00
2022.11.23;Wed;1735.77;1747.61;11.84;6.05;1.957;1682.24;3.583;SKIP_WIDE;-;-;0.00;0.00;0.00;0.00;-;0.000;0.000;0.000;0;0;1753.28;1738.56
2022.11.24;Thu;1755.47;1756.78;1.31;6.14;0.213;1683.29;4.321;SKIP_NARROW;SHORT;2022.11.24 17:03;1755.41;1756.78;1752.85;1756.78;SL;-1.000;0.000;1.000;0;0;1758.44;1753.77
2022.11.25;Fri;1748.39;1752.61;4.22;6.05;0.698;1685.10;3.955;SKIP_NARROW;-;-;0.00;0.00;0.00;0.00;-;0.000;0.000;0.000;0;0;1756.31;1749.24
2022.11.28;Mon;1745.07;1751.77;6.70;5.87;1.141;1686.68;3.660;SKIP_WIDE;SHORT;2022.11.28 17:54;1744.62;1751.77;1731.67;1740.16;FLAT;0.624;0.677;0.331;0;0;1750.16;1739.56
2022.11.29;Tue;1746.85;1753.07;6.22;6.05;1.028;1688.00;3.794;SKIP_WIDE;LONG;2022.11.29 17:10;1753.63;1746.85;1765.51;1748.64;FLAT;-0.736;0.653;0.855;0;0;1758.06;1747.83
2022.11.30;Wed;1754.75;1763.14;8.39;6.16;1.361;1689.70;3.976;SKIP_WIDE;SHORT;2022.11.30 17:02;1753.42;1763.14;1737.97;1763.14;SL;-1.000;0.865;1.003;0;0;1769.98;1744.84
2022.12.01;Thu;1795.75;1803.46;7.71;6.27;1.229;1691.60;6.502;SKIP_WIDE;SHORT;2022.12.01 17:31;1795.57;1803.46;1780.33;1803.46;SL;-1.000;0.166;1.000;0;0;1804.03;1794.12
2022.12.02;Fri;1781.96;1786.97;5.01;6.37;0.786;1694.24;5.397;SKIP_TREND;SHORT;2022.12.02 17:31;1781.49;1786.97;1771.94;1786.97;SL;-1.000;0.033;1.002;0;0;1799.48;1780.88
2022.12.05;Mon;1783.78;1791.48;7.70;6.27;1.227;1697.32;5.094;SKIP_WIDE;SHORT;2022.12.05 17:01;1779.92;1791.48;1768.38;1768.38;TP;0.998;1.003;0.032;1;0;1783.92;1765.79
2022.12.06;Tue;1773.96;1778.71;4.75;6.45;0.736;1700.25;4.337;SKIP_TREND;SHORT;2022.12.06 17:01;1773.77;1778.71;1764.46;1771.74;FLAT;0.411;1.281;0.545;1;0;1776.29;1767.29
2022.12.07;Wed;1777.96;1787.53;9.57;6.45;1.484;1703.09;4.702;SKIP_WIDE;SHORT;2022.12.07 18:04;1777.78;1787.53;1758.82;1787.53;SL;-1.000;0.131;1.000;0;0;1790.50;1776.30
2022.12.08;Thu;1784.47;1792.62;8.15;6.51;1.251;1705.62;5.091;SKIP_WIDE;LONG;2022.12.08 17:25;1792.70;1784.47;1808.92;1788.53;FLAT;-0.507;0.258;0.744;0;0;1794.82;1786.58
2022.12.09;Fri;1795.50;1799.20;3.70;6.51;0.568;1708.19;5.263;SKIP_NARROW;SHORT;2022.12.09 17:09;1795.45;1799.20;1788.10;1799.20;SL;-1.000;1.368;1.013;1;1;1806.08;1790.16
2022.12.12;Mon;1785.12;1789.89;4.77;6.46;0.738;1710.92;4.514;SKIP_TREND;SHORT;2022.12.12 17:38;1784.69;1789.89;1775.58;1780.44;FLAT;0.817;1.337;0.381;1;0;1790.17;1777.56
2022.12.13;Tue;1815.01;1824.51;9.50;6.11;1.556;1712.56;6.383;SKIP_WIDE;SHORT;2022.12.13 17:30;1814.46;1824.51;1796.01;1810.54;FLAT;0.390;0.897;0.156;0;0;1824.39;1805.27
2022.12.14;Wed;1808.18;1812.13;3.95;6.11;0.647;1714.26;5.606;SKIP_NARROW;LONG;2022.12.14 17:50;1812.46;1808.18;1820.03;1808.18;SL;-1.000;0.121;1.002;0;0;1814.12;1794.90
2022.12.15;Thu;1779.98;1786.04;6.06;5.99;1.013;1716.08;3.898;SKIP_WIDE;SHORT;2022.12.15 17:23;1779.64;1786.04;1767.86;1777.11;FLAT;0.395;0.834;0.081;0;0;1785.20;1774.10
2022.12.16;Fri;1782.17;1793.69;11.52;6.14;1.876;1717.36;4.349;SKIP_WIDE;-;-;0.00;0.00;0.00;0.00;-;0.000;0.000;0.000;0;0;1794.22;1786.09
2022.12.19;Mon;1788.85;1792.42;3.57;6.14;0.581;1719.33;4.251;SKIP_NARROW;LONG;2022.12.19 17:18;1792.88;1788.85;1799.56;1788.85;SL;-1.000;0.754;1.020;0;0;1795.92;1783.74
2022.12.20;Tue;1805.66;1813.37;7.71;6.14;1.256;1721.72;5.268;SKIP_WIDE;LONG;2022.12.20 17:01;1814.10;1805.66;1828.79;1817.49;FLAT;0.402;0.833;0.130;0;0;1821.13;1812.42
2022.12.21;Wed;1816.13;1819.88;3.75;6.46;0.580;1724.75;5.448;SKIP_NARROW;LONG;2022.12.21 17:07;1820.15;1816.13;1827.38;1816.13;SL;-1.000;0.903;1.017;0;0;1823.78;1812.80
2022.12.22;Thu;1798.86;1803.26;4.40;6.14;0.717;1727.58;4.334;SKIP_TREND;SHORT;2022.12.22 17:10;1797.38;1803.26;1790.06;1790.06;TP;1.245;1.247;0.219;1;0;1802.55;1784.76
2022.12.23;Fri;1791.12;1794.81;3.69;6.14;0.601;1730.11;3.689;SKIP_NARROW;LONG;2022.12.23 17:11;1795.38;1791.12;1802.19;1802.19;TP;1.599;1.627;0.103;1;0;1803.26;1792.02
2022.12.27;Tue;1803.24;1810.26;7.02;6.14;1.143;1733.19;4.320;SKIP_WIDE;LONG;2022.12.27 17:05;1812.44;1803.24;1824.30;1824.30;TP;1.289;1.335;0.096;1;0;1833.24;1807.94
2022.12.28;Wed;1804.42;1809.45;5.03;6.14;0.819;1736.46;3.978;SKIP_TREND;SHORT;2022.12.28 17:01;1803.47;1809.45;1794.36;1804.53;FLAT;-0.177;1.054;0.985;1;1;1809.22;1797.00
2022.12.29;Thu;1811.19;1816.71;5.52;5.54;0.995;1739.50;4.277;LONG;LONG;2022.12.29 17:09;1817.72;1811.19;1827.75;1814.53;FLAT;-0.489;0.366;0.890;0;0;1820.11;1811.91
2022.12.30;Fri;1817.90;1822.93;5.03;5.27;0.954;1743.22;4.345;SKIP_TREND;SHORT;2022.12.30 17:01;1817.81;1822.93;1807.84;1822.93;SL;-1.000;0.658;1.010;0;0;1826.08;1814.28
2023.01.03;Tue;1839.41;1849.83;10.42;5.03;2.072;1747.13;5.598;SKIP_WIDE;SHORT;2023.01.03 17:13;1838.98;1849.83;1818.57;1838.15;FLAT;0.076;1.041;0.125;1;1;1845.43;1827.50
2023.01.04;Wed;1855.34;1859.76;4.42;5.27;0.838;1750.76;6.067;SKIP_TREND;SHORT;2023.01.04 17:05;1854.32;1859.76;1846.50;1859.76;SL;-1.000;0.950;1.002;0;0;1860.42;1847.03
2023.01.05;Thu;1833.34;1837.83;4.49;5.03;0.893;1754.87;4.532;SKIP_TREND;SHORT;2023.01.05 17:05;1832.91;1837.83;1824.36;1833.27;FLAT;-0.073;1.573;0.953;1;1;1837.44;1825.04
2023.01.06;Fri;1840.63;1848.92;8.29;5.03;1.648;1758.46;4.840;SKIP_WIDE;LONG;2023.01.06 17:02;1850.05;1840.63;1865.50;1865.50;TP;1.640;1.685;0.010;1;0;1869.83;1845.49
2023.01.09;Mon;1873.84;1881.46;7.62;5.03;1.515;1762.49;6.499;SKIP_WIDE;SHORT;2023.01.09 17:37;1873.45;1881.46;1858.60;1871.39;FLAT;0.257;0.537;0.648;0;0;1879.31;1868.98
2023.01.10;Tue;1874.78;1880.05;5.27;5.03;1.048;1766.66;6.315;SKIP_WIDE;LONG;2023.01.10 17:13;1880.31;1874.78;1890.59;1874.78;SL;-1.000;0.069;1.002;0;0;1880.69;1871.14
2023.01.11;Wed;1870.55;1879.05;8.50;5.15;1.650;1771.30;5.668;SKIP_WIDE;SHORT;2023.01.11 17:38;1869.88;1879.05;1853.55;1876.66;FLAT;-0.739;0.286;0.956;0;0;1878.46;1867.06
2023.01.12;Thu;1879.80;1894.62;14.82;5.39;2.747;1776.15;5.984;SKIP_WIDE;-;-;0.00;0.00;0.00;0.00;-;0.000;0.000;0.000;0;0;1899.56;1880.37
2023.01.13;Fri;1901.33;1912.34;11.01;5.39;2.041;1781.14;7.330;SKIP_WIDE;LONG;2023.01.13 17:31;1912.85;1901.33;1934.36;1920.71;FLAT;0.682;0.782;0.298;0;0;1921.86;1906.72
2023.01.16;Mon;1913.16;1915.94;2.78;5.79;0.480;1786.84;7.189;SKIP_NARROW;LONG;2023.01.16 17:01;1916.64;1913.16;1921.50;1913.16;SL;-1.000;0.124;1.000;0;0;1917.07;1912.77
2023.01.17;Tue;1911.46;1916.02;4.56;5.39;0.845;1792.56;6.746;SKIP_TREND;SHORT;2023.01.17 17:20;1910.35;1916.02;1902.34;1909.26;FLAT;0.192;1.143;0.549;1;1;1915.73;1903.70
2023.01.18;Wed;1918.68;1925.87;7.19;5.15;1.396;1797.11;6.910;SKIP_WIDE;SHORT;2023.01.18 17:05;1917.93;1925.87;1904.30;1904.30;TP;1.717;1.723;0.251;1;0;1922.06;1901.53
2023.01.19;Thu;1914.53;1918.07;3.54;5.39;0.656;1801.69;6.428;SKIP_NARROW;LONG;2023.01.19 17:03;1919.31;1914.53;1925.15;1925.15;TP;1.222;1.243;0.456;1;0;1935.23;1915.74
2023.01.20;Fri;1920.64;1926.38;5.74;5.15;1.115;1806.09;6.584;SKIP_WIDE;LONG;2023.01.20 17:09;1926.74;1920.64;1937.86;1927.13;FLAT;0.064;0.695;0.652;0;0;1930.98;1922.76
2023.01.23;Mon;1913.28;1920.49;7.21;5.39;1.336;1810.47;5.863;SKIP_WIDE;SHORT;2023.01.23 17:08;1913.07;1920.49;1898.86;1920.49;SL;-1.000;0.206;1.020;0;0;1931.74;1911.34
2023.01.24;Tue;1921.24;1930.77;9.53;5.63;1.693;1813.98;5.917;SKIP_WIDE;SHORT;2023.01.24 17:01;1921.05;1930.77;1902.18;1930.77;SL;-1.000;0.385;1.000;0;0;1938.24;1917.11
2023.01.25;Wed;1927.44;1932.87;5.43;6.38;0.851;1817.31;6.237;LONG;LONG;2023.01.25 17:06;1935.62;1927.44;1943.73;1943.73;TP;0.991;0.994;0.831;0;0;1948.04;1928.82
2023.01.26;Thu;1929.47;1938.12;8.65;5.63;1.536;1820.80;6.143;SKIP_WIDE;SHORT;2023.01.26 17:37;1928.69;1938.12;1912.17;1929.76;FLAT;-0.113;1.049;0.487;1;1;1934.95;1918.53
2023.01.27;Fri;1921.70;1927.73;6.03;6.46;0.933;1823.81;5.467;LONG;LONG;2023.01.27 17:08;1928.85;1921.70;1939.79;1921.70;SL;-1.000;0.028;1.011;0;0;1932.13;1916.68
2023.01.30;Mon;1924.44;1928.89;4.45;6.61;0.673;1826.90;5.381;SKIP_NARROW;SHORT;2023.01.30 17:01;1924.36;1928.89;1915.54;1928.89;SL;-1.000;0.044;1.004;0;0;1929.19;1920.78
2023.01.31;Tue;1919.68;1926.41;6.73;6.61;1.018;1830.16;5.164;SKIP_WIDE;LONG;2023.01.31 17:02;1926.83;1919.68;1939.87;1928.44;FLAT;0.225;0.597;0.887;0;0;1931.10;1920.49
2023.02.01;Wed;1926.53;1932.49;5.96;6.38;0.934;1833.71;5.126;SKIP_TREND;SHORT;2023.02.01 17:02;1925.55;1932.49;1914.61;1932.49;SL;-1.000;0.693;1.001;0;0;1953.44;1920.47
2023.02.02;Thu;1921.09;1946.96;25.87;6.38;4.055;1837.96;4.539;SKIP_WIDE;SHORT;2023.02.02 17:09;1919.80;1946.96;1869.35;1912.93;FLAT;0.253;0.308;0.292;0;0;1927.52;1911.27
2023.02.03;Fri;1878.25;1886.08;7.83;6.96;1.125;1841.42;2.233;SKIP_WIDE;SHORT;2023.02.03 17:01;1876.57;1886.08;1862.59;1862.59;TP;1.470;1.470;0.388;1;0;1882.50;1861.33
2023.02.06;Mon;1870.07;1875.73;5.66;6.96;0.813;1843.75;1.633;SKIP_TREND;SHORT;2023.02.06 17:14;1869.49;1875.73;1858.75;1868.65;FLAT;0.135;1.021;0.313;1;1;1873.91;1862.98
2023.02.07;Tue;1867.56;1872.04;4.48;6.38;0.702;1845.99;1.346;SKIP_TREND;SHORT;2023.02.07 17:17;1866.98;1872.04;1858.60;1872.04;SL;-1.000;0.000;1.000;0;0;1884.27;1864.93
2023.02.08;Wed;1869.03;1881.36;12.33;6.38;1.933;1848.36;1.357;SKIP_WIDE;-;-;0.00;0.00;0.00;0.00;-;0.000;0.000;0.000;0;0;1879.84;1869.88
2023.02.09;Thu;1878.83;1887.27;8.44;6.38;1.323;1851.05;1.528;SKIP_WIDE;SHORT;2023.02.09 17:19;1878.11;1887.27;1861.95;1861.95;TP;1.764;1.856;0.160;1;0;1881.77;1858.93
2023.02.10;Fri;1860.15;1867.71;7.56;6.38;1.185;1853.28;0.447;SKIP_WIDE;SHORT;2023.02.10 17:04;1859.64;1867.71;1845.03;1864.43;FLAT;-0.594;0.383;0.900;0;0;1866.75;1856.36
2023.02.13;Mon;1853.22;1859.30;6.08;6.38;0.953;1855.22;0.083;SHORT;SHORT;2023.02.13 18:05;1852.95;1859.30;1841.06;1854.41;FLAT;-0.230;0.372;0.465;0;0;1858.38;1850.43
2023.02.14;Tue;1843.21;1857.47;14.26;6.40;2.226;1856.23;0.003;SKIP_WIDE;LONG;2023.02.14 17:04;1860.28;1843.21;1885.99;1855.90;FLAT;-0.257;0.315;0.963;0;0;1865.66;1843.84
2023.02.15;Wed;1833.41;1838.65;5.24;6.96;0.753;1857.35;-1.289;SHORT;SHORT;2023.02.15 17:02;1832.84;1838.65;1822.93;1837.66;FLAT;-0.830;0.404;0.955;0;0;1838.22;1830.49
2023.02.16;Thu;1827.81;1833.41;5.60;6.40;0.874;1858.70;-1.610;SKIP_TREND;LONG;2023.02.16 17:32;1833.69;1827.81;1844.61;1844.61;TP;1.857;1.859;0.274;1;0;1845.32;1827.55
2023.02.17;Fri;1822.90;1828.18;5.28;6.40;0.824;1860.00;-1.803;SKIP_TREND;LONG;2023.02.17 17:01;1828.73;1822.90;1838.74;1838.74;TP;1.717;1.729;0.069;1;0;1843.58;1826.45
2023.02.20;Mon;1844.49;1846.99;2.50;6.40;0.390;1861.12;-0.788;SKIP_NARROW;SHORT;2023.02.20 17:20;1843.83;1846.99;1839.49;1842.01;FLAT;0.576;0.994;0.158;0;0;1846.53;1840.54
2023.02.21;Tue;1834.09;1843.80;9.71;6.05;1.604;1862.16;-1.460;SKIP_WIDE;-;-;0.00;0.00;0.00;0.00;-;0.000;0.000;0.000;0;0;1842.22;1831.73
2023.02.22;Wed;1834.36;1838.18;3.82;6.05;0.631;1862.91;-1.452;SKIP_NARROW;SHORT;2023.02.22 17:08;1834.26;1838.18;1826.72;1838.18;SL;-1.000;0.699;1.000;0;0;1838.32;1823.48
2023.02.23;Thu;1822.68;1829.58;6.90;6.05;1.140;1863.79;-1.917;SKIP_WIDE;SHORT;2023.02.23 17:33;1822.24;1829.58;1808.88;1823.62;FLAT;-0.188;0.496;0.311;0;0;1828.31;1818.38
2023.02.24;Fri;1808.90;1815.70;6.80;6.05;1.123;1864.02;-2.741;SKIP_WIDE;-;-;0.00;0.00;0.00;0.00;-;0.000;0.000;0.000;0;0;1815.20;1808.89
2023.02.27;Mon;1814.51;1818.79;4.28;6.40;0.668;1864.08;-2.480;SKIP_NARROW;LONG;2023.02.27 17:02;1819.27;1814.51;1827.35;1814.51;SL;-1.000;0.174;1.013;0;0;1820.10;1812.55
2023.02.28;Tue;1813.30;1818.93;5.63;6.40;0.879;1864.89;-2.475;SKIP_TREND;LONG;2023.02.28 17:01;1822.99;1813.30;1830.19;1830.19;TP;0.743;0.745;0.231;0;0;1831.12;1818.74
2023.03.01;Wed;1838.39;1844.48;6.09;6.02;1.012;1865.56;-1.244;SKIP_WIDE;SHORT;2023.03.01 17:07;1838.02;1844.48;1826.21;1837.41;FLAT;0.094;0.687;0.805;0;0;1844.43;1833.41
2023.03.02;Thu;1833.04;1838.17;5.13;6.08;0.843;1866.54;-1.601;SKIP_TREND;LONG;2023.03.02 17:34;1838.64;1833.04;1848.43;1833.04;SL;-1.000;0.048;1.007;0;0;1838.91;1832.27
2023.03.03;Fri;1841.89;1845.41;3.52;5.87;0.600;1866.90;-1.249;SKIP_NARROW;SHORT;2023.03.03 17:02;1841.85;1845.41;1834.85;1845.41;SL;-1.000;0.761;1.031;0;0;1856.31;1838.98
2023.03.06;Mon;1850.95;1853.83;2.88;5.65;0.510;1867.72;-0.850;SKIP_NARROW;SHORT;2023.03.06 17:01;1850.64;1853.83;1845.19;1853.83;SL;-1.000;0.351;1.028;0;0;1853.90;1845.06
2023.03.07;Tue;1829.90;1833.52;3.62;5.62;0.645;1868.81;-1.984;SKIP_NARROW;SHORT;2023.03.07 17:01;1829.28;1833.52;1822.66;1822.66;TP;1.561;1.573;0.042;1;0;1831.76;1812.67
2023.03.08;Wed;1813.49;1821.55;8.06;5.62;1.435;1869.11;-2.608;SKIP_WIDE;LONG;2023.03.08 17:25;1821.97;1813.49;1837.67;1813.49;SL;-1.000;0.268;1.000;0;0;1824.24;1812.86
2023.03.09;Thu;1825.48;1831.92;6.44;5.62;1.147;1869.11;-2.020;SKIP_WIDE;LONG;2023.03.09 17:03;1832.16;1825.48;1844.80;1830.49;FLAT;-0.250;0.522;0.999;0;0;1835.65;1825.49
2023.03.10;Fri;1848.95;1860.28;11.33;5.62;2.018;1869.64;-0.600;SKIP_WIDE;LONG;2023.03.10 17:01;1860.46;1848.95;1882.94;1869.81;FLAT;0.812;0.829;0.551;0;0;1870.00;1854.12
2023.03.13;Mon;1896.35;1909.76;13.41;5.62;2.388;1870.69;1.388;SKIP_WIDE;LONG;2023.03.13 17:46;1911.36;1896.35;1936.58;1913.26;FLAT;0.127;0.214;0.556;0;0;1914.57;1896.29
2023.03.14;Tue;1895.37;1908.16;12.79;5.62;2.278;1872.49;1.591;SKIP_WIDE;LONG;2023.03.14 18:27;1908.69;1895.37;1933.74;1902.46;FLAT;-0.468;0.123;0.489;0;0;1910.33;1900.10
2023.03.15;Wed;1917.37;1927.42;10.05;5.62;1.790;1873.78;2.791;SKIP_WIDE;-;-;0.00;0.00;0.00;0.00;-;0.000;0.000;0.000;0;0;1937.29;1908.97
2023.03.16;Thu;1923.27;1931.14;7.87;5.86;1.343;1875.06;2.596;SKIP_WIDE;LONG;2023.03.16 17:45;1931.87;1923.27;1946.88;1923.27;SL;-1.000;0.056;1.001;0;0;1932.35;1913.31
2023.03.17;Fri;1944.33;1952.11;7.78;6.26;1.242;1876.79;3.931;SKIP_WIDE;LONG;2023.03.17 17:01;1954.20;1944.33;1967.67;1967.67;TP;1.365;1.367;0.455;1;0;1987.70;1949.71
2023.03.20;Mon;1977.31;1984.80;7.49;6.62;1.131;1879.24;5.251;SKIP_WIDE;SHORT;2023.03.20 17:01;1975.73;1984.80;1962.33;1977.37;FLAT;-0.181;1.077;0.974;1;1;1984.32;1965.81
2023.03.21;Tue;1952.01;1965.69;13.68;6.85;1.997;1881.38;3.797;SKIP_WIDE;SHORT;2023.03.21 17:01;1951.24;1965.69;1924.65;1940.40;FLAT;0.750;1.082;0.271;1;0;1954.93;1935.38
2023.03.22;Wed;1939.34;1944.35;5.01;6.85;0.731;1882.65;3.197;LONG;LONG;2023.03.22 17:14;1945.44;1939.34;1954.37;1954.37;TP;1.464;1.475;0.518;1;1;1978.75;1942.28
2023.03.23;Thu;1975.19;1985.01;9.82;6.85;1.434;1884.54;5.280;SKIP_WIDE;LONG;2023.03.23 18:25;1986.14;1975.19;2004.65;1997.78;FLAT;1.063;1.569;0.373;1;0;2003.32;1977.63
2023.03.24;Fri;1988.61;2000.45;11.84;7.14;1.657;1886.46;5.462;SKIP_WIDE;SHORT;2023.03.24 17:01;1988.41;2000.45;1964.93;1976.19;FLAT;1.015;1.076;0.841;1;0;1998.34;1975.22
2023.03.27;Mon;1943.96;1950.88;6.92;7.63;0.906;1887.63;3.257;LONG;LONG;2023.03.27 17:20;1951.69;1943.96;1964.72;1956.94;FLAT;0.679;0.996;0.127;0;0;1959.39;1945.75
2023.03.28;Tue;1960.84;1965.94;5.10;7.63;0.668;1888.46;3.961;SKIP_NARROW;SHORT;2023.03.28 17:09;1960.67;1965.94;1950.64;1965.94;SL;-1.000;0.296;1.000;0;0;1975.26;1958.89
2023.03.29;Wed;1961.55;1968.12;6.57;7.63;0.861;1889.76;4.015;LONG;LONG;2023.03.29 17:35;1968.39;1961.55;1981.26;1961.55;SL;-1.000;0.487;1.020;0;0;1971.72;1960.66
2023.03.30;Thu;1965.18;1968.53;3.35;7.63;0.439;1890.97;4.001;SKIP_NARROW;SHORT;2023.03.30 17:08;1964.82;1968.53;1958.48;1968.53;SL;-1.000;0.191;1.011;0;0;1984.26;1963.90
2023.03.31;Fri;1978.45;1984.06;5.61;7.63;0.735;1891.93;4.636;SKIP_TREND;SHORT;2023.03.31 17:15;1977.67;1984.06;1967.23;1967.23;TP;1.634;1.640;0.559;1;0;1981.02;1966.82
2023.04.03;Mon;1972.37;1980.75;8.38;7.63;1.098;1892.80;4.394;SKIP_WIDE;LONG;2023.04.03 17:01;1981.39;1972.37;1997.51;1985.01;FLAT;0.401;1.007;0.190;1;0;1990.47;1978.21
2023.04.04;Tue;1986.70;1993.24;6.54;7.83;0.836;1893.86;5.203;LONG;LONG;2023.04.04 17:01;1998.73;1986.70;2006.32;2006.32;TP;0.631;0.674;0.081;0;0;2024.93;1992.43
2023.04.05;Wed;2020.99;2029.09;8.10;7.83;1.035;1895.52;6.701;SKIP_WIDE;LONG;2023.04.05 17:03;2029.76;2020.99;2045.29;2020.99;SL;-1.000;0.094;1.008;0;0;2031.47;2010.09
2023.04.06;Thu;2000.76;2014.14;13.38;7.83;1.710;1897.02;5.617;SKIP_WIDE;-;-;0.00;0.00;0.00;0.00;-;0.000;0.000;0.000;0;0;2014.90;2001.24
2023.04.10;Mon;1986.17;1994.31;8.14;7.99;1.019;1898.59;4.712;SKIP_WIDE;SHORT;2023.04.10 17:11;1986.08;1994.31;1969.89;1991.71;FLAT;-0.684;0.520;0.842;0;0;1992.78;1981.63
2023.04.11;Tue;1997.34;2002.40;5.06;7.99;0.634;1899.85;5.345;SKIP_NARROW;LONG;2023.04.11 17:04;2002.77;1997.34;2012.52;2004.08;FLAT;0.241;0.720;0.565;0;0;2006.68;1999.70
2023.04.12;Wed;2001.34;2019.22;17.88;7.83;2.285;1901.47;5.586;SKIP_WIDE;-;-;0.00;0.00;0.00;0.00;-;0.000;0.000;0.000;0;0;2018.07;2003.07
2023.04.13;Thu;2039.75;2046.99;7.24;7.83;0.925;1903.20;7.527;LONG;LONG;2023.04.13 17:01;2047.50;2039.75;2061.47;2039.75;SL;-1.000;0.062;1.008;0;0;2048.68;2033.60
2023.04.14;Fri;2022.09;2028.06;5.97;7.63;0.782;1904.99;6.212;SKIP_TREND;SHORT;2023.04.14 17:01;2019.30;2028.06;2010.15;2010.15;TP;1.045;1.046;0.316;1;0;2022.28;1992.34
2023.04.17;Mon;1992.12;2000.81;8.69;7.37;1.180;1906.82;4.671;SKIP_WIDE;SHORT;2023.04.17 17:18;1991.72;2000.81;1974.74;1996.25;FLAT;-0.498;1.160;0.603;1;1;1997.07;1981.16
2023.04.18;Tue;1991.23;2000.86;9.63;7.37;1.308;1909.41;4.695;SKIP_WIDE;LONG;2023.04.18 17:07;2001.45;1991.23;2020.12;2004.17;FLAT;0.266;1.013;0.060;1;0;2011.80;1998.96
2023.04.19;Wed;1982.87;1992.89;10.02;7.67;1.306;1912.17;4.101;SKIP_WIDE;LONG;2023.04.19 17:07;1995.38;1982.87;2012.93;1994.41;FLAT;-0.078;0.111;0.524;0;0;1996.77;1988.82
2023.04.20;Thu;2002.97;2006.85;3.88;7.67;0.506;1914.61;4.645;SKIP_NARROW;LONG;2023.04.20 17:04;2007.28;2002.97;2014.61;2002.97;SL;-1.000;1.172;1.007;1;1;2012.33;1998.97
2023.04.21;Fri;1972.44;1997.96;25.52;7.67;3.327;1917.19;2.950;SKIP_WIDE;SHORT;2023.04.21 17:02;1972.29;1997.96;1921.40;1982.81;FLAT;-0.410;0.003;0.597;0;0;1987.41;1971.55
2023.04.24;Mon;1974.02;1981.92;7.90;7.67;1.030;1919.62;3.033;SKIP_WIDE;LONG;2023.04.24 17:31;1982.66;1974.02;1997.72;1988.74;FLAT;0.704;0.942;0.215;0;0;1990.80;1976.44
2023.04.25;Tue;1983.99;1989.75;5.76;7.57;0.761;1922.09;3.276;NO_BREAKOUT;-;-;0.00;0.00;0.00;0.00;-;0.000;0.000;0.000;0;0;2003.78;1983.47
2023.04.26;Wed;2001.91;2008.58;6.67;7.57;0.881;1924.97;4.057;SKIP_TREND;SHORT;2023.04.26 17:05;1999.85;2008.58;1988.57;1988.57;TP;1.292;1.298;0.511;1;0;2004.09;1983.36
2023.04.27;Thu;1974.14;1982.93;8.79;7.57;1.161;1927.66;2.810;SKIP_WIDE;LONG;2023.04.27 17:06;1984.33;1974.14;2000.51;1988.06;FLAT;0.366;0.660;0.542;0;0;1991.06;1978.81
2023.04.28;Fri;1982.39;1990.06;7.67;8.00;0.959;1930.70;2.891;LONG;LONG;2023.04.28 17:39;1991.96;1982.39;2005.40;1989.20;FLAT;-0.288;0.310;0.472;0;0;1994.93;1982.05
2023.05.01;Mon;1997.00;2003.85;6.85;8.00;0.856;1933.76;3.277;SKIP_TREND;SHORT;2023.05.01 17:01;1992.53;2003.85;1983.30;1983.30;TP;0.815;0.817;0.026;0;0;1997.20;1979.37
2023.05.02;Tue;1985.74;1989.43;3.69;8.00;0.461;1936.56;2.604;SKIP_NARROW;LONG;2023.05.02 17:01;1992.11;1985.74;1996.81;1996.81;TP;0.738;0.741;0.039;0;0;2019.31;1986.95
2023.05.03;Wed;2013.09;2020.07;6.98;7.78;0.897;1940.07;3.793;SKIP_TREND;SHORT;2023.05.03 17:20;2012.41;2020.07;1999.13;2020.07;SL;-1.000;0.054;1.003;0;0;2035.90;2011.79
2023.05.04;Thu;2032.02;2045.40;13.38;7.78;1.719;1944.14;5.151;SKIP_WIDE;LONG;2023.05.04 17:04;2046.53;2032.02;2072.16;2049.61;FLAT;0.212;0.904;0.251;0;0;2059.65;2042.89
2023.05.05;Fri;2001.05;2011.67;10.62;7.78;1.364;1948.64;2.831;SKIP_WIDE;SHORT;2023.05.05 17:05;2000.92;2011.67;1979.81;2011.67;SL;-1.000;0.117;1.002;0;0;2018.73;1999.42
2023.05.08;Mon;2017.81;2025.06;7.25;7.78;0.931;1952.53;3.703;LONG;LONG;2023.05.08 17:47;2025.32;2017.81;2039.56;2020.27;FLAT;-0.672;0.533;0.686;0;0;2029.32;2020.17
2023.05.09;Tue;2024.27;2030.46;6.19;7.46;0.830;1956.74;3.757;NO_BREAKOUT;-;-;0.00;0.00;0.00;0.00;-;0.000;0.000;0.000;0;0;2037.53;2024.33
2023.05.10;Wed;2031.90;2040.94;9.04;7.46;1.212;1961.08;3.925;SKIP_WIDE;SHORT;2023.05.10 17:39;2030.32;2040.94;2013.82;2031.13;FLAT;-0.076;0.809;0.375;0;0;2038.04;2021.45
2023.05.11;Thu;2011.07;2032.00;20.93;7.46;2.806;1965.14;2.432;SKIP_WIDE;-;-;0.00;0.00;0.00;0.00;-;0.000;0.000;0.000;0;0;2022.18;2012.43
2023.05.12;Fri;2016.70;2022.52;5.82;7.78;0.748;1968.71;2.608;SKIP_TREND;SHORT;2023.05.12 17:12;2015.85;2022.52;2005.06;2011.10;FLAT;0.712;1.099;0.235;1;1;2021.39;2008.34
2023.05.15;Mon;2015.40;2022.10;6.70;7.78;0.861;1972.21;2.461;SKIP_TREND;SHORT;2023.05.15 17:26;2014.84;2022.10;2002.00;2015.23;FLAT;-0.054;0.187;0.926;0;0;2021.39;2013.27
2023.05.16;Tue;2007.26;2010.80;3.54;7.46;0.475;1975.44;1.625;SKIP_NARROW;SHORT;2023.05.16 17:05;2007.19;2010.80;2000.18;2000.18;TP;1.942;1.961;0.233;1;0;2008.36;1985.42
2023.05.17;Wed;1976.48;1984.28;7.80;7.12;1.096;1978.28;-0.032;SKIP_WIDE;SHORT;2023.05.17 17:02;1976.44;1984.28;1960.88;1984.28;SL;-1.000;0.158;1.008;0;0;1985.26;1974.97
2023.05.18;Thu;1956.56;1960.93;4.37;7.12;0.614;1981.65;-1.096;SKIP_NARROW;LONG;2023.05.18 17:02;1961.58;1956.56;1969.67;1956.56;SL;-1.000;0.084;1.261;0;0;1962.00;1951.91
2023.05.19;Fri;1957.89;1961.85;3.96;7.12;0.557;1984.53;-1.188;SKIP_NARROW;SHORT;2023.05.19 17:48;1957.44;1961.85;1949.97;1961.85;SL;-1.000;0.045;1.000;0;0;1984.15;1957.10
2023.05.22;Mon;1971.27;1975.95;4.68;6.91;0.677;1987.46;-0.802;SKIP_NARROW;SHORT;2023.05.22 17:01;1971.01;1975.95;1961.91;1975.95;SL;-1.000;0.130;1.000;0;0;1978.85;1968.84
2023.05.23;Tue;1964.70;1973.39;8.69;6.77;1.283;1989.56;-1.000;SKIP_WIDE;-;-;0.00;0.00;0.00;0.00;-;0.000;0.000;0.000;0;0;1977.64;1964.28
2023.05.24;Wed;1971.44;1975.73;4.29;6.91;0.620;1990.79;-0.915;SKIP_NARROW;SHORT;2023.05.24 17:01;1970.80;1975.73;1962.86;1962.86;TP;1.611;1.714;0.298;1;0;1972.82;1956.67
2023.05.25;Thu;1944.23;1951.61;7.38;6.91;1.067;1991.85;-2.274;SKIP_WIDE;-;-;0.00;0.00;0.00;0.00;-;0.000;0.000;0.000;0;0;1951.67;1938.83
2023.05.26;Fri;1946.08;1950.44;4.36;6.91;0.631;1992.30;-2.281;SKIP_NARROW;LONG;2023.05.26 17:09;1950.99;1946.08;1959.16;1946.08;SL;-1.000;0.167;1.049;0;0;1951.81;1938.73
2023.05.29;Mon;1945.03;1948.26;3.23;6.77;0.477;1992.85;-2.323;SKIP_NARROW;-;-;0.00;0.00;0.00;0.00;-;0.000;0.000;0.000;0;0;1948.24;1942.69
2023.05.30;Tue;1952.39;1956.67;4.28;6.44;0.664;1991.95;-1.970;SKIP_NARROW;SHORT;2023.05.30 17:02;1952.15;1956.67;1943.83;1956.67;SL;-1.000;0.100;1.031;0;0;1963.45;1950.43
2023.05.31;Wed;1962.63;1973.64;11.01;6.44;1.708;1991.55;-1.094;SKIP_WIDE;SHORT;2023.05.31 17:01;1961.61;1973.64;1940.61;1973.64;SL;-1.000;0.073;1.000;0;0;1974.75;1959.26
2023.06.01;Thu;1967.08;1974.43;7.35;6.44;1.140;1992.00;-0.944;SKIP_WIDE;LONG;2023.06.01 17:01;1976.21;1967.08;1989.13;1978.07;FLAT;0.204;0.750;0.702;0;0;1983.06;1969.80
2023.06.02;Fri;1961.88;1976.16;14.28;6.44;2.216;1992.15;-1.441;SKIP_WIDE;SHORT;2023.06.02 17:24;1961.38;1976.16;1933.32;1948.71;FLAT;0.857;0.893;0.407;0;0;1967.19;1948.04
2023.06.05;Mon;1944.29;1948.80;4.51;6.44;0.700;1991.25;-2.245;SKIP_NARROW;LONG;2023.06.05 17:01;1954.17;1944.29;1957.82;1957.82;TP;0.369;0.373;0.033;0;0;1963.96;1947.83
2023.06.06;Tue;1954.33;1964.66;10.33;6.00;1.720;1990.91;-1.699;SKIP_WIDE;-;-;0.00;0.00;0.00;0.00;-;0.000;0.000;0.000;0;0;1966.32;1956.56
2023.06.07;Wed;1958.41;1970.12;11.71;6.26;1.871;1991.04;-1.080;SKIP_WIDE;SHORT;2023.06.07 17:36;1958.18;1970.12;1934.99;1940.06;FLAT;1.518;1.518;0.123;1;0;1969.67;1939.95
2023.06.08;Thu;1959.14;1968.47;9.33;6.26;1.490;1990.37;-1.196;SKIP_WIDE;LONG;2023.06.08 17:09;1968.90;1959.14;1987.13;1964.95;FLAT;-0.405;0.162;0.735;0;0;1970.48;1961.73
2023.06.09;Fri;1956.57;1964.04;7.47;6.26;1.193;1990.38;-1.450;SKIP_WIDE;LONG;2023.06.09 17:18;1964.48;1956.57;1978.98;1960.10;FLAT;-0.554;0.450;0.616;0;0;1968.04;1959.61
2023.06.12;Mon;1949.14;1958.50;9.36;7.02;1.332;1989.99;-1.909;SKIP_WIDE;-;-;0.00;0.00;0.00;0.00;-;0.000;0.000;0.000;0;0;1958.70;1949.37
2023.06.13;Tue;1953.62;1964.29;10.67;7.37;1.449;1989.76;-1.791;SKIP_WIDE;SHORT;2023.06.13 17:01;1952.78;1964.29;1932.28;1943.60;FLAT;0.798;1.096;0.273;1;0;1955.72;1939.96
2023.06.14;Wed;1954.95;1958.85;3.90;7.42;0.525;1988.95;-1.655;SKIP_NARROW;LONG;2023.06.14 17:25;1959.15;1954.95;1966.65;1954.95;SL;-1.000;0.017;1.002;0;0;1959.22;1940.00
2023.06.15;Thu;1940.14;1953.50;13.36;7.37;1.814;1987.39;-1.742;SKIP_WIDE;LONG;2023.06.15 17:05;1954.14;1940.14;1980.22;1958.67;FLAT;0.324;0.434;0.160;0;0;1960.21;1951.36
2023.06.16;Fri;1956.38;1962.82;6.44;7.42;0.867;1986.13;-1.269;SKIP_TREND;LONG;2023.06.16 17:01;1963.54;1956.38;1975.70;1956.38;SL;-1.000;0.345;1.004;0;0;1966.01;1953.20
2023.06.19;Mon;1951.70;1953.29;1.59;7.42;0.214;1985.13;-1.669;SKIP_NARROW;SHORT;2023.06.19 17:01;1951.11;1953.29;1948.52;1953.29;SL;-1.000;0.110;1.000;0;0;1953.42;1949.41
2023.06.20;Tue;1930.95;1939.13;8.18;7.42;1.102;1984.31;-2.644;SKIP_WIDE;SHORT;2023.06.20 17:01;1930.67;1939.13;1914.59;1936.29;FLAT;-0.664;0.086;0.956;0;0;1938.61;1929.72
2023.06.21;Wed;1919.16;1931.00;11.84;7.42;1.595;1982.96;-2.744;SKIP_WIDE;LONG;2023.06.21 17:31;1931.72;1919.16;1954.68;1933.50;FLAT;0.142;0.463;0.197;0;0;1937.53;1924.21
2023.06.22;Thu;1918.98;1927.36;8.38;7.83;1.071;1981.31;-2.986;SKIP_WIDE;SHORT;2023.06.22 17:17;1918.89;1927.36;1902.22;1914.04;FLAT;0.573;0.700;0.192;0;0;1922.62;1912.75
2023.06.23;Fri;1932.04;1937.39;5.35;8.28;0.646;1978.79;-2.355;SKIP_NARROW;SHORT;2023.06.23 17:01;1930.84;1937.39;1921.34;1921.34;TP;1.450;1.453;0.366;1;0;1933.05;1917.88
2023.06.26;Mon;1921.48;1928.38;6.90;8.28;0.833;1977.13;-2.649;NO_BREAKOUT;-;-;0.00;0.00;0.00;0.00;-;0.000;0.000;0.000;0;0;1928.45;1922.33
2023.06.27;Tue;1922.75;1930.63;7.88;8.28;0.952;1975.69;-2.642;SHORT;SHORT;2023.06.27 17:01;1919.03;1930.63;1906.99;1913.93;FLAT;0.440;0.684;0.104;0;0;1923.91;1910.95
2023.06.28;Wed;1902.79;1911.46;8.67;8.28;1.047;1973.86;-3.239;SKIP_WIDE;LONG;2023.06.28 18:25;1911.73;1902.79;1928.80;1909.29;FLAT;-0.273;0.180;0.287;0;0;1913.34;1905.12
2023.06.29;Thu;1892.92;1899.76;6.84;8.28;0.826;1972.10;-3.678;SKIP_TREND;LONG;2023.06.29 17:01;1900.42;1892.92;1913.44;1907.71;FLAT;0.972;1.683;0.112;1;0;1913.04;1899.22
2023.06.30;Fri;1909.73;1914.47;4.74;8.28;0.572;1970.17;-2.961;SKIP_NARROW;LONG;2023.06.30 17:07;1916.83;1909.73;1923.95;1920.02;FLAT;0.449;0.828;0.542;0;0;1922.71;1911.71
2023.07.03;Mon;1921.69;1926.97;5.28;8.03;0.658;1968.90;-2.184;SKIP_NARROW;LONG;2023.07.03 17:01;1929.39;1921.69;1937.53;1921.69;SL;-1.000;0.195;1.000;0;0;1930.89;1920.52
2023.07.04;Tue;1927.81;1928.88;1.07;8.03;0.133;1967.55;-2.001;SKIP_NARROW;SHORT;2023.07.04 17:02;1927.80;1928.88;1925.67;1928.88;SL;-1.000;0.000;1.000;0;0;1929.50;1923.93
2023.07.05;Wed;1922.67;1932.40;9.73;7.68;1.268;1966.12;-2.091;SKIP_WIDE;SHORT;2023.07.05 17:13;1922.66;1932.40;1903.21;1915.98;FLAT;0.686;0.757;0.318;0;0;1926.20;1915.16
2023.07.06;Thu;1909.21;1914.97;5.76;7.68;0.750;1964.65;-2.747;SHORT;SHORT;2023.07.06 17:01;1906.62;1914.97;1897.69;1910.33;FLAT;-0.444;0.447;0.707;0;0;1912.38;1902.71
2023.07.07;Fri;1920.90;1927.59;6.69;7.19;0.931;1963.11;-2.036;SKIP_TREND;LONG;2023.07.07 17:14;1927.79;1920.90;1940.97;1924.65;FLAT;-0.456;1.022;0.457;1;1;1934.83;1921.25
2023.07.10;Mon;1919.90;1924.53;4.63;6.87;0.674;1961.83;-1.980;SKIP_NARROW;LONG;2023.07.10 17:14;1924.82;1919.90;1933.79;1925.84;FLAT;0.207;0.398;0.852;0;0;1926.78;1920.63
2023.07.11;Tue;1929.38;1933.97;4.59;6.76;0.678;1960.68;-1.389;SKIP_NARROW;LONG;2023.07.11 17:02;1934.31;1929.38;1943.15;1929.38;SL;-1.000;0.209;1.004;0;0;1935.34;1929.30
2023.07.12;Wed;1950.37;1957.30;6.93;6.56;1.056;1958.99;-0.153;SKIP_WIDE;LONG;2023.07.12 17:48;1957.95;1950.37;1971.16;1958.62;FLAT;0.088;0.219;0.615;0;0;1959.61;1952.52
2023.07.13;Thu;1956.65;1960.38;3.73;6.76;0.551;1957.36;0.058;SKIP_NARROW;LONG;2023.07.13 17:10;1961.32;1956.65;1967.84;1956.65;SL;-1.000;0.118;1.000;0;0;1961.87;1954.64
2023.07.14;Fri;1955.52;1960.89;5.37;6.56;0.818;1955.57;0.227;SHORT;SHORT;2023.07.14 17:01;1955.22;1960.89;1944.78;1960.89;SL;-1.000;0.734;1.007;0;0;1961.96;1950.91
2023.07.17;Mon;1945.70;1950.64;4.94;6.22;0.794;1954.34;-0.200;SKIP_TREND;LONG;2023.07.17 17:04;1951.09;1945.70;1960.52;1955.26;FLAT;0.774;0.972;0.085;0;0;1956.33;1949.28
2023.07.18;Tue;1963.69;1971.40;7.71;6.22;1.239;1953.02;0.932;SKIP_WIDE;LONG;2023.07.18 17:01;1973.84;1963.69;1986.82;1977.67;FLAT;0.377;1.033;0.140;1;0;1984.33;1971.08
2023.07.19;Wed;1975.55;1979.82;4.27;6.22;0.686;1951.91;1.284;SKIP_NARROW;SHORT;2023.07.19 17:11;1975.22;1979.82;1967.01;1978.54;FLAT;-0.722;1.157;0.839;1;1;1978.86;1969.71
2023.07.20;Thu;1972.71;1979.33;6.62;5.57;1.190;1950.84;1.286;SKIP_WIDE;SHORT;2023.07.20 17:10;1972.20;1979.33;1959.47;1968.91;FLAT;0.461;0.941;0.206;0;0;1977.32;1965.30
2023.07.21;Fri;1959.04;1964.32;5.28;5.57;0.949;1949.93;0.594;SKIP_TREND;SHORT;2023.07.21 17:08;1958.70;1964.32;1948.48;1964.32;SL;-1.000;0.091;1.000;0;0;1965.40;1956.77
2023.07.24;Mon;1959.07;1966.28;7.21;5.57;1.296;1948.95;0.535;SKIP_WIDE;SHORT;2023.07.24 17:22;1958.72;1966.28;1944.65;1954.47;FLAT;0.562;0.683;0.485;0;0;1962.37;1953.43
2023.07.25;Tue;1955.79;1961.04;5.25;5.57;0.943;1947.71;0.461;SKIP_TREND;SHORT;2023.07.25 17:01;1954.93;1961.04;1945.29;1961.04;SL;-1.000;0.090;1.021;0;0;1965.65;1951.36
2023.07.26;Wed;1963.88;1968.73;4.85;5.33;0.911;1947.23;0.995;LONG;LONG;2023.07.26 17:12;1968.99;1963.88;1978.43;1974.76;FLAT;1.129;1.818;0.935;1;1;1978.28;1964.21
2023.07.27;Thu;1943.24;1956.62;13.38;5.28;2.534;1947.03;-0.093;SKIP_WIDE;SHORT;2023.07.27 17:19;1943.08;1956.62;1916.48;1944.36;FLAT;-0.095;0.024;0.503;0;0;1949.65;1942.52
2023.07.28;Fri;1952.57;1957.99;5.42;5.28;1.027;1946.80;0.465;SKIP_WIDE;LONG;2023.07.28 17:07;1958.34;1952.57;1968.83;1959.06;FLAT;0.125;0.887;0.177;0;0;1963.46;1955.05
2023.07.31;Mon;1965.11;1972.34;7.23;5.33;1.358;1946.43;1.281;SKIP_WIDE;-;-;0.00;0.00;0.00;0.00;-;0.000;0.000;0.000;0;0;1972.26;1964.20
2023.08.01;Tue;1944.39;1948.72;4.33;5.40;0.803;1946.30;0.075;LONG;LONG;2023.08.01 17:01;1952.15;1944.39;1957.38;1944.39;SL;-1.000;0.137;1.000;0;0;1953.61;1941.20
2023.08.02;Wed;1944.24;1947.61;3.37;5.40;0.625;1945.68;-0.031;SKIP_NARROW;SHORT;2023.08.02 17:01;1943.57;1947.61;1937.50;1937.50;TP;1.502;1.507;0.327;1;0;1945.26;1932.97
2023.08.03;Thu;1931.44;1937.73;6.29;5.33;1.181;1945.22;-0.668;SKIP_WIDE;LONG;2023.08.03 17:30;1938.38;1931.44;1950.31;1934.15;FLAT;-0.610;0.043;0.853;0;0;1938.68;1932.24
2023.08.04;Fri;1941.78;1946.83;5.05;5.33;0.948;1945.08;-0.089;SHORT;SHORT;2023.08.04 17:06;1941.36;1946.83;1931.68;1941.54;FLAT;-0.033;0.665;0.521;0;0;1943.97;1937.50
2023.08.07;Mon;1933.59;1940.84;7.25;5.26;1.377;1944.99;-0.583;SKIP_WIDE;SHORT;2023.08.07 17:01;1932.01;1940.84;1919.09;1936.77;FLAT;-0.539;0.044;0.655;0;0;1937.57;1931.43
2023.08.08;Tue;1922.75;1927.52;4.77;5.33;0.896;1944.86;-0.950;SKIP_TREND;LONG;2023.08.08 17:18;1927.93;1922.75;1937.06;1924.78;FLAT;-0.608;0.786;0.847;0;0;1932.00;1923.54
2023.08.09;Wed;1921.47;1925.63;4.16;5.33;0.781;1944.18;-1.098;SKIP_TREND;LONG;2023.08.09 17:05;1926.89;1921.47;1933.95;1921.47;SL;-1.000;0.116;1.142;0;0;1927.52;1915.38
2023.08.10;Thu;1918.83;1925.21;6.38;5.26;1.212;1943.22;-1.055;SKIP_WIDE;SHORT;2023.08.10 17:11;1918.79;1925.21;1906.07;1913.45;FLAT;0.832;0.900;0.480;0;0;1922.85;1912.83
2023.08.11;Fri;1912.90;1917.74;4.84;5.33;0.909;1941.91;-1.327;SKIP_TREND;LONG;2023.08.11 17:14;1918.47;1912.90;1927.42;1912.90;SL;-1.000;0.366;1.000;0;0;1920.61;1912.15
2023.08.14;Mon;1902.67;1906.23;3.56;5.26;0.676;1941.22;-1.910;SKIP_NARROW;LONG;2023.08.14 17:13;1906.65;1902.67;1913.35;1907.54;FLAT;0.224;1.628;0.065;1;0;1913.13;1903.19
2023.08.15;Tue;1900.07;1904.80;4.73;5.26;0.898;1940.13;-1.879;SKIP_TREND;LONG;2023.08.15 17:10;1905.20;1900.07;1914.26;1902.57;FLAT;-0.513;1.248;0.548;1;1;1911.60;1902.39
2023.08.16;Wed;1902.40;1906.40;4.00;5.15;0.777;1938.89;-1.792;NO_BREAKOUT;-;-;0.00;0.00;0.00;0.00;-;0.000;0.000;0.000;0;0;1905.95;1891.77
2023.08.17;Thu;1895.67;1902.37;6.70;5.15;1.301;1937.93;-2.168;SKIP_WIDE;SHORT;2023.08.17 17:02;1895.60;1902.37;1882.27;1889.27;FLAT;0.935;1.536;0.329;1;0;1897.63;1885.00
2023.08.18;Fri;1890.82;1896.80;5.98;5.15;1.161;1936.41;-2.201;SKIP_WIDE;-;-;0.00;0.00;0.00;0.00;-;0.000;0.000;0.000;0;0;1894.83;1886.72
2023.08.21;Mon;1888.55;1895.91;7.36;5.15;1.429;1934.98;-2.325;SKIP_WIDE;SHORT;2023.08.21 17:16;1888.45;1895.91;1873.83;1894.45;FLAT;-0.804;0.401;0.952;0;0;1895.31;1885.21
2023.08.22;Tue;1889.09;1894.69;5.60;5.15;1.087;1933.72;-2.248;SKIP_WIDE;LONG;2023.08.22 17:18;1894.96;1889.09;1905.89;1897.52;FLAT;0.436;0.705;0.670;0;0;1899.10;1890.02
2023.08.23;Wed;1908.18;1918.85;10.67;5.24;2.038;1932.80;-0.769;SKIP_WIDE;-;-;0.00;0.00;0.00;0.00;-;0.000;0.000;0.000;0;0;1920.31;1914.47
2023.08.24;Thu;1911.89;1916.74;4.85;5.51;0.880;1932.26;-0.838;SKIP_TREND;LONG;2023.08.24 17:01;1917.21;1911.89;1926.44;1916.72;FLAT;-0.092;1.150;0.216;1;1;1923.33;1916.04
2023.08.25;Fri;1913.31;1915.95;2.64;5.24;0.504;1931.44;-0.837;SKIP_NARROW;LONG;2023.08.25 17:03;1916.77;1913.31;1921.23;1921.23;TP;1.289;1.301;0.434;1;0;1922.34;1903.73
2023.08.28;Mon;1912.71;1918.77;6.06;4.95;1.224;1930.57;-0.647;SKIP_WIDE;LONG;2023.08.28 17:09;1919.14;1912.71;1930.89;1919.62;FLAT;0.075;1.072;0.358;1;1;1926.03;1916.84
2023.08.29;Tue;1917.10;1921.88;4.78;4.95;0.966;1929.97;-0.470;SKIP_TREND;LONG;2023.08.29 17:01;1924.89;1917.10;1931.44;1931.44;TP;0.841;0.843;0.027;0;0;1938.09;1920.80
2023.08.30;Wed;1943.45;1948.59;5.14;4.95;1.038;1929.99;0.899;SKIP_WIDE;-;-;0.00;0.00;0.00;0.00;-;0.000;0.000;0.000;0;0;1949.01;1942.83
2023.08.31;Thu;1940.30;1944.52;4.22;5.09;0.828;1930.19;0.698;LONG;LONG;2023.08.31 17:05;1944.80;1940.30;1952.96;1940.30;SL;-1.000;0.058;1.007;0;0;1945.06;1939.02
2023.09.01;Fri;1940.10;1951.43;11.33;4.95;2.289;1930.72;0.672;SKIP_WIDE;SHORT;2023.09.01 17:01;1938.64;1951.43;1917.44;1940.71;FLAT;-0.162;0.320;0.325;0;0;1943.69;1934.43
2023.09.04;Mon;1937.83;1939.91;2.08;4.99;0.416;1931.09;0.368;SKIP_NARROW;SHORT;2023.09.04 17:01;1937.57;1939.91;1933.67;1938.40;FLAT;-0.355;0.282;0.705;0;0;1939.04;1936.75
2023.09.05;Tue;1926.71;1933.71;7.00;4.84;1.445;1931.39;-0.189;SKIP_WIDE;SHORT;2023.09.05 17:05;1926.41;1933.71;1912.71;1925.99;FLAT;0.058;0.123;0.375;0;0;1928.93;1925.28
2023.09.06;Wed;1921.08;1929.11;8.03;4.99;1.608;1931.64;-0.193;SKIP_WIDE;SHORT;2023.09.06 17:02;1920.95;1929.11;1905.02;1916.87;FLAT;0.500;0.676;0.335;0;0;1923.97;1915.21
2023.09.07;Thu;1918.12;1922.33;4.21;5.37;0.784;1931.82;-0.614;SHORT;SHORT;2023.09.07 17:17;1917.86;1922.33;1909.70;1918.91;FLAT;-0.235;0.114;0.852;0;0;1921.49;1917.21
2023.09.08;Fri;1921.43;1928.87;7.44;4.99;1.489;1932.05;-0.177;SKIP_WIDE;LONG;2023.09.08 17:05;1929.12;1921.43;1943.75;1921.43;SL;-1.000;0.070;1.000;0;0;1929.66;1917.30
2023.09.11;Mon;1924.32;1930.05;5.73;5.37;1.067;1932.05;-0.322;SKIP_WIDE;SHORT;2023.09.11 17:31;1922.84;1930.05;1912.86;1922.89;FLAT;-0.007;0.180;0.333;0;0;1926.65;1921.34
2023.09.12;Tue;1908.32;1911.85;3.53;5.67;0.623;1932.06;-1.184;SKIP_NARROW;LONG;2023.09.12 17:30;1912.17;1908.32;1918.91;1912.94;FLAT;0.200;0.735;0.151;0;0;1915.00;1908.37
2023.09.13;Wed;1911.69;1915.68;3.99;5.67;0.704;1931.82;-0.957;SHORT;SHORT;2023.09.13 17:06;1911.55;1915.68;1903.71;1908.95;FLAT;0.630;0.787;0.801;0;0;1914.71;1908.11
2023.09.14;Thu;1901.91;1907.01;5.10;5.67;0.900;1931.67;-1.480;SHORT;SHORT;2023.09.14 17:02;1901.89;1907.01;1891.71;1907.01;SL;-1.000;0.150;1.006;0;0;1912.05;1900.98
2023.09.15;Fri;1923.33;1926.75;3.42;5.37;0.637;1931.67;-0.369;SKIP_NARROW;LONG;2023.09.15 17:02;1928.04;1923.33;1933.59;1923.33;SL;-1.000;0.493;1.013;0;0;1930.36;1922.30
2023.09.18;Mon;1923.40;1927.69;4.29;5.12;0.838;1931.64;-0.396;SHORT;SHORT;2023.09.18 17:02;1923.11;1927.69;1914.82;1927.69;SL;-1.000;0.037;1.007;0;0;1933.52;1922.78
2023.09.19;Tue;1932.76;1936.33;3.57;4.97;0.718;1931.81;0.151;SKIP_TREND;SHORT;2023.09.19 17:11;1932.63;1936.33;1925.62;1932.12;FLAT;0.138;0.741;0.743;0;0;1935.16;1929.72
2023.09.20;Wed;1933.07;1943.41;10.34;4.82;2.147;1931.79;0.458;SKIP_WIDE;LONG;2023.09.20 17:11;1944.01;1933.07;1964.09;1933.07;SL;-1.000;0.307;1.001;0;0;1947.37;1932.81
2023.09.21;Thu;1915.15;1918.87;3.72;4.82;0.773;1931.25;-0.768;SKIP_TREND;LONG;2023.09.21 17:08;1919.38;1915.15;1926.31;1919.75;FLAT;0.087;1.033;0.719;1;1;1923.75;1915.08
2023.09.22;Fri;1924.86;1928.36;3.50;4.54;0.772;1930.44;-0.230;SKIP_TREND;LONG;2023.09.22 17:40;1929.06;1924.86;1935.36;1924.86;SL;-1.000;0.000;1.000;0;0;1929.06;1924.25
2023.09.25;Mon;1922.24;1926.27;4.03;4.54;0.889;1929.84;-0.238;SHORT;SHORT;2023.09.25 17:09;1921.70;1926.27;1914.18;1915.66;FLAT;1.322;1.394;0.350;1;0;1925.44;1915.10
2023.09.26;Tue;1904.60;1907.37;2.77;4.25;0.651;1929.05;-1.158;SKIP_NARROW;LONG;2023.09.26 17:01;1908.02;1904.60;1912.91;1904.60;SL;-1.000;0.392;1.009;0;0;1909.41;1899.10
2023.09.27;Wed;1884.43;1889.89;5.46;4.22;1.295;1927.49;-2.058;SKIP_WIDE;SHORT;2023.09.27 17:53;1883.90;1889.89;1873.51;1873.51;TP;1.735;1.745;0.326;1;0;1889.02;1872.48
2023.09.28;Thu;1871.25;1877.09;5.84;4.22;1.386;1925.46;-2.726;SKIP_WIDE;SHORT;2023.09.28 17:32;1870.56;1877.09;1859.57;1859.57;TP;1.683;1.685;0.205;1;0;1876.41;1857.62
2023.09.29;Fri;1870.19;1876.07;5.88;4.25;1.384;1923.36;-2.756;SKIP_WIDE;SHORT;2023.09.29 17:03;1868.81;1876.07;1858.43;1858.43;TP;1.430;1.438;0.069;1;0;1871.68;1846.26
2023.10.02;Mon;1832.28;1837.58;5.30;4.25;1.247;1921.10;-4.546;SKIP_WIDE;SHORT;2023.10.02 17:07;1831.88;1837.58;1821.68;1829.56;FLAT;0.407;0.805;0.511;0;0;1836.86;1827.11
2023.10.03;Tue;1823.22;1831.27;8.05;4.69;1.715;1918.57;-4.679;SKIP_WIDE;SHORT;2023.10.03 17:01;1822.66;1831.27;1807.12;1831.27;SL;-1.000;0.373;1.041;0;0;1833.32;1819.24
2023.10.04;Wed;1817.71;1825.01;7.30;4.69;1.555;1915.73;-4.982;SKIP_WIDE;SHORT;2023.10.04 17:09;1817.67;1825.01;1803.11;1825.01;SL;-1.000;0.020;1.001;0;0;1826.30;1816.55
2023.10.05;Thu;1817.56;1821.84;4.28;4.69;0.912;1912.71;-4.812;SHORT;SHORT;2023.10.05 17:08;1817.43;1821.84;1809.00;1820.52;FLAT;-0.701;0.651;0.875;0;0;1821.09;1814.36
2023.10.06;Fri;1816.34;1826.00;9.66;4.69;2.058;1910.20;-4.658;SKIP_WIDE;LONG;2023.10.06 17:14;1826.40;1816.34;1845.32;1829.41;FLAT;0.299;0.836;0.371;0;0;1834.81;1820.86
2023.10.09;Mon;1844.38;1847.91;3.53;4.69;0.752;1907.65;-3.269;SKIP_TREND;LONG;2023.10.09 17:20;1848.66;1844.38;1854.97;1854.97;TP;1.474;1.493;0.124;1;1;1863.45;1845.05
2023.10.10;Tue;1853.78;1857.52;3.74;4.28;0.873;1905.58;-2.527;SKIP_TREND;LONG;2023.10.10 17:09;1857.93;1853.78;1865.00;1853.78;SL;-1.000;0.202;1.007;0;0;1862.73;1853.32
2023.10.11;Wed;1868.12;1872.35;4.23;4.28;0.987;1903.90;-1.669;NO_BREAKOUT;-;-;0.00;0.00;0.00;0.00;-;0.000;0.000;0.000;0;0;1877.18;1869.01
2023.10.12;Thu;1872.84;1878.23;5.39;4.28;1.258;1902.70;-1.517;SKIP_WIDE;SHORT;2023.10.12 17:34;1871.99;1878.23;1862.06;1868.52;FLAT;0.556;0.630;0.463;0;0;1876.59;1867.89
2023.10.13;Fri;1905.57;1912.43;6.86;4.28;1.601;1901.40;0.482;SKIP_WIDE;LONG;2023.10.13 17:11;1913.82;1905.57;1926.15;1926.15;TP;1.495;1.499;0.230;1;0;1930.71;1907.49
2023.10.16;Mon;1914.40;1921.18;6.78;4.79;1.414;1901.19;0.880;SKIP_WIDE;LONG;2023.10.16 18:14;1921.41;1914.40;1934.74;1918.95;FLAT;-0.351;0.185;0.508;0;0;1922.71;1916.23
2023.10.17;Tue;1920.80;1931.54;10.74;5.35;2.009;1900.86;1.417;SKIP_WIDE;-;-;0.00;0.00;0.00;0.00;-;0.000;0.000;0.000;0;0;1930.90;1919.09
2023.10.18;Wed;1950.17;1962.62;12.45;5.43;2.295;1900.81;2.957;SKIP_WIDE;SHORT;2023.10.18 17:46;1949.40;1962.62;1925.27;1950.55;FLAT;-0.087;0.830;0.554;0;0;1958.75;1938.22
2023.10.19;Thu;1949.99;1956.37;6.38;5.43;1.176;1901.48;2.780;SKIP_WIDE;SHORT;2023.10.19 17:54;1949.93;1956.37;1937.23;1956.37;SL;-1.000;0.000;1.002;0;0;1977.64;1949.74
2023.10.20;Fri;1977.43;1987.98;10.55;5.65;1.867;1902.72;4.432;SKIP_WIDE;LONG;2023.10.20 17:01;1988.36;1977.43;2009.08;1977.43;SL;-1.000;0.801;1.006;0;0;1997.11;1974.31
2023.10.23;Mon;1970.07;1978.67;8.60;5.86;1.468;1904.07;3.710;SKIP_WIDE;LONG;2023.10.23 18:12;1978.87;1970.07;1995.87;1973.13;FLAT;-0.652;0.049;0.886;0;0;1979.30;1971.07
2023.10.24;Tue;1958.94;1965.57;6.63;6.13;1.082;1905.38;3.099;SKIP_WIDE;-;-;0.00;0.00;0.00;0.00;-;0.000;0.000;0.000;0;0;1977.56;1961.22
2023.10.25;Wed;1976.51;1987.19;10.68;6.50;1.642;1906.76;4.103;SKIP_WIDE;SHORT;2023.10.25 17:12;1974.99;1987.19;1955.15;1980.96;FLAT;-0.489;0.966;0.889;0;0;1985.83;1963.07
2023.10.26;Thu;1977.18;1981.80;4.62;6.70;0.689;1908.52;3.685;SKIP_NARROW;SHORT;2023.10.26 17:08;1975.86;1981.80;1967.94;1981.80;SL;-1.000;0.658;1.003;0;0;1989.32;1971.72
2023.10.27;Fri;1978.70;1985.04;6.34;6.70;0.946;1910.43;3.795;LONG;LONG;2023.10.27 17:10;1985.63;1978.70;1997.72;1978.70;SL;-1.000;0.000;1.000;0;0;2009.40;1978.58
2023.10.30;Mon;1995.95;2000.97;5.02;6.70;0.749;1912.76;4.483;LONG;LONG;2023.10.30 17:19;2001.29;1995.95;2011.01;1995.95;SL;-1.000;0.212;1.000;0;0;2002.42;1992.04
2023.10.31;Tue;1994.52;2004.02;9.50;6.70;1.417;1914.76;4.580;SKIP_WIDE;LONG;2023.10.31 17:14;2005.63;1994.52;2023.02;1994.52;SL;-1.000;0.205;1.001;0;0;2007.91;1978.78
2023.11.01;Wed;1981.05;1986.15;5.10;6.70;0.761;1916.49;3.607;LONG;LONG;2023.11.01 17:01;1990.18;1981.05;1996.35;1981.05;SL;-1.000;0.199;1.002;0;0;1992.43;1969.82
2023.11.02;Thu;1981.95;1987.22;5.27;6.50;0.810;1917.83;3.468;SKIP_TREND;SHORT;2023.11.02 17:10;1980.92;1987.22;1971.41;1985.57;FLAT;-0.738;0.306;0.932;0;0;1986.64;1978.79
2023.11.03;Fri;1987.87;2000.03;12.16;6.50;1.869;1919.21;3.966;SKIP_WIDE;-;-;0.00;0.00;0.00;0.00;-;0.000;0.000;0.000;0;0;1999.00;1988.58
2023.11.06;Mon;1984.01;1986.77;2.76;6.50;0.424;1920.77;3.331;SKIP_NARROW;SHORT;2023.11.06 17:14;1983.96;1986.77;1978.49;1978.49;TP;1.947;1.950;0.456;1;1;1985.83;1977.41
2023.11.07;Tue;1960.11;1966.85;6.74;6.50;1.036;1921.93;1.998;SKIP_WIDE;-;-;0.00;0.00;0.00;0.00;-;0.000;0.000;0.000;0;0;1969.80;1960.26
2023.11.08;Wed;1959.81;1963.44;3.63;6.68;0.543;1922.56;1.956;SKIP_NARROW;SHORT;2023.11.08 17:01;1959.55;1963.44;1952.55;1952.55;TP;1.799;1.802;0.139;1;0;1960.55;1947.44
2023.11.09;Thu;1950.75;1958.75;8.00;6.68;1.197;1922.72;1.839;SKIP_WIDE;LONG;2023.11.09 17:13;1959.69;1950.75;1974.75;1957.24;FLAT;-0.274;0.653;0.400;0;0;1965.53;1955.43
2023.11.10;Fri;1941.17;1947.54;6.37;6.76;0.942;1923.09;1.008;SKIP_TREND;SHORT;2023.11.10 17:48;1940.89;1947.54;1928.43;1936.26;FLAT;0.696;1.164;0.411;1;0;1946.82;1933.02
2023.11.13;Mon;1932.44;1936.08;3.64;6.68;0.545;1923.06;0.498;SKIP_NARROW;SHORT;2023.11.13 17:01;1932.39;1936.08;1925.16;1936.08;SL;-1.000;0.087;1.000;0;0;1949.13;1931.65
2023.11.14;Tue;1958.90;1970.91;12.01;6.50;1.846;1923.21;2.314;SKIP_WIDE;-;-;0.00;0.00;0.00;0.00;-;0.000;0.000;0.000;0;0;1969.15;1961.61
2023.11.15;Wed;1955.37;1964.85;9.48;6.50;1.457;1923.96;1.738;SKIP_WIDE;-;-;0.00;0.00;0.00;0.00;-;0.000;0.000;0.000;0;0;1964.42;1957.21
2023.11.16;Thu;1971.65;1982.66;11.01;6.50;1.693;1924.81;2.852;SKIP_WIDE;LONG;2023.11.16 17:16;1983.92;1971.65;2004.68;1980.81;FLAT;-0.253;0.326;0.313;0;0;1987.92;1979.12
2023.11.17;Fri;1979.32;1985.88;6.56;6.68;0.981;1926.05;2.820;NO_BREAKOUT;-;-;0.00;0.00;0.00;0.00;-;0.000;0.000;0.000;0;0;1985.25;1978.55
2023.11.20;Mon;1965.42;1972.92;7.50;6.60;1.137;1927.28;2.224;SKIP_WIDE;LONG;2023.11.20 18:05;1973.21;1965.42;1987.92;1977.77;FLAT;0.585;0.732;0.107;0;0;1978.91;1968.77
2023.11.21;Tue;2001.32;2007.24;5.92;6.60;0.898;1928.39;3.989;LONG;LONG;2023.11.21 17:01;2007.57;2001.32;2019.08;2001.32;SL;-1.000;0.000;1.000;0;0;2007.51;1996.20
2023.11.22;Wed;1998.82;2002.41;3.59;6.47;0.555;1930.09;3.708;SKIP_NARROW;SHORT;2023.11.22 17:02;1998.57;2002.41;1991.64;1991.64;TP;1.805;1.810;0.065;1;0;2001.41;1986.85
2023.11.23;Thu;1992.47;1994.84;2.37;6.35;0.373;1931.73;3.213;SKIP_NARROW;SHORT;2023.11.23 17:34;1992.34;1994.84;1987.73;1992.90;FLAT;-0.224;0.944;0.400;0;0;1993.86;1989.80
2023.11.24;Fri;1999.44;2003.04;3.60;6.35;0.566;1933.37;3.503;SKIP_NARROW;LONG;2023.11.24 17:04;2003.31;1999.44;2010.24;1999.44;SL;-1.000;0.000;1.010;0;0;2003.53;1997.12
2023.11.27;Mon;2010.63;2012.93;2.30;6.14;0.374;1934.93;3.948;SKIP_NARROW;LONG;2023.11.27 17:02;2014.38;2010.63;2017.53;2010.63;SL;-1.000;0.045;1.000;0;0;2014.87;2005.68
2023.11.28;Tue;2022.65;2028.40;5.75;6.14;0.936;1936.53;4.622;LONG;LONG;2023.11.28 17:40;2029.14;2022.65;2039.90;2039.90;TP;1.658;1.663;0.089;1;0;2042.97;2023.71
2023.11.29;Wed;2040.09;2045.57;5.48;5.84;0.939;1938.72;5.443;LONG;LONG;2023.11.29 17:01;2046.36;2040.09;2056.53;2040.09;SL;-1.000;0.089;1.005;0;0;2049.53;2039.08
2023.11.30;Thu;2031.46;2037.96;6.50;5.84;1.114;1941.00;4.919;SKIP_WIDE;LONG;2023.11.30 17:37;2038.25;2031.46;2050.96;2036.17;FLAT;-0.306;0.448;0.685;0;0;2041.29;2032.39
2023.12.01;Fri;2035.41;2043.30;7.89;6.14;1.284;1943.33;5.099;SKIP_WIDE;LONG;2023.12.01 17:01;2043.74;2035.41;2059.08;2059.08;TP;1.842;1.850;0.029;1;0;2075.31;2041.93
2023.12.04;Mon;2043.32;2050.60;7.28;6.14;1.185;1946.26;5.332;SKIP_WIDE;LONG;2023.12.04 17:01;2051.23;2043.32;2065.16;2043.32;SL;-1.000;0.265;1.010;0;0;2053.33;2020.08
2023.12.05;Tue;2015.43;2025.55;10.12;6.43;1.573;1948.53;3.491;SKIP_WIDE;LONG;2023.12.05 17:05;2026.34;2015.43;2045.79;2015.43;SL;-1.000;0.000;1.002;0;0;2026.82;2009.90
2023.12.06;Wed;2024.75;2032.98;8.23;6.43;1.279;1950.90;3.803;SKIP_WIDE;SHORT;2023.12.06 17:01;2024.51;2032.98;2008.29;2026.73;FLAT;-0.262;0.204;0.898;0;0;2031.89;2022.63
2023.12.07;Thu;2025.16;2034.53;9.37;6.53;1.435;1953.91;3.709;SKIP_WIDE;-;-;0.00;0.00;0.00;0.00;-;0.000;0.000;0.000;0;0;2031.91;2020.15
2023.12.08;Fri;2004.28;2010.81;6.53;6.53;1.000;1957.19;2.632;LONG;LONG;2023.12.08 17:01;2011.92;2004.28;2023.87;2004.28;SL;-1.000;0.378;1.008;0;0;2014.81;1994.61
2023.12.11;Mon;1986.46;1990.82;4.36;6.55;0.666;1960.30;1.349;SKIP_NARROW;SHORT;2023.12.11 17:02;1986.23;1990.82;1977.74;1977.74;TP;1.850;1.874;0.462;1;0;1988.12;1975.82
2023.12.12;Tue;1980.03;1984.78;4.75;6.55;0.726;1963.38;0.939;NO_BREAKOUT;-;-;0.00;0.00;0.00;0.00;-;0.000;0.000;0.000;0;0;1984.52;1977.16
2023.12.13;Wed;1981.36;1984.20;2.84;6.51;0.436;1966.51;0.782;SKIP_NARROW;SHORT;2023.12.13 17:06;1981.35;1984.20;1975.68;1984.20;SL;-1.000;0.961;2.196;0;0;2024.31;1978.41
2023.12.14;Thu;2037.39;2047.89;10.50;6.21;1.691;1970.64;3.677;SKIP_WIDE;SHORT;2023.12.14 17:37;2037.00;2047.89;2016.39;2036.48;FLAT;0.048;0.712;0.444;0;0;2046.82;2029.05
2023.12.15;Fri;2031.37;2035.06;3.69;6.21;0.594;1974.96;2.951;SKIP_NARROW;LONG;2023.12.15 17:14;2035.90;2031.37;2042.44;2031.37;SL;-1.000;0.587;1.009;0;0;2038.56;2015.56
2023.12.18;Mon;2020.81;2024.43;3.62;5.84;0.620;1978.71;2.298;SKIP_NARROW;-;-;0.00;0.00;0.00;0.00;-;0.000;0.000;0.000;0;0;2033.63;2020.29
2023.12.19;Tue;2029.81;2042.16;12.35;5.62;2.199;1982.03;2.995;SKIP_WIDE;LONG;2023.12.19 17:06;2042.53;2029.81;2066.86;2040.21;FLAT;-0.182;0.347;0.461;0;0;2046.94;2036.66
2023.12.20;Wed;2034.07;2038.30;4.23;5.62;0.753;1985.63;2.636;SKIP_TREND;SHORT;2023.12.20 17:13;2034.00;2038.30;2025.61;2029.93;FLAT;0.947;0.995;0.760;0;0;2038.64;2029.52
2023.12.21;Thu;2041.30;2045.97;4.67;5.62;0.832;1988.76;2.677;SKIP_TREND;SHORT;2023.12.21 17:04;2040.20;2045.97;2031.96;2044.31;FLAT;-0.712;0.589;0.887;0;0;2045.09;2036.65
2023.12.22;Fri;2065.04;2070.03;4.99;5.62;0.889;1992.30;3.817;LONG;LONG;2023.12.22 17:07;2070.37;2065.04;2080.01;2065.04;SL;-1.000;0.026;1.000;0;0;2070.59;2051.09
2023.12.27;Wed;2066.63;2071.61;4.98;5.62;0.887;1994.72;3.783;LONG;LONG;2023.12.27 17:13;2071.92;2066.63;2081.57;2081.57;TP;1.824;1.837;0.064;1;0;2084.39;2068.90
2023.12.28;Thu;2072.74;2079.39;6.65;5.62;1.184;1997.87;4.054;SKIP_WIDE;LONG;2023.12.28 17:02;2079.95;2072.74;2092.69;2072.74;SL;-1.000;0.160;1.000;0;0;2081.10;2065.92
2023.12.29;Fri;2058.44;2065.29;6.85;5.99;1.144;2000.72;3.111;SKIP_WIDE;LONG;2023.12.29 17:34;2066.23;2058.44;2078.99;2063.15;FLAT;-0.395;0.239;0.659;0;0;2068.09;2061.10
2024.01.02;Tue;2062.12;2070.40;8.28;6.51;1.271;2003.03;3.362;SKIP_WIDE;SHORT;2024.01.02 17:38;2057.98;2070.40;2045.56;2058.44;FLAT;-0.037;0.144;0.779;0;0;2070.68;2055.94
2024.01.03;Wed;2031.71;2039.63;7.92;6.59;1.202;2004.72;1.648;SKIP_WIDE;LONG;2024.01.03 17:01;2042.19;2031.71;2055.47;2031.71;SL;-1.000;0.622;1.001;0;0;2048.71;2030.61
2024.01.04;Thu;2036.19;2040.80;4.61;6.59;0.700;2005.93;1.664;SKIP_NARROW;LONG;2024.01.04 17:02;2041.84;2036.19;2050.02;2043.17;FLAT;0.235;1.041;0.301;1;1;2047.72;2039.06
2024.01.05;Fri;2041.66;2049.20;7.54;5.76;1.309;2007.35;1.960;SKIP_WIDE;LONG;2024.01.05 17:01;2052.68;2041.66;2064.28;2041.66;SL;-1.000;1.023;1.000;1;1;2063.95;2040.47
2024.01.08;Mon;2019.17;2027.17;8.00;5.76;1.389;2008.84;0.872;SKIP_WIDE;LONG;2024.01.08 17:07;2028.41;2019.17;2043.17;2027.13;FLAT;-0.139;0.911;0.253;0;0;2036.83;2025.49
2024.01.09;Tue;2033.91;2037.53;3.62;5.76;0.628;2009.81;1.238;SKIP_NARROW;SHORT;2024.01.09 17:10;2033.14;2037.53;2026.67;2026.67;TP;1.474;1.474;0.499;1;0;2035.59;2026.03
2024.01.10;Wed;2026.44;2033.57;7.13;4.99;1.430;2010.71;0.828;SKIP_WIDE;SHORT;2024.01.10 17:04;2025.99;2033.57;2012.18;2023.70;FLAT;0.302;0.720;0.499;0;0;2029.72;2020.41
2024.01.11;Thu;2027.21;2034.88;7.67;4.99;1.539;2011.08;0.926;SKIP_WIDE;SHORT;2024.01.11 17:05;2027.10;2034.88;2011.87;2027.60;FLAT;-0.064;1.766;0.758;1;1;2032.98;2013.26
2024.01.12;Fri;2055.07;2062.23;7.16;5.82;1.230;2011.76;2.196;SKIP_WIDE;SHORT;2024.01.12 17:37;2054.44;2062.23;2040.75;2047.43;FLAT;0.900;1.659;0.144;1;0;2060.07;2041.44
2024.01.15;Mon;2051.58;2053.17;1.59;6.75;0.236;2013.06;1.939;SKIP_NARROW;SHORT;2024.01.15 17:01;2051.49;2053.17;2048.40;2053.17;SL;-1.000;1.351;1.000;1;1;2056.32;2049.20
2024.01.16;Tue;2036.89;2042.49;5.60;6.75;0.830;2014.50;1.175;SKIP_TREND;SHORT;2024.01.16 18:01;2036.07;2042.49;2025.69;2025.69;TP;1.617;1.618;0.684;1;0;2042.00;2024.21
2024.01.17;Wed;2011.42;2022.78;11.36;6.13;1.855;2015.35;-0.159;SKIP_WIDE;SHORT;2024.01.17 17:01;2010.92;2022.78;1988.70;2006.21;FLAT;0.397;0.769;0.267;0;0;2014.01;2001.78
2024.01.18;Thu;2010.79;2013.62;2.83;6.75;0.419;2015.62;-0.140;SKIP_NARROW;LONG;2024.01.18 17:18;2013.79;2010.79;2019.28;2019.28;TP;1.830;1.833;0.460;1;1;2022.62;2011.58
2024.01.19;Fri;2026.36;2032.08;5.72;6.75;0.847;2016.53;0.640;SKIP_TREND;SHORT;2024.01.19 17:07;2025.88;2032.08;2014.92;2028.49;FLAT;-0.421;0.439;0.597;0;0;2032.02;2023.14
2024.01.22;Mon;2016.54;2023.96;7.42;6.19;1.200;2017.73;0.243;SKIP_WIDE;LONG;2024.01.22 17:14;2024.31;2016.54;2038.80;2020.78;FLAT;-0.454;0.287;0.676;0;0;2026.54;2019.06
2024.01.23;Tue;2021.36;2025.51;4.15;6.75;0.615;2019.17;0.195;SKIP_NARROW;LONG;2024.01.23 17:08;2026.17;2021.36;2033.81;2028.60;FLAT;0.505;0.931;0.746;0;0;2030.65;2022.58
2024.01.24;Wed;2022.76;2033.20;10.44;6.75;1.547;2020.58;0.199;SKIP_WIDE;SHORT;2024.01.24 17:04;2020.42;2033.20;2001.88;2012.38;FLAT;0.629;0.721;0.326;0;0;2025.33;2011.16
2024.01.25;Thu;2019.46;2025.30;5.84;6.99;0.835;2022.10;0.070;SHORT;SHORT;2024.01.25 17:31;2019.13;2025.30;2007.78;2020.13;FLAT;-0.162;1.053;0.408;1;1;2024.71;2012.46
2024.01.26;Fri;2019.04;2022.58;3.54;6.99;0.506;2023.59;-0.165;SKIP_NARROW;SHORT;2024.01.26 17:02;2018.90;2022.58;2011.96;2018.54;FLAT;0.098;0.785;0.155;0;0;2020.18;2015.89
2024.01.29;Mon;2021.56;2032.89;11.33;6.99;1.621;2024.69;0.000;SKIP_WIDE;SHORT;2024.01.29 17:26;2021.35;2032.89;1998.90;2032.89;SL;-1.000;0.068;1.000;0;0;2035.21;2020.51
2024.01.30;Tue;2045.59;2048.19;2.60;7.14;0.364;2026.17;1.005;SKIP_NARROW;SHORT;2024.01.30 17:01;2043.44;2048.19;2040.39;2040.39;TP;0.642;0.646;0.259;0;0;2048.13;2029.00
2024.01.31;Wed;2044.11;2055.24;11.13;6.48;1.716;2027.28;1.197;SKIP_WIDE;LONG;2024.01.31 17:17;2055.61;2044.11;2077.50;2044.11;SL;-1.000;0.025;1.002;0;0;2055.99;2030.81
2024.02.01;Thu;2045.71;2050.82;5.11;6.48;0.788;2028.46;0.864;SKIP_TREND;SHORT;2024.02.01 17:01;2044.59;2050.82;2035.49;2050.82;SL;-1.000;0.180;1.002;0;0;2065.47;2040.05
2024.02.02;Fri;2027.83;2036.05;8.22;6.48;1.268;2030.00;0.261;SKIP_WIDE;LONG;2024.02.02 18:03;2036.57;2027.83;2052.49;2036.06;FLAT;-0.058;0.247;0.398;0;0;2038.73;2028.51
2024.02.05;Mon;2017.04;2023.64;6.60;6.48;1.018;2030.83;-0.355;SKIP_WIDE;SHORT;2024.02.05 17:41;2016.89;2023.64;2003.84;2023.64;SL;-1.000;0.199;1.001;0;0;2027.50;2015.46
2024.02.06;Tue;2026.85;2033.05;6.20;6.22;0.997;2031.53;-0.045;LONG;LONG;2024.02.06 17:10;2034.17;2026.85;2045.45;2035.67;FLAT;0.205;0.637;0.292;0;0;2038.83;2029.56
2024.02.07;Wed;2032.62;2044.51;11.89;6.40;1.858;2032.40;0.493;SKIP_WIDE;-;-;0.00;0.00;0.00;0.00;-;0.000;0.000;0.000;0;0;2043.22;2033.96
2024.02.08;Thu;2027.72;2033.97;6.25;6.40;0.977;2033.06;-0.231;NO_BREAKOUT;-;-;0.00;0.00;0.00;0.00;-;0.000;0.000;0.000;0;0;2035.29;2027.59
2024.02.09;Fri;2023.01;2026.30;3.29;6.23;0.529;2033.47;-0.406;SKIP_NARROW;LONG;2024.02.09 17:14;2027.24;2023.01;2032.88;2023.01;SL;-1.000;0.000;1.000;0;0;2027.19;2020.27
2024.02.12;Mon;2013.20;2018.57;5.37;6.02;0.892;2033.14;-0.897;SHORT;SHORT;2024.02.12 17:53;2012.81;2018.57;2002.46;2018.57;SL;-1.000;0.156;1.007;0;0;2021.55;2011.86
2024.02.13;Tue;1992.44;2001.33;8.89;6.02;1.477;2032.65;-1.818;SKIP_WIDE;SHORT;2024.02.13 17:06;1990.93;2001.33;1974.66;1992.75;FLAT;-0.175;0.075;0.667;0;0;1997.83;1990.08
2024.02.14;Wed;1986.22;1992.22;6.00;6.23;0.964;2031.79;-2.185;SHORT;SHORT;2024.02.14 17:02;1985.68;1992.22;1974.22;1992.22;SL;-1.000;0.222;1.000;0;0;1996.12;1984.21
2024.02.15;Thu;2002.02;2008.24;6.22;6.10;1.020;2030.20;-1.304;SKIP_WIDE;SHORT;2024.02.15 17:39;2001.02;2008.24;1989.58;2004.48;FLAT;-0.479;0.355;0.766;0;0;2008.07;1998.42
2024.02.16;Fri;1995.30;2000.43;5.13;6.21;0.826;2029.70;-1.570;SKIP_TREND;LONG;2024.02.16 17:08;2001.28;1995.30;2010.69;2010.69;TP;1.574;1.577;0.057;1;0;2015.10;1997.17
2024.02.19;Mon;2015.89;2017.69;1.80;6.21;0.290;2029.58;-0.605;SKIP_NARROW;SHORT;2024.02.19 17:47;2015.83;2017.69;2012.29;2017.69;SL;-1.000;1.376;1.005;1;1;2018.45;2013.23
2024.02.20;Tue;2025.45;2029.48;4.03;6.10;0.661;2029.44;-0.066;SKIP_NARROW;LONG;2024.02.20 17:26;2029.71;2025.45;2037.54;2025.45;SL;-1.000;0.066;1.000;0;0;2029.99;2023.55
2024.02.21;Wed;2026.98;2029.96;2.98;6.10;0.489;2029.35;-0.089;SKIP_NARROW;LONG;2024.02.21 17:18;2030.08;2026.98;2035.92;2026.98;SL;-1.000;0.045;1.000;0;0;2030.22;2019.99
2024.02.22;Thu;2021.86;2026.08;4.22;5.92;0.713;2029.79;-0.243;SHORT;SHORT;2024.02.22 17:11;2021.34;2026.08;2013.42;2024.75;FLAT;-0.719;0.359;0.730;0;0;2025.30;2019.59
2024.02.23;Fri;2024.16;2028.64;4.48;5.68;0.788;2030.64;-0.154;SKIP_TREND;LONG;2024.02.23 17:55;2029.04;2024.16;2037.60;2037.60;TP;1.754;1.756;0.008;1;0;2041.30;2025.65
2024.02.26;Mon;2025.70;2029.08;3.38;5.68;0.595;2031.76;-0.209;SKIP_NARROW;SHORT;2024.02.26 17:20;2025.59;2029.08;2018.94;2029.08;SL;-1.000;0.155;1.000;0;0;2033.69;2025.03
2024.02.27;Tue;2033.73;2036.43;2.70;5.25;0.514;2031.83;0.145;SKIP_NARROW;SHORT;2024.02.27 17:31;2033.70;2036.43;2028.33;2030.25;FLAT;1.264;1.788;0.894;1;1;2037.50;2028.75
2024.02.28;Wed;2031.06;2034.01;2.95;5.25;0.562;2031.71;0.001;SKIP_NARROW;SHORT;2024.02.28 17:21;2030.54;2034.01;2025.16;2034.01;SL;-1.000;0.000;1.000;0;0;2035.56;2030.41
2024.02.29;Thu;2045.93;2050.25;4.32;5.12;0.844;2032.00;0.773;LONG;LONG;2024.02.29 17:06;2050.55;2045.93;2058.89;2045.93;SL;-1.000;0.026;1.002;0;0;2050.67;2043.28
2024.03.01;Fri;2045.57;2054.79;9.22;4.81;1.919;2032.34;0.688;SKIP_WIDE;LONG;2024.03.01 17:14;2055.07;2045.57;2073.23;2073.23;TP;1.912;1.912;0.016;1;0;2088.26;2047.20
2024.03.04;Mon;2093.52;2101.40;7.88;4.81;1.640;2033.20;3.323;SKIP_WIDE;LONG;2024.03.04 17:24;2102.70;2093.52;2117.16;2117.16;TP;1.575;1.576;0.253;1;0;2119.86;2097.56
2024.03.05;Tue;2124.98;2133.24;8.26;4.81;1.719;2034.87;4.583;SKIP_WIDE;LONG;2024.03.05 17:01;2137.64;2124.98;2149.76;2124.98;SL;-1.000;0.152;1.001;0;0;2139.56;2123.67
2024.03.06;Wed;2139.14;2149.16;10.02;4.81;2.085;2036.51;5.312;SKIP_WIDE;SHORT;2024.03.06 17:05;2135.38;2149.16;2119.10;2149.16;SL;-1.000;0.078;1.001;0;0;2152.16;2132.05
2024.03.07;Thu;2147.94;2156.36;8.42;4.81;1.752;2038.41;5.672;SKIP_WIDE;LONG;2024.03.07 17:12;2156.42;2147.94;2173.20;2158.60;FLAT;0.257;0.524;0.844;0;0;2160.86;2149.26
2024.03.08;Fri;2164.55;2173.65;9.10;4.81;1.894;2040.05;6.409;SKIP_WIDE;LONG;2024.03.08 17:35;2173.69;2164.55;2191.85;2191.85;TP;1.987;1.990;0.153;1;0;2195.09;2167.83
2024.03.11;Mon;2177.54;2185.11;7.57;5.25;1.442;2042.32;6.826;SKIP_WIDE;SHORT;2024.03.11 17:04;2177.16;2185.11;2162.40;2185.11;SL;-1.000;0.189;1.000;0;0;2185.63;2175.64
2024.03.12;Tue;2156.13;2164.70;8.57;5.57;1.540;2044.72;5.657;SKIP_WIDE;SHORT;2024.03.12 17:06;2155.39;2164.70;2138.99;2164.70;SL;-1.000;0.300;1.001;0;0;2166.54;2150.57
2024.03.13;Wed;2163.46;2171.55;8.09;5.57;1.454;2046.70;5.828;SKIP_WIDE;LONG;2024.03.13 18:17;2171.86;2163.46;2187.73;2172.53;FLAT;0.080;0.949;0.279;0;0;2179.83;2163.49
2024.03.14;Thu;2158.49;2164.76;6.27;5.68;1.105;2049.36;5.518;SKIP_WIDE;SHORT;2024.03.14 17:23;2158.01;2164.76;2145.95;2164.76;SL;-1.000;0.784;1.001;0;0;2164.97;2152.70
2024.03.15;Fri;2156.50;2161.61;5.11;5.70;0.896;2051.73;5.283;LONG;LONG;2024.03.15 17:01;2161.80;2156.50;2171.83;2156.50;SL;-1.000;0.913;1.000;0;0;2166.64;2155.15
2024.03.18;Mon;2155.47;2158.13;2.66;5.69;0.467;2053.94;5.002;SKIP_NARROW;LONG;2024.03.18 17:02;2158.37;2155.47;2163.45;2155.47;SL;-1.000;1.010;1.003;1;1;2161.30;2154.56
2024.03.19;Tue;2150.50;2155.91;5.41;5.69;0.951;2056.58;4.598;SKIP_TREND;SHORT;2024.03.19 17:05;2150.43;2155.91;2139.68;2155.91;SL;-1.000;0.378;1.002;0;0;2157.92;2148.34
2024.03.20;Wed;2150.43;2158.62;8.19;5.84;1.402;2059.13;4.796;SKIP_WIDE;LONG;2024.03.20 17:02;2161.14;2150.43;2175.00;2175.00;TP;1.294;1.294;0.613;1;0;2188.78;2154.58
2024.03.21;Thu;2191.54;2202.21;10.67;6.92;1.542;2062.37;6.274;SKIP_WIDE;SHORT;2024.03.21 17:01;2190.96;2202.21;2170.20;2170.20;TP;1.845;1.845;0.010;1;0;2191.86;2166.37
2024.03.22;Fri;2173.12;2180.07;6.95;7.73;0.900;2065.42;5.453;SKIP_TREND;SHORT;2024.03.22 17:21;2172.87;2180.07;2159.22;2159.22;TP;1.896;1.897;0.435;1;0;2179.84;2157.04
2024.03.25;Mon;2172.98;2181.29;8.31;7.73;1.076;2067.74;5.288;SKIP_WIDE;-;-;0.00;0.00;0.00;0.00;-;0.000;0.000;0.000;0;0;2180.46;2170.65
2024.03.26;Tue;2178.34;2189.96;11.62;7.99;1.455;2070.08;5.453;SKIP_WIDE;SHORT;2024.03.26 18:04;2177.99;2189.96;2155.10;2178.08;FLAT;-0.008;0.527;0.109;0;0;2186.26;2171.66
2024.03.27;Wed;2185.43;2193.42;7.99;8.14;0.982;2073.09;5.801;LONG;LONG;2024.03.27 17:05;2193.59;2185.43;2209.40;2193.36;FLAT;-0.028;0.196;0.641;0;0;2195.19;2188.36
2024.03.28;Thu;2202.21;2210.80;8.59;8.14;1.055;2076.86;6.246;SKIP_WIDE;LONG;2024.03.28 17:49;2213.36;2202.21;2227.98;2221.81;FLAT;0.758;1.089;0.201;1;0;2225.50;2204.29
2024.04.01;Mon;2239.25;2254.52;15.27;8.22;1.857;2081.05;7.939;SKIP_WIDE;SHORT;2024.04.01 17:02;2238.91;2254.52;2208.71;2244.69;FLAT;-0.370;0.669;0.371;0;0;2246.30;2228.45
2024.04.02;Tue;2257.76;2266.78;9.02;8.22;1.097;2085.49;8.618;SKIP_WIDE;LONG;2024.04.02 17:04;2271.87;2257.76;2284.82;2257.76;SL;-1.000;0.360;1.002;0;0;2279.31;2250.82
2024.04.03;Wed;2271.64;2276.92;5.28;8.28;0.637;2090.66;8.806;SKIP_NARROW;LONG;2024.04.03 17:01;2279.65;2271.64;2287.48;2287.48;TP;0.978;0.979;0.689;0;0;2298.81;2274.13
2024.04.04;Thu;2284.82;2290.20;5.38;8.25;0.652;2096.08;9.134;SKIP_NARROW;LONG;2024.04.04 17:01;2290.39;2284.82;2300.96;2300.96;TP;1.898;1.898;0.729;1;1;2305.57;2279.98
2024.04.05;Fri;2292.35;2303.61;11.26;8.14;1.383;2101.62;9.428;SKIP_WIDE;LONG;2024.04.05 17:15;2303.95;2292.35;2326.13;2326.13;TP;1.912;1.914;0.377;1;0;2330.41;2295.90
2024.04.08;Mon;2326.88;2335.74;8.86;8.14;1.088;2107.79;10.419;SKIP_WIDE;SHORT;2024.04.08 17:01;2324.33;2335.74;2309.16;2335.74;SL;-1.000;0.495;1.004;0;0;2342.01;2318.66
2024.04.09;Tue;2352.86;2361.02;8.16;8.14;1.002;2114.20;11.407;SKIP_WIDE;LONG;2024.04.09 17:13;2361.63;2352.86;2377.34;2352.86;SL;-1.000;0.303;1.000;0;0;2364.29;2338.23
2024.04.10;Wed;2319.37;2335.80;16.43;8.17;2.010;2120.58;10.061;SKIP_WIDE;LONG;2024.04.10 17:07;2335.94;2319.37;2368.66;2329.65;FLAT;-0.380;0.990;0.609;0;0;2352.34;2325.85
2024.04.11;Thu;2341.44;2347.43;5.99;8.17;0.733;2126.53;10.192;SKIP_TREND;SHORT;2024.04.11 17:16;2341.12;2347.43;2329.46;2347.43;SL;-1.000;1.391;1.021;1;1;2374.61;2332.32
2024.04.12;Fri;2393.44;2406.50;13.06;8.17;1.598;2133.18;12.696;SKIP_WIDE;LONG;2024.04.12 17:08;2406.83;2393.44;2432.62;2393.44;SL;-1.000;1.839;1.001;1;1;2431.45;2333.81
2024.04.15;Mon;2343.14;2355.51;12.37;8.25;1.499;2138.96;9.803;SKIP_WIDE;SHORT;2024.04.15 17:05;2340.40;2355.51;2318.40;2355.51;SL;-1.000;1.061;1.000;1;1;2387.58;2324.35
2024.04.16;Tue;2365.30;2378.58;13.28;8.45;1.572;2145.82;10.271;SKIP_WIDE;SHORT;2024.04.16 17:24;2363.64;2378.58;2338.74;2378.58;SL;-1.000;0.005;1.000;0;0;2398.28;2363.54
2024.04.17;Wed;2387.91;2395.11;7.20;8.72;0.825;2152.96;11.164;SKIP_TREND;SHORT;2024.04.17 17:18;2387.69;2395.11;2373.51;2395.11;SL;-1.000;0.214;1.001;0;0;2395.56;2361.08
2024.04.18;Thu;2375.39;2392.81;17.42;8.72;1.997;2159.44;10.198;SKIP_WIDE;SHORT;2024.04.18 17:32;2374.10;2392.81;2340.55;2380.24;FLAT;-0.328;0.240;0.814;0;0;2389.31;2369.59
2024.04.19;Fri;2377.56;2386.81;9.25;8.94;1.035;2166.32;9.798;SKIP_WIDE;LONG;2024.04.19 17:18;2387.80;2377.56;2405.31;2388.00;FLAT;0.020;1.382;0.183;1;1;2401.95;2378.54
2024.04.22;Mon;2331.17;2340.31;9.14;8.94;1.022;2173.45;7.594;SKIP_WIDE;LONG;2024.04.22 17:30;2340.41;2331.17;2358.59;2331.17;SL;-1.000;0.364;1.001;0;0;2343.77;2324.73
2024.04.23;Tue;2310.60;2330.71;20.11;9.08;2.215;2179.49;6.875;SKIP_WIDE;LONG;2024.04.23 17:08;2331.07;2310.60;2370.93;2322.30;FLAT;-0.428;0.048;0.810;0;0;2332.06;2314.49
2024.04.24;Wed;2316.23;2326.08;9.85;9.19;1.071;2185.53;6.210;SKIP_WIDE;LONG;2024.04.24 17:40;2326.22;2316.23;2345.78;2318.93;FLAT;-0.730;1.105;0.849;1;1;2337.26;2316.87
2024.04.25;Thu;2315.51;2324.94;9.43;9.19;1.026;2191.98;5.790;SKIP_WIDE;LONG;2024.04.25 17:25;2325.30;2315.51;2343.80;2343.80;TP;1.890;1.891;0.155;1;0;2344.82;2316.96
2024.04.26;Fri;2339.99;2347.73;7.74;9.34;0.829;2198.78;6.532;SKIP_TREND;SHORT;2024.04.26 17:11;2339.03;2347.73;2324.51;2340.06;FLAT;-0.118;1.190;0.394;1;1;2345.23;2328.66
2024.04.29;Mon;2325.54;2336.63;11.09;9.34;1.187;2205.45;5.824;SKIP_WIDE;LONG;2024.04.29 17:06;2336.85;2325.54;2358.81;2335.69;FLAT;-0.103;0.873;0.361;0;0;2346.72;2332.77
2024.04.30;Tue;2303.36;2313.28;9.92;9.34;1.062;2211.89;4.319;SKIP_WIDE;SHORT;2024.04.30 17:10;2302.50;2313.28;2283.52;2290.81;FLAT;1.084;1.224;0.409;1;0;2310.54;2289.29
2024.05.01;Wed;2299.46;2303.41;3.95;9.64;0.410;2217.23;3.847;SKIP_NARROW;LONG;2024.05.01 17:03;2303.91;2299.46;2311.31;2299.46;SL;-1.000;1.454;1.000;1;1;2328.29;2295.41
2024.05.02;Thu;2285.44;2295.74;10.30;9.64;1.068;2223.13;3.078;SKIP_WIDE;LONG;2024.05.02 17:20;2297.43;2285.44;2316.34;2302.96;FLAT;0.461;1.001;0.236;1;0;2309.43;2287.66
2024.05.03;Fri;2277.18;2304.40;27.22;9.88;2.754;2228.68;2.731;SKIP_WIDE;-;-;0.00;0.00;0.00;0.00;-;0.000;0.000;0.000;0;0;2303.13;2283.23
2024.05.06;Mon;2322.36;2331.99;9.63;9.88;0.974;2234.23;4.192;SKIP_TREND;SHORT;2024.05.06 17:39;2321.56;2331.99;2303.10;2325.03;FLAT;-0.333;0.355;0.577;0;0;2330.57;2317.84
2024.05.07;Tue;2316.70;2321.74;5.04;9.88;0.510;2240.00;3.503;SKIP_NARROW;LONG;2024.05.07 17:20;2322.03;2316.70;2331.82;2316.70;SL;-1.000;0.008;1.006;0;0;2322.40;2311.02
2024.05.08;Wed;2307.21;2312.66;5.45;9.88;0.551;2245.65;2.866;SKIP_NARROW;LONG;2024.05.08 17:14;2312.80;2307.21;2323.56;2308.14;FLAT;-0.834;1.469;0.860;1;1;2321.01;2307.99
2024.05.09;Thu;2317.37;2325.06;7.69;9.74;0.790;2251.20;3.247;LONG;LONG;2024.05.09 17:02;2325.87;2317.37;2340.44;2340.44;TP;1.714;1.715;0.167;1;0;2343.99;2323.32
2024.05.10;Fri;2363.59;2369.05;5.46;9.74;0.561;2257.43;4.861;SKIP_NARROW;LONG;2024.05.10 17:02;2369.29;2363.59;2379.97;2363.59;SL;-1.000;0.656;1.005;0;0;2373.03;2356.52
2024.05.13;Mon;2340.30;2348.20;7.90;9.53;0.829;2263.76;3.549;SKIP_TREND;SHORT;2024.05.13 18:04;2338.92;2348.20;2324.50;2337.36;FLAT;0.168;0.736;0.083;0;0;2346.02;2332.07
2024.05.14;Tue;2344.91;2355.15;10.24;9.34;1.096;2268.82;3.750;SKIP_WIDE;LONG;2024.05.14 17:02;2355.34;2344.91;2375.63;2356.55;FLAT;0.116;0.414;0.858;0;0;2359.66;2346.39
2024.05.15;Wed;2351.78;2370.41;18.63;9.34;1.995;2273.69;3.712;SKIP_WIDE;LONG;2024.05.15 17:44;2370.59;2351.78;2407.67;2386.61;FLAT;0.852;1.044;0.198;1;0;2390.22;2353.83
2024.05.16;Thu;2371.69;2379.13;7.44;9.53;0.781;2278.85;4.223;SKIP_TREND;SHORT;2024.05.16 17:58;2371.36;2379.13;2356.81;2379.13;SL;-1.000;0.000;1.001;0;0;2383.75;2370.92
2024.05.17;Fri;2395.87;2403.52;7.65;9.34;0.819;2283.42;5.176;LONG;LONG;2024.05.17 17:26;2405.02;2395.87;2418.82;2418.82;TP;1.508;1.509;0.200;1;0;2419.16;2398.71
2024.05.20;Mon;2410.34;2420.95;10.61;9.28;1.143;2288.50;5.753;SKIP_WIDE;LONG;2024.05.20 17:01;2421.34;2410.34;2442.17;2426.69;FLAT;0.486;1.454;0.602;1;0;2437.33;2414.72
2024.05.21;Tue;2424.70;2430.78;6.08;9.53;0.638;2293.44;5.854;SKIP_NARROW;LONG;2024.05.21 18:03;2430.93;2424.70;2442.94;2424.70;SL;-1.000;0.474;1.000;0;0;2433.88;2417.32
2024.05.22;Wed;2405.73;2412.68;6.95;8.66;0.802;2298.19;4.934;SKIP_TREND;SHORT;2024.05.22 17:08;2401.82;2412.68;2391.83;2391.83;TP;0.920;0.923;0.108;0;0;2411.59;2374.89
2024.05.23;Thu;2350.60;2369.49;18.89;7.82;2.416;2302.58;2.432;SKIP_WIDE;SHORT;2024.05.23 17:18;2346.78;2369.49;2312.82;2331.52;FLAT;0.672;0.697;0.288;0;0;2363.88;2330.92
2024.05.24;Fri;2336.79;2347.36;10.57;7.82;1.352;2305.67;1.365;SKIP_WIDE;SHORT;2024.05.24 17:23;2336.71;2347.36;2315.65;2333.73;FLAT;0.280;0.453;0.332;0;0;2343.19;2331.87
2024.05.27;Mon;2348.75;2356.96;8.21;8.76;0.937;2309.10;1.983;LONG;LONG;2024.05.27 17:26;2357.09;2348.75;2373.38;2352.30;FLAT;-0.574;0.168;0.778;0;0;2358.49;2350.60
2024.05.28;Tue;2353.07;2362.67;9.60;8.05;1.192;2313.00;1.806;SKIP_WIDE;SHORT;2024.05.28 17:01;2351.80;2362.67;2333.87;2358.29;FLAT;-0.597;0.358;0.956;0;0;2362.17;2347.89
2024.05.29;Wed;2340.00;2347.18;7.18;8.05;0.891;2317.02;1.237;SKIP_TREND;SHORT;2024.05.29 18:28;2339.84;2347.18;2325.64;2336.76;FLAT;0.420;0.518;0.605;0;0;2346.46;2336.02
2024.05.30;Thu;2342.63;2348.68;6.05;8.05;0.751;2320.63;1.209;LONG;LONG;2024.05.30 17:01;2350.44;2342.63;2360.78;2342.63;SL;-1.000;0.178;1.000;0;0;2351.83;2339.93
2024.05.31;Fri;2343.44;2356.08;12.64;7.79;1.622;2323.77;1.048;SKIP_WIDE;SHORT;2024.05.31 17:11;2341.30;2356.08;2318.16;2327.72;FLAT;0.919;1.401;0.191;1;0;2349.03;2320.58
2024.06.03;Mon;2329.85;2336.71;6.86;7.79;0.880;2326.70;0.290;LONG;LONG;2024.06.03 17:01;2341.07;2329.85;2350.43;2350.43;TP;0.834;0.835;0.500;0;0;2354.68;2333.37
2024.06.04;Tue;2322.20;2337.29;15.09;7.67;1.967;2330.40;-0.254;SKIP_WIDE;SHORT;2024.06.04 17:14;2321.81;2337.29;2292.02;2327.29;FLAT;-0.354;0.351;0.553;0;0;2332.36;2316.36
2024.06.05;Wed;2338.20;2345.92;7.72;7.79;0.990;2333.51;0.491;SKIP_TREND;SHORT;2024.06.05 17:07;2336.94;2345.92;2322.76;2345.92;SL;-1.000;0.308;1.000;0;0;2357.36;2334.15
2024.06.06;Thu;2359.63;2367.02;7.39;7.81;0.946;2337.03;1.006;SKIP_TREND;SHORT;2024.06.06 17:16;2359.40;2367.02;2344.85;2367.02;SL;-1.000;0.115;1.000;0;0;2378.50;2358.50
2024.06.07;Fri;2305.03;2326.42;21.39;7.81;2.739;2340.66;-1.332;SKIP_WIDE;-;-;0.00;0.00;0.00;0.00;-;0.000;0.000;0.000;0;0;2321.11;2287.67
2024.06.10;Mon;2300.40;2306.27;5.87;8.05;0.729;2341.88;-1.547;SKIP_TREND;LONG;2024.06.10 17:46;2306.74;2300.40;2318.01;2308.77;FLAT;0.320;1.112;0.852;1;0;2313.79;2301.34
2024.06.11;Tue;2309.39;2315.19;5.80;7.97;0.728;2343.06;-1.211;SKIP_TREND;LONG;2024.06.11 17:01;2316.14;2309.39;2326.79;2309.39;SL;-1.000;0.244;1.001;0;0;2317.79;2305.91
2024.06.12;Wed;2324.99;2340.97;15.98;7.69;2.079;2343.78;-0.595;SKIP_WIDE;SHORT;2024.06.12 17:06;2322.54;2340.97;2293.03;2321.39;FLAT;0.062;0.356;0.930;0;0;2339.54;2315.83
2024.06.13;Thu;2308.39;2324.73;16.34;7.69;2.126;2344.26;-1.431;SKIP_WIDE;SHORT;2024.06.13 17:07;2307.85;2324.73;2275.71;2303.54;FLAT;0.255;0.719;0.553;0;0;2317.04;2295.57
2024.06.14;Fri;2324.20;2332.88;8.68;7.97;1.090;2344.52;-0.609;SKIP_WIDE;LONG;2024.06.14 17:08;2333.56;2324.20;2350.24;2324.20;SL;-1.000;0.201;1.001;0;0;2335.54;2324.02
2024.06.17;Mon;2319.08;2325.74;6.66;8.45;0.789;2344.58;-1.008;SHORT;SHORT;2024.06.17 17:09;2319.05;2325.74;2305.76;2325.74;SL;-1.000;0.000;1.001;0;0;2327.56;2309.98
2024.06.18;Tue;2313.87;2327.74;13.87;7.97;1.741;2344.18;-0.744;SKIP_WIDE;-;-;0.00;0.00;0.00;0.00;-;0.000;0.000;0.000;0;0;2333.11;2318.74
2024.06.19;Wed;2327.94;2330.42;2.48;8.45;0.294;2343.71;-0.662;SKIP_NARROW;SHORT;2024.06.19 17:01;2327.30;2330.42;2322.98;2330.42;SL;-1.000;1.074;1.000;1;1;2331.35;2323.81
2024.06.20;Thu;2337.50;2349.43;11.93;8.45;1.413;2343.60;0.243;SKIP_WIDE;LONG;2024.06.20 17:01;2349.78;2337.50;2373.29;2358.91;FLAT;0.743;1.277;0.011;1;0;2365.46;2348.97
2024.06.21;Fri;2334.76;2356.01;21.25;8.45;2.516;2343.36;-0.118;SKIP_WIDE;SHORT;2024.06.21 17:05;2333.89;2356.01;2292.26;2322.26;FLAT;0.526;0.769;0.221;0;0;2340.59;2316.73
2024.06.24;Mon;2327.95;2333.87;5.92;8.45;0.701;2342.90;-0.635;SHORT;SHORT;2024.06.24 17:01;2327.16;2333.87;2316.11;2333.87;SL;-1.000;0.024;1.001;0;0;2334.68;2326.86
2024.06.25;Tue;2320.28;2326.06;5.78;8.20;0.705;2341.93;-0.693;SKIP_TREND;LONG;2024.06.25 17:22;2326.25;2320.28;2337.62;2320.28;SL;-1.000;0.323;1.000;0;0;2328.18;2315.48
2024.06.26;Wed;2293.63;2300.00;6.37;7.56;0.843;2340.68;-1.895;SKIP_TREND;LONG;2024.06.26 17:04;2301.08;2293.63;2312.74;2298.78;FLAT;-0.309;0.412;0.765;0;0;2304.15;2295.38
2024.06.27;Thu;2319.53;2324.90;5.37;7.56;0.711;2339.44;-0.688;SKIP_TREND;LONG;2024.06.27 17:02;2330.68;2319.53;2335.64;2326.09;FLAT;-0.412;0.019;0.739;0;0;2330.89;2322.44
2024.06.28;Fri;2326.81;2332.17;5.36;7.56;0.709;2338.41;-0.342;SKIP_TREND;LONG;2024.06.28 17:12;2332.50;2326.81;2342.89;2326.81;SL;-1.000;0.214;1.000;0;0;2333.72;2322.86
2024.07.01;Mon;2325.56;2334.12;8.56;7.13;1.201;2337.12;-0.432;SKIP_WIDE;SHORT;2024.07.01 17:21;2325.02;2334.12;2308.44;2331.20;FLAT;-0.679;0.615;0.762;0;0;2334.26;2319.28
2024.07.02;Tue;2327.12;2336.79;9.67;7.56;1.280;2337.22;-0.120;SKIP_WIDE;SHORT;2024.07.02 17:10;2324.66;2336.79;2307.78;2331.02;FLAT;-0.524;0.293;0.561;0;0;2335.38;2320.97
2024.07.03;Wed;2349.61;2358.72;9.11;7.56;1.206;2337.37;0.777;SKIP_WIDE;LONG;2024.07.03 17:01;2360.34;2349.61;2376.94;2354.30;FLAT;-0.563;0.427;0.618;0;0;2364.92;2353.71
2024.07.04;Thu;2357.30;2360.06;2.76;7.97;0.346;2338.16;0.922;SKIP_NARROW;LONG;2024.07.04 17:20;2360.53;2357.30;2365.58;2357.30;SL;-1.000;0.402;1.009;0;0;2361.83;2355.55
2024.07.05;Fri;2374.33;2385.14;10.81;7.61;1.420;2338.65;1.905;SKIP_WIDE;LONG;2024.07.05 18:19;2385.46;2374.33;2406.76;2388.72;FLAT;0.293;0.668;0.261;0;0;2392.89;2374.51
2024.07.08;Mon;2370.34;2377.08;6.74;7.61;0.886;2339.72;1.533;LONG;LONG;2024.07.08 17:04;2377.48;2370.34;2390.56;2370.34;SL;-1.000;0.284;1.003;0;0;2379.51;2351.10
2024.07.09;Tue;2362.86;2368.49;5.63;7.65;0.736;2340.19;1.175;SKIP_TREND;SHORT;2024.07.09 17:05;2360.77;2368.49;2351.60;2351.60;TP;1.188;1.198;0.580;1;0;2371.46;2349.47
2024.07.10;Wed;2378.16;2386.64;8.48;7.65;1.108;2341.76;1.769;SKIP_WIDE;SHORT;2024.07.10 17:22;2378.10;2386.64;2361.20;2371.91;FLAT;0.725;0.944;0.392;0;0;2385.11;2369.90
2024.07.11;Thu;2395.84;2409.23;13.39;7.61;1.760;2342.81;2.724;SKIP_WIDE;LONG;2024.07.11 17:06;2409.38;2395.84;2436.01;2414.13;FLAT;0.351;1.119;0.373;1;0;2424.53;2404.33
2024.07.12;Fri;2399.49;2405.47;5.98;7.61;0.786;2345.04;2.486;LONG;LONG;2024.07.12 17:02;2405.95;2399.49;2417.43;2417.43;TP;1.777;1.780;0.125;1;0;2418.25;2403.09
2024.07.15;Mon;2411.83;2419.27;7.44;6.70;1.110;2347.23;3.060;SKIP_WIDE;LONG;2024.07.15 17:08;2420.31;2411.83;2434.15;2434.15;TP;1.632;1.632;0.118;1;0;2439.70;2418.16
2024.07.16;Tue;2436.60;2447.95;11.35;7.09;1.601;2349.20;3.981;SKIP_WIDE;LONG;2024.07.16 17:33;2448.46;2436.60;2470.65;2468.52;FLAT;1.691;1.705;0.211;1;0;2468.68;2440.54
2024.07.17;Wed;2471.33;2483.41;12.08;7.09;1.704;2352.29;5.556;SKIP_WIDE;SHORT;2024.07.17 17:11;2470.97;2483.41;2447.17;2458.16;FLAT;1.030;1.551;0.146;1;0;2483.67;2451.53
2024.07.18;Thu;2457.59;2465.46;7.87;7.96;0.989;2355.31;4.661;LONG;LONG;2024.07.18 17:02;2465.94;2457.59;2481.20;2457.59;SL;-1.000;0.467;1.000;0;0;2469.84;2440.33
2024.07.19;Fri;2394.69;2406.62;11.93;7.65;1.558;2357.29;1.971;SKIP_WIDE;LONG;2024.07.19 18:11;2408.51;2394.69;2430.48;2398.62;FLAT;-0.716;0.000;0.931;0;0;2408.42;2395.64
2024.07.22;Mon;2391.40;2398.95;7.55;7.65;0.986;2358.09;1.467;SKIP_TREND;SHORT;2024.07.22 17:23;2390.60;2398.95;2376.30;2398.95;SL;-1.000;0.793;1.007;0;0;2400.02;2383.80
2024.07.23;Tue;2399.56;2405.47;5.91;7.71;0.767;2359.29;1.805;LONG;LONG;2024.07.23 17:33;2406.32;2399.56;2417.29;2407.45;FLAT;0.167;0.396;0.627;0;0;2409.00;2399.62
2024.07.24;Wed;2416.81;2426.63;9.82;7.71;1.274;2360.33;2.590;SKIP_WIDE;LONG;2024.07.24 17:06;2427.22;2416.81;2446.27;2416.81;SL;-1.000;0.457;1.000;0;0;2431.98;2398.32
2024.07.25;Thu;2362.04;2372.00;9.96;8.17;1.218;2360.55;0.191;SKIP_WIDE;SHORT;2024.07.25 17:11;2361.38;2372.00;2342.12;2362.68;FLAT;-0.122;0.766;0.680;0;0;2368.46;2353.10
2024.07.26;Fri;2376.48;2383.16;6.68;8.52;0.784;2360.29;0.897;LONG;LONG;2024.07.26 17:01;2383.46;2376.48;2396.52;2386.35;FLAT;0.414;1.046;0.507;1;1;2390.76;2379.92
2024.07.29;Mon;2389.84;2396.39;6.55;8.52;0.769;2359.75;1.360;SKIP_TREND;SHORT;2024.07.29 17:18;2389.60;2396.39;2376.74;2376.74;TP;1.894;1.894;0.396;1;0;2394.08;2369.58
2024.07.30;Tue;2391.55;2397.70;6.15;8.17;0.752;2358.91;1.478;SKIP_TREND;SHORT;2024.07.30 17:01;2391.08;2397.70;2379.25;2397.70;SL;-1.000;1.133;1.008;1;1;2410.80;2383.41
2024.07.31;Wed;2419.81;2427.51;7.70;7.71;0.999;2358.72;2.856;LONG;LONG;2024.07.31 17:01;2427.71;2419.81;2442.91;2419.81;SL;-1.000;0.162;1.001;0;0;2450.81;2419.18
2024.08.01;Thu;2448.90;2457.31;8.41;7.63;1.103;2360.11;3.951;SKIP_WIDE;LONG;2024.08.01 17:01;2459.26;2448.90;2474.13;2448.90;SL;-1.000;0.287;1.001;0;0;2462.23;2434.89
2024.08.02;Fri;2462.65;2471.36;8.71;7.79;1.119;2362.47;4.545;SKIP_WIDE;LONG;2024.08.02 17:04;2473.13;2462.65;2488.78;2462.65;SL;-1.000;0.113;1.002;0;0;2474.31;2410.78
2024.08.05;Mon;2382.42;2396.85;14.43;7.79;1.854;2364.63;1.218;SKIP_WIDE;LONG;2024.08.05 18:01;2399.06;2382.42;2425.71;2407.63;FLAT;0.515;0.835;0.011;0;0;2412.96;2386.95
2024.08.06;Tue;2390.33;2398.81;8.48;8.14;1.042;2365.81;1.262;SKIP_WIDE;LONG;2024.08.06 17:05;2399.69;2390.33;2415.77;2390.33;SL;-1.000;0.362;1.000;0;0;2403.08;2381.59
2024.08.07;Wed;2397.01;2404.77;7.76;8.44;0.919;2366.39;1.423;NO_BREAKOUT;-;-;0.00;0.00;0.00;0.00;-;0.000;0.000;0.000;0;0;2403.37;2383.81
2024.08.08;Thu;2407.77;2415.39;7.62;8.14;0.936;2367.27;1.978;LONG;LONG;2024.08.08 17:11;2419.64;2407.77;2430.63;2423.52;FLAT;0.327;0.558;0.647;0;0;2426.26;2409.23
2024.08.09;Fri;2421.03;2433.11;12.08;7.81;1.546;2368.96;2.435;SKIP_WIDE;LONG;2024.08.09 17:31;2434.76;2421.03;2457.27;2429.25;FLAT;-0.401;0.164;0.675;0;0;2437.01;2425.37
2024.08.12;Mon;2445.75;2457.47;11.72;8.14;1.440;2371.02;3.509;SKIP_WIDE;SHORT;2024.08.12 17:21;2445.02;2457.47;2422.31;2457.47;SL;-1.000;0.020;1.001;0;0;2472.09;2444.50
2024.08.13;Tue;2466.85;2475.52;8.67;8.44;1.027;2373.47;4.188;SKIP_WIDE;SHORT;2024.08.13 17:31;2466.52;2475.52;2449.51;2467.19;FLAT;-0.074;0.459;0.740;0;0;2473.26;2462.21
2024.08.14;Wed;2449.40;2461.03;11.63;8.44;1.377;2376.24;3.417;SKIP_WIDE;SHORT;2024.08.14 17:36;2447.19;2461.03;2426.14;2447.33;FLAT;-0.010;0.647;0.520;0;0;2458.29;2438.05
2024.08.15;Thu;2435.99;2451.46;15.47;8.44;1.832;2378.10;2.790;SKIP_WIDE;LONG;2024.08.15 17:29;2451.96;2435.99;2482.40;2455.50;FLAT;0.222;0.604;0.092;0;0;2461.60;2444.45
2024.08.16;Fri;2486.14;2500.01;13.87;8.58;1.617;2379.71;4.810;SKIP_WIDE;SHORT;2024.08.16 17:05;2485.71;2500.01;2458.40;2500.01;SL;-1.000;0.566;1.000;0;0;2508.93;2477.44
2024.08.19;Mon;2485.57;2495.82;10.25;8.58;1.195;2383.98;4.646;SKIP_WIDE;LONG;2024.08.19 17:01;2496.44;2485.57;2516.32;2505.45;FLAT;0.829;1.012;0.236;1;0;2507.44;2493.87
2024.08.20;Tue;2519.86;2531.62;11.76;8.69;1.353;2387.86;5.949;SKIP_WIDE;SHORT;2024.08.20 18:03;2514.10;2531.62;2496.34;2515.16;FLAT;-0.061;0.747;0.149;0;0;2530.17;2500.81
2024.08.21;Wed;2497.96;2507.79;9.83;9.27;1.061;2391.81;4.650;SKIP_WIDE;SHORT;2024.08.21 17:01;2496.89;2507.79;2478.30;2507.79;SL;-1.000;0.206;1.000;0;0;2519.13;2493.89
2024.08.22;Thu;2482.97;2493.01;10.04;9.27;1.083;2395.57;3.857;SKIP_WIDE;SHORT;2024.08.22 17:04;2482.81;2493.01;2462.89;2483.12;FLAT;-0.030;1.160;0.325;1;1;2487.92;2470.80
2024.08.23;Fri;2494.40;2500.19;5.79;9.27;0.625;2399.18;4.129;SKIP_NARROW;LONG;2024.08.23 17:01;2507.27;2494.40;2511.77;2511.77;TP;0.350;0.350;0.211;0;0;2518.30;2497.85
2024.08.26;Mon;2515.44;2526.31;10.87;9.27;1.173;2402.78;4.708;SKIP_WIDE;SHORT;2024.08.26 17:01;2514.96;2526.31;2493.70;2518.27;FLAT;-0.292;0.367;0.756;0;0;2523.32;2510.58
2024.08.27;Tue;2505.74;2515.03;9.29;9.94;0.935;2406.77;4.347;LONG;LONG;2024.08.27 17:13;2515.23;2505.74;2533.61;2525.01;FLAT;1.031;1.126;0.565;1;0;2525.92;2507.75
2024.08.28;Wed;2499.38;2510.51;11.13;9.94;1.120;2410.67;3.976;SKIP_WIDE;-;-;0.00;0.00;0.00;0.00;-;0.000;0.000;0.000;0;0;2510.21;2496.38
2024.08.29;Thu;2510.16;2519.18;9.02;10.15;0.889;2414.19;4.250;LONG;LONG;2024.08.29 17:02;2520.24;2510.16;2537.22;2521.09;FLAT;0.084;0.836;0.578;0;0;2528.67;2514.41
2024.08.30;Fri;2512.95;2519.03;6.08;10.15;0.599;2417.41;4.030;SKIP_NARROW;SHORT;2024.08.30 17:29;2511.95;2519.03;2500.79;2500.79;TP;1.576;1.579;0.381;1;0;2518.38;2494.10
2024.09.02;Mon;2498.72;2502.11;3.39;10.15;0.334;2421.05;3.256;SKIP_NARROW;SHORT;2024.09.02 17:02;2498.56;2502.11;2491.94;2502.11;SL;-1.000;0.194;1.003;0;0;2502.41;2497.69
2024.09.03;Tue;2475.55;2493.81;18.26;9.94;1.838;2424.37;2.294;SKIP_WIDE;SHORT;2024.09.03 17:20;2475.28;2493.81;2439.03;2493.81;SL;-1.000;0.097;1.000;0;0;2494.32;2473.30
2024.09.04;Wed;2482.03;2490.05;8.02;10.15;0.791;2427.84;2.354;LONG;LONG;2024.09.04 17:01;2495.01;2482.03;2506.09;2493.36;FLAT;-0.127;0.401;0.512;0;0;2500.22;2484.21
2024.09.05;Thu;2513.26;2519.37;6.11;10.15;0.602;2431.80;3.410;SKIP_NARROW;SHORT;2024.09.05 17:01;2512.79;2519.37;2501.04;2519.37;SL;-1.000;0.752;1.002;0;0;2520.52;2503.89
2024.09.06;Fri;2502.24;2511.81;9.57;10.15;0.943;2435.58;3.029;SKIP_TREND;SHORT;2024.09.06 17:31;2501.16;2511.81;2483.10;2511.81;SL;-1.000;0.046;1.000;0;0;2518.43;2485.10
2024.09.09;Mon;2499.29;2503.79;4.50;9.94;0.453;2439.00;2.493;SKIP_NARROW;SHORT;2024.09.09 17:03;2498.33;2503.79;2490.29;2503.79;SL;-1.000;0.896;1.002;0;0;2506.50;2493.21
2024.09.10;Tue;2506.30;2515.07;8.77;9.70;0.904;2442.49;2.632;SKIP_TREND;SHORT;2024.09.10 17:02;2506.16;2515.07;2488.76;2515.07;SL;-1.000;0.578;1.002;0;0;2518.38;2500.85
2024.09.11;Wed;2503.10;2510.73;7.63;9.70;0.787;2446.24;2.590;SKIP_TREND;SHORT;2024.09.11 17:06;2501.79;2510.73;2487.84;2510.73;SL;-1.000;0.000;1.000;0;0;2520.02;2500.90
2024.09.12;Thu;2537.33;2551.64;14.31;9.43;1.517;2449.35;3.921;SKIP_WIDE;LONG;2024.09.12 17:47;2553.96;2537.33;2580.26;2557.88;FLAT;0.236;0.305;0.547;0;0;2559.04;2541.82
2024.09.13;Fri;2576.10;2583.38;7.28;9.43;0.772;2453.40;5.048;SKIP_TREND;SHORT;2024.09.13 17:01;2575.75;2583.38;2561.54;2583.38;SL;-1.000;0.325;1.000;0;0;2586.00;2573.09
2024.09.16;Mon;2581.19;2589.31;8.12;9.16;0.887;2457.15;5.332;SKIP_TREND;SHORT;2024.09.16 17:17;2580.51;2589.31;2564.95;2582.71;FLAT;-0.250;0.482;0.432;0;0;2588.48;2576.12
2024.09.17;Tue;2573.04;2579.51;6.47;8.89;0.727;2461.62;4.555;LONG;LONG;2024.09.17 17:12;2580.05;2573.04;2592.45;2573.04;SL;-1.000;0.304;1.000;0;0;2582.18;2560.70
2024.09.18;Wed;2568.59;2578.51;9.92;8.44;1.175;2465.74;4.301;SKIP_WIDE;SHORT;2024.09.18 17:21;2568.61;2578.51;2548.75;2578.51;SL;-1.000;0.191;1.004;0;0;2600.11;2546.79
2024.09.19;Thu;2569.72;2581.22;11.50;8.44;1.362;2469.49;4.284;SKIP_WIDE;LONG;2024.09.19 17:33;2581.78;2569.72;2604.22;2588.33;FLAT;0.543;0.901;0.131;0;0;2592.65;2571.72
2024.09.20;Fri;2602.60;2611.59;8.99;8.44;1.065;2472.91;5.407;SKIP_WIDE;LONG;2024.09.20 17:17;2611.89;2602.60;2629.57;2621.08;FLAT;0.989;1.490;0.520;1;0;2625.73;2604.73
2024.09.23;Mon;2625.92;2634.24;8.32;8.88;0.937;2477.13;6.247;LONG;LONG;2024.09.23 17:30;2634.69;2625.92;2650.88;2625.92;SL;-1.000;0.013;1.000;0;0;2634.81;2625.67
2024.09.24;Tue;2631.68;2636.73;5.05;8.54;0.591;2481.26;6.191;SKIP_NARROW;LONG;2024.09.24 17:02;2637.15;2631.68;2646.83;2646.83;TP;1.770;1.771;0.483;1;0;2664.32;2634.51
2024.09.25;Wed;2660.07;2666.13;6.06;8.22;0.737;2485.03;7.222;LONG;LONG;2024.09.25 17:09;2667.17;2660.07;2678.25;2660.07;SL;-1.000;0.039;1.000;0;0;2667.45;2649.65
2024.09.26;Thu;2654.78;2669.46;14.68;8.07;1.819;2489.00;6.903;SKIP_WIDE;LONG;2024.09.26 18:25;2669.99;2654.78;2698.82;2673.64;FLAT;0.240;0.519;0.464;0;0;2677.89;2659.74
2024.09.27;Fri;2663.96;2670.66;6.70;8.07;0.830;2493.54;6.918;SKIP_TREND;SHORT;2024.09.27 17:02;2663.91;2670.66;2650.56;2650.56;TP;1.978;1.979;0.268;1;0;2666.88;2643.12
2024.09.30;Mon;2630.51;2641.19;10.68;8.07;1.323;2498.70;5.482;SKIP_WIDE;SHORT;2024.09.30 17:12;2630.43;2641.19;2609.15;2641.19;SL;-1.000;0.139;1.000;0;0;2641.78;2624.65
2024.10.01;Tue;2652.41;2671.75;19.34;8.22;2.353;2503.46;6.550;SKIP_WIDE;-;-;0.00;0.00;0.00;0.00;-;0.000;0.000;0.000;0;0;2673.13;2653.85
2024.10.02;Wed;2653.41;2660.84;7.43;8.22;0.904;2508.54;6.018;LONG;LONG;2024.10.02 17:05;2661.57;2653.41;2675.70;2653.41;SL;-1.000;0.216;1.000;0;0;2663.33;2641.14
2024.10.03;Thu;2645.53;2651.33;5.80;8.22;0.706;2513.77;5.287;SKIP_TREND;SHORT;2024.10.03 17:01;2645.01;2651.33;2633.93;2651.33;SL;-1.000;0.807;1.000;0;0;2662.06;2637.28
2024.10.04;Fri;2648.37;2655.14;6.77;8.22;0.824;2519.61;5.249;SKIP_TREND;SHORT;2024.10.04 17:23;2647.98;2655.14;2634.83;2655.14;SL;-1.000;0.187;1.001;0;0;2670.13;2641.86
2024.10.07;Mon;2642.19;2648.76;6.57;7.88;0.834;2524.95;4.662;SKIP_TREND;SHORT;2024.10.07 17:01;2641.61;2648.76;2629.05;2648.76;SL;-1.000;0.324;1.001;0;0;2650.10;2639.06
2024.10.08;Tue;2636.56;2641.72;5.16;7.88;0.655;2530.13;4.328;SKIP_NARROW;SHORT;2024.10.08 17:07;2636.09;2641.72;2626.24;2626.24;TP;1.750;1.751;0.643;1;0;2640.41;2604.69
2024.10.09;Wed;2606.88;2613.16;6.28;7.53;0.834;2534.35;2.971;SKIP_TREND;SHORT;2024.10.09 17:31;2605.99;2613.16;2594.32;2613.16;SL;-1.000;0.084;1.000;0;0;2617.83;2605.14
2024.10.10;Thu;2615.69;2627.92;12.23;7.36;1.663;2537.55;3.513;SKIP_WIDE;LONG;2024.10.10 17:01;2629.28;2615.69;2652.38;2629.09;FLAT;-0.014;0.154;0.943;0;0;2631.37;2616.46
2024.10.11;Fri;2646.08;2653.31;7.23;7.36;0.983;2541.22;4.260;LONG;LONG;2024.10.11 17:33;2653.86;2646.08;2667.77;2656.03;FLAT;0.279;0.964;0.353;0;0;2661.36;2646.36
2024.10.14;Mon;2652.71;2661.15;8.44;7.33;1.151;2545.52;4.318;SKIP_WIDE;SHORT;2024.10.14 17:06;2652.29;2661.15;2635.83;2652.63;FLAT;-0.038;0.914;0.093;0;0;2656.96;2643.96
2024.10.15;Tue;2646.95;2653.28;6.33;7.33;0.864;2550.30;3.856;LONG;LONG;2024.10.15 17:09;2653.81;2646.95;2665.94;2665.94;TP;1.768;1.771;0.028;1;0;2668.88;2647.76
2024.10.16;Wed;2672.43;2685.36;12.93;7.33;1.764;2555.75;4.669;SKIP_WIDE;SHORT;2024.10.16 17:45;2672.34;2685.36;2646.57;2674.92;FLAT;-0.198;0.418;0.346;0;0;2681.39;2666.69
2024.10.17;Thu;2681.14;2690.08;8.94;7.33;1.220;2561.57;4.961;SKIP_WIDE;LONG;2024.10.17 17:13;2690.49;2681.14;2707.96;2691.96;FLAT;0.157;0.667;0.707;0;0;2696.73;2683.88
2024.10.18;Fri;2705.25;2715.72;10.47;7.33;1.428;2566.89;5.720;SKIP_WIDE;LONG;2024.10.18 17:16;2715.95;2705.25;2736.66;2719.60;FLAT;0.341;0.491;0.221;0;0;2721.20;2712.13
2024.10.21;Mon;2733.68;2740.53;6.85;7.33;0.935;2572.70;6.462;SKIP_TREND;SHORT;2024.10.21 17:29;2732.96;2740.53;2719.98;2719.98;TP;1.715;1.716;0.182;1;0;2739.40;2714.17
2024.10.22;Tue;2735.90;2742.01;6.11;7.04;0.868;2577.63;6.140;SKIP_TREND;SHORT;2024.10.22 17:02;2735.81;2742.01;2723.68;2742.01;SL;-1.000;0.305;1.015;0;0;2748.83;2733.72
2024.10.23;Wed;2731.58;2740.70;9.12;7.04;1.295;2583.31;5.967;SKIP_WIDE;SHORT;2024.10.23 17:11;2729.98;2740.70;2713.34;2713.34;TP;1.552;1.552;0.123;1;0;2738.66;2708.72
2024.10.24;Thu;2729.54;2743.22;13.68;7.33;1.866;2588.65;5.599;SKIP_WIDE;SHORT;2024.10.24 17:22;2727.04;2743.22;2702.18;2737.19;FLAT;-0.627;0.278;0.671;0;0;2737.75;2722.39
2024.10.25;Fri;2725.77;2731.42;5.65;7.33;0.771;2594.24;5.145;LONG;LONG;2024.10.25 17:04;2731.94;2725.77;2742.72;2742.72;TP;1.747;1.752;0.241;1;0;2745.42;2727.62
2024.10.28;Mon;2738.40;2743.38;4.98;7.33;0.679;2599.02;5.456;SKIP_NARROW;LONG;2024.10.28 17:15;2743.65;2738.40;2753.34;2742.50;FLAT;-0.219;0.432;0.756;0;0;2745.92;2738.84
2024.10.29;Tue;2752.48;2763.98;11.50;7.04;1.634;2603.78;6.030;SKIP_WIDE;LONG;2024.10.29 17:04;2764.49;2752.48;2786.98;2772.15;FLAT;0.638;0.851;0.306;0;0;2774.71;2760.81
2024.10.30;Wed;2770.86;2779.64;8.78;7.04;1.247;2608.99;6.460;SKIP_WIDE;LONG;2024.10.30 17:16;2780.46;2770.86;2797.20;2787.41;FLAT;0.724;0.989;0.890;0;0;2789.95;2771.92
2024.10.31;Thu;2754.59;2768.00;13.41;7.04;1.905;2614.49;5.385;SKIP_WIDE;SHORT;2024.10.31 17:01;2753.27;2768.00;2727.77;2746.67;FLAT;0.448;1.468;0.253;1;0;2756.83;2731.48
2024.11.01;Fri;2752.13;2759.56;7.43;7.84;0.948;2619.67;5.208;SKIP_TREND;SHORT;2024.11.01 17:23;2751.65;2759.56;2737.27;2737.27;TP;1.818;1.819;0.255;1;0;2758.98;2733.18
2024.11.04;Mon;2737.85;2745.64;7.79;7.93;0.982;2624.15;4.546;SKIP_TREND;SHORT;2024.11.04 18:04;2737.21;2745.64;2722.27;2737.51;FLAT;-0.036;0.625;0.311;0;0;2745.56;2731.72
2024.11.05;Tue;2741.43;2749.92;8.49;8.12;1.046;2628.52;4.496;SKIP_WIDE;SHORT;2024.11.05 17:06;2740.42;2749.92;2724.45;2743.21;FLAT;-0.294;0.764;0.443;0;0;2745.69;2732.98
2024.11.06;Wed;2652.30;2662.38;10.08;8.47;1.191;2632.91;1.023;SKIP_WIDE;LONG;2024.11.06 17:02;2663.58;2652.30;2682.54;2660.70;FLAT;-0.255;1.292;0.551;1;1;2678.15;2657.37
2024.11.07;Thu;2688.04;2694.97;6.93;8.63;0.803;2636.01;2.117;LONG;LONG;2024.11.07 17:11;2695.86;2688.04;2708.83;2688.04;SL;-1.000;0.569;1.000;0;0;2710.46;2687.41
2024.11.08;Fri;2687.75;2699.82;12.07;8.47;1.426;2639.71;1.968;SKIP_WIDE;SHORT;2024.11.08 17:10;2685.47;2699.82;2663.61;2685.29;FLAT;0.013;0.173;0.526;0;0;2692.86;2682.83
2024.11.11;Mon;2617.71;2628.29;10.58;8.63;1.225;2643.34;-0.788;SKIP_WIDE;SHORT;2024.11.11 17:34;2616.82;2628.29;2596.55;2622.17;FLAT;-0.466;0.524;0.835;0;0;2626.33;2610.64
2024.11.12;Tue;2609.80;2617.06;7.26;8.86;0.819;2645.72;-1.336;SHORT;SHORT;2024.11.12 17:01;2608.81;2617.06;2595.28;2595.28;TP;1.640;1.641;0.234;1;0;2611.79;2592.49
2024.11.13;Wed;2601.08;2615.32;14.24;8.86;1.607;2647.82;-1.729;SKIP_WIDE;SHORT;2024.11.13 17:01;2599.02;2615.32;2572.60;2573.69;FLAT;1.554;1.585;0.486;1;0;2606.78;2572.98
2024.11.14;Thu;2557.69;2565.88;8.19;8.86;0.924;2649.36;-3.385;SKIP_TREND;LONG;2024.11.14 17:09;2566.97;2557.69;2582.26;2567.23;FLAT;0.028;1.127;0.332;1;1;2577.43;2558.57
2024.11.15;Fri;2567.19;2575.56;8.37;8.63;0.969;2650.32;-2.927;SHORT;SHORT;2024.11.15 17:34;2566.77;2575.56;2550.45;2562.36;FLAT;0.502;0.815;0.759;0;0;2575.95;2559.41
2024.11.18;Mon;2604.03;2610.19;6.16;8.43;0.731;2651.63;-1.642;SKIP_TREND;LONG;2024.11.18 17:20;2610.55;2604.03;2622.51;2610.19;FLAT;-0.055;0.689;0.495;0;0;2615.04;2605.87
2024.11.19;Tue;2622.75;2631.01;8.26;8.43;0.980;2653.74;-1.143;SHORT;SHORT;2024.11.19 17:37;2622.40;2631.01;2606.23;2631.01;SL;-1.000;0.082;1.000;0;0;2634.59;2620.87
2024.11.20;Wed;2636.84;2646.34;9.50;8.43;1.127;2656.05;-0.486;SKIP_WIDE;LONG;2024.11.20 17:14;2646.61;2636.84;2665.34;2648.88;FLAT;0.232;0.898;0.351;0;0;2655.38;2640.80
2024.11.21;Thu;2661.35;2670.98;9.63;8.43;1.142;2658.83;0.231;SKIP_WIDE;-;-;0.00;0.00;0.00;0.00;-;0.000;0.000;0.000;0;0;2673.47;2661.30
2024.11.22;Fri;2684.39;2696.27;11.88;8.43;1.409;2661.05;1.267;SKIP_WIDE;LONG;2024.11.22 17:03;2696.44;2684.39;2720.03;2705.79;FLAT;0.776;1.241;0.154;1;0;2711.40;2694.05
2024.11.25;Mon;2633.55;2646.66;13.11;8.63;1.518;2663.77;-0.844;SKIP_WIDE;SHORT;2024.11.25 17:11;2631.41;2646.66;2607.33;2626.20;FLAT;0.342;1.024;0.536;1;0;2641.63;2615.57
2024.11.26;Tue;2616.66;2629.13;12.47;9.14;1.364;2664.62;-1.572;SKIP_WIDE;LONG;2024.11.26 17:37;2629.53;2616.66;2654.07;2631.62;FLAT;0.162;0.251;0.775;0;0;2632.76;2619.55
2024.11.27;Wed;2650.20;2655.14;4.94;9.14;0.540;2665.89;-0.544;SKIP_NARROW;SHORT;2024.11.27 17:01;2649.13;2655.14;2640.32;2640.32;TP;1.466;1.474;0.072;1;0;2651.55;2633.75
2024.11.28;Thu;2640.80;2646.80;6.00;9.00;0.667;2667.43;-0.982;SKIP_NARROW;SHORT;2024.11.28 17:20;2640.48;2646.80;2628.80;2638.80;FLAT;0.266;0.647;0.343;0;0;2643.05;2636.20
2024.11.29;Fri;2651.88;2659.32;7.44;8.43;0.883;2668.45;-0.564;SHORT;SHORT;2024.11.29 17:01;2651.42;2659.32;2637.00;2659.32;SL;-1.000;0.084;1.005;0;0;2662.28;2648.56
2024.12.02;Mon;2642.51;2648.95;6.44;8.43;0.764;2669.02;-0.873;SKIP_TREND;LONG;2024.12.02 17:23;2649.14;2642.51;2661.83;2642.51;SL;-1.000;0.005;1.000;0;0;2649.27;2633.48
2024.12.03;Tue;2645.69;2655.59;9.90;8.43;1.174;2669.23;-0.844;SKIP_WIDE;SHORT;2024.12.03 17:01;2643.99;2655.59;2625.89;2642.26;FLAT;0.149;0.749;0.457;0;0;2649.09;2635.12
2024.12.04;Wed;2648.69;2653.38;4.69;8.93;0.525;2668.96;-0.742;SKIP_NARROW;LONG;2024.12.04 17:26;2655.05;2648.69;2662.76;2648.69;SL;-1.000;0.329;1.002;0;0;2657.14;2646.76
2024.12.05;Thu;2639.49;2647.89;8.40;8.32;1.010;2668.80;-1.070;SKIP_WIDE;SHORT;2024.12.05 17:04;2639.18;2647.89;2622.69;2631.43;FLAT;0.890;1.774;0.494;1;0;2643.32;2623.53
2024.12.06;Fri;2625.82;2635.93;10.11;8.38;1.206;2667.99;-1.217;SKIP_WIDE;LONG;2024.12.06 17:04;2637.07;2625.82;2656.15;2631.88;FLAT;-0.461;0.403;0.497;0;0;2641.60;2631.48
2024.12.09;Mon;2666.35;2675.23;8.88;8.38;1.059;2667.48;0.246;SKIP_WIDE;LONG;2024.12.09 17:15;2676.17;2666.35;2692.99;2666.35;SL;-1.000;0.027;1.000;0;0;2676.44;2656.72
2024.12.10;Tue;2684.56;2691.63;7.07;8.38;0.843;2667.99;0.779;NO_BREAKOUT;-;-;0.00;0.00;0.00;0.00;-;0.000;0.000;0.000;0;0;2695.52;2684.50
2024.12.11;Wed;2696.52;2706.85;10.33;8.38;1.232;2668.60;1.414;SKIP_WIDE;LONG;2024.12.11 17:01;2707.39;2696.52;2727.51;2717.14;FLAT;0.897;1.263;0.180;1;0;2721.12;2705.43
2024.12.12;Thu;2680.80;2689.74;8.94;8.38;1.066;2669.78;0.626;SKIP_WIDE;SHORT;2024.12.12 17:43;2677.37;2689.74;2662.92;2679.99;FLAT;-0.212;0.164;0.811;0;0;2688.11;2675.04
2024.12.13;Fri;2657.27;2662.42;5.15;8.64;0.596;2670.27;-0.377;SKIP_NARROW;SHORT;2024.12.13 17:24;2656.62;2662.42;2646.97;2662.42;SL;-1.000;0.286;1.002;0;0;2664.47;2646.42
2024.12.16;Mon;2653.50;2659.86;6.36;8.64;0.736;2670.17;-0.575;SHORT;SHORT;2024.12.16 17:12;2653.02;2659.86;2640.78;2652.89;FLAT;0.019;0.623;0.596;0;0;2656.83;2648.49
2024.12.17;Tue;2634.95;2641.89;6.94;8.64;0.803;2670.37;-1.263;SKIP_TREND;LONG;2024.12.17 17:18;2642.60;2634.95;2655.77;2643.47;FLAT;0.114;0.834;0.769;0;0;2648.98;2635.97
2024.12.18;Wed;2636.92;2639.80;2.88;8.64;0.333;2670.86;-1.234;SKIP_NARROW;SHORT;2024.12.18 17:01;2636.12;2639.80;2631.16;2639.80;SL;-1.000;0.753;1.000;0;0;2639.95;2587.17
2024.12.19;Thu;2591.90;2600.71;8.81;7.92;1.112;2670.41;-2.919;SKIP_WIDE;SHORT;2024.12.19 17:01;2591.67;2600.71;2574.28;2600.71;SL;-1.000;0.494;1.000;0;0;2600.97;2586.92
2024.12.20;Fri;2612.86;2618.30;5.44;7.92;0.687;2669.70;-1.971;SKIP_NARROW;LONG;2024.12.20 17:06;2620.16;2612.86;2629.18;2629.18;TP;1.236;1.238;0.270;1;0;2631.95;2616.23
2024.12.23;Mon;2613.67;2618.61;4.94;7.26;0.681;2668.99;-1.998;SKIP_NARROW;SHORT;2024.12.23 17:05;2612.80;2618.61;2603.79;2611.23;FLAT;0.270;0.766;0.688;0;0;2616.70;2608.08
2024.12.24;Tue;2610.19;2616.86;6.67;7.01;0.952;2668.26;-2.147;NO_BREAKOUT;-;-;0.00;0.00;0.00;0.00;-;0.000;0.000;0.000;0;0;2619.20;2610.04
2024.12.26;Thu;2624.43;2630.13;5.70;6.81;0.838;2667.35;-1.404;SKIP_TREND;LONG;2024.12.26 17:02;2630.66;2624.43;2641.53;2634.12;FLAT;0.555;1.340;0.443;1;1;2639.01;2627.90
2024.12.27;Fri;2611.49;2618.24;6.75;6.81;0.992;2666.53;-1.906;SKIP_TREND;LONG;2024.12.27 17:49;2618.95;2611.49;2631.74;2615.39;FLAT;-0.477;0.312;0.845;0;0;2621.28;2612.65
2024.12.30;Mon;2605.42;2612.25;6.83;6.85;0.998;2665.11;-2.016;SHORT;SHORT;2024.12.30 17:07;2605.13;2612.25;2591.76;2608.00;FLAT;-0.403;1.226;0.649;1;1;2611.64;2596.08
2024.12.31;Tue;2611.68;2617.73;6.05;6.79;0.891;2662.79;-1.842;SKIP_TREND;LONG;2024.12.31 17:15;2618.13;2611.68;2629.83;2623.02;FLAT;0.758;1.439;0.178;1;0;2627.41;2612.27
2025.01.02;Thu;2646.25;2650.99;4.74;6.79;0.698;2660.88;-0.501;SKIP_NARROW;SHORT;2025.01.02 17:04;2645.67;2650.99;2636.77;2650.99;SL;-1.000;0.006;1.000;0;0;2660.34;2645.11
2025.01.03;Fri;2646.10;2652.56;6.46;6.71;0.963;2659.06;-0.425;SHORT;SHORT;2025.01.03 17:02;2645.22;2652.56;2633.18;2638.57;FLAT;0.906;1.091;0.444;1;0;2648.21;2636.88
2025.01.06;Mon;2622.56;2634.82;12.26;6.71;1.827;2657.55;-0.979;SKIP_WIDE;LONG;2025.01.06 17:25;2636.56;2622.56;2659.34;2634.50;FLAT;-0.147;0.329;0.313;0;0;2641.16;2629.27
2025.01.07;Tue;2657.47;2662.97;5.50;6.71;0.820;2655.56;0.113;SHORT;SHORT;2025.01.07 17:01;2652.21;2662.97;2646.47;2646.47;TP;0.533;0.536;0.029;0;0;2655.98;2642.15
2025.01.08;Wed;2660.65;2667.48;6.83;6.57;1.040;2653.61;0.292;SKIP_WIDE;SHORT;2025.01.08 17:01;2660.40;2667.48;2646.99;2667.48;SL;-1.000;0.102;1.000;0;0;2669.91;2649.33
2025.01.09;Thu;2669.60;2675.60;6.00;6.57;0.914;2651.99;0.767;SKIP_TREND;SHORT;2025.01.09 17:55;2669.13;2675.60;2657.60;2669.73;FLAT;-0.093;0.954;0.567;0;0;2675.34;2662.60
2025.01.10;Fri;2682.24;2693.31;11.07;6.41;1.727;2649.90;1.441;SKIP_WIDE;LONG;2025.01.10 17:25;2694.06;2682.24;2715.45;2690.56;FLAT;-0.296;0.316;0.813;0;0;2697.79;2682.37
2025.01.13;Mon;2664.06;2674.25;10.19;6.41;1.590;2647.94;0.899;SKIP_WIDE;SHORT;2025.01.13 17:56;2663.58;2674.25;2643.68;2662.46;FLAT;0.105;0.621;0.422;0;0;2672.87;2656.55
2025.01.14;Tue;2660.37;2665.94;5.57;6.41;0.869;2646.32;0.715;LONG;LONG;2025.01.14 17:01;2666.35;2660.37;2677.08;2676.28;FLAT;1.661;1.679;0.065;1;0;2676.39;2665.14
2025.01.15;Wed;2677.95;2690.57;12.62;6.41;1.969;2645.13;1.393;SKIP_WIDE;SHORT;2025.01.15 17:05;2677.37;2690.57;2652.71;2690.57;SL;-1.000;0.017;1.000;0;0;2696.50;2676.68
2025.01.16;Thu;2712.90;2719.21;6.31;6.57;0.961;2644.33;2.801;LONG;LONG;2025.01.16 17:36;2719.47;2712.90;2731.83;2712.90;SL;-1.000;0.000;1.005;0;0;2724.67;2712.49
2025.01.17;Fri;2702.68;2712.57;9.89;6.38;1.549;2643.72;2.572;SKIP_WIDE;LONG;2025.01.17 17:01;2712.92;2702.68;2732.35;2702.68;SL;-1.000;0.427;1.000;0;0;2717.29;2699.97
2025.01.20;Mon;2707.49;2711.06;3.57;6.57;0.544;2644.59;2.489;SKIP_NARROW;SHORT;2025.01.20 17:03;2706.13;2711.06;2700.35;2711.06;SL;-1.000;0.546;1.118;0;0;2711.04;2703.30
2025.01.21;Tue;2729.28;2738.53;9.25;6.38;1.449;2644.61;3.532;SKIP_WIDE;LONG;2025.01.21 17:50;2738.83;2729.28;2757.03;2742.57;FLAT;0.392;0.743;0.120;0;0;2745.93;2734.52
2025.01.22;Wed;2750.21;2757.64;7.43;6.57;1.132;2645.81;4.089;SKIP_WIDE;LONG;2025.01.22 17:48;2758.73;2750.21;2772.50;2756.68;FLAT;-0.241;0.170;0.466;0;0;2760.18;2750.37
2025.01.23;Thu;2740.46;2747.33;6.87;6.71;1.024;2648.56;3.683;SKIP_WIDE;LONG;2025.01.23 17:41;2748.32;2740.46;2761.07;2753.81;FLAT;0.698;1.321;0.542;1;0;2758.70;2742.17
2025.01.24;Fri;2773.76;2782.11;8.35;6.79;1.230;2651.68;4.781;SKIP_WIDE;LONG;2025.01.24 17:14;2782.63;2773.76;2798.81;2773.76;SL;-1.000;0.370;1.006;0;0;2785.91;2769.88
2025.01.27;Mon;2744.97;2755.20;10.23;6.83;1.498;2655.65;3.597;SKIP_WIDE;SHORT;2025.01.27 17:05;2743.31;2755.20;2724.51;2741.59;FLAT;0.145;1.055;0.233;1;0;2751.33;2730.49
2025.01.28;Tue;2752.88;2756.22;3.34;6.85;0.488;2659.16;3.546;SKIP_NARROW;SHORT;2025.01.28 17:03;2752.30;2756.22;2746.20;2756.22;SL;-1.000;0.240;1.003;0;0;2764.91;2751.03
2025.01.29;Wed;2756.99;2760.96;3.97;6.85;0.580;2663.17;3.607;SKIP_NARROW;SHORT;2025.01.29 17:03;2756.74;2760.96;2749.05;2749.05;TP;1.822;1.858;0.673;1;0;2759.65;2744.64
2025.01.30;Thu;2780.12;2789.04;8.92;6.85;1.302;2666.13;4.557;SKIP_WIDE;LONG;2025.01.30 17:06;2789.24;2780.12;2806.88;2795.35;FLAT;0.670;1.000;0.279;1;1;2798.36;2786.70
2025.01.31;Fri;2804.94;2812.49;7.55;7.15;1.056;2669.37;5.355;SKIP_WIDE;LONG;2025.01.31 17:01;2813.21;2804.94;2827.59;2804.94;SL;-1.000;0.478;1.000;0;0;2817.16;2794.29
2025.02.03;Mon;2813.86;2830.75;16.89;7.49;2.255;2672.33;5.919;SKIP_WIDE;SHORT;2025.02.03 17:33;2813.85;2830.75;2780.08;2816.78;FLAT;-0.173;0.064;0.682;0;0;2830.37;2812.65
2025.02.04;Tue;2835.87;2841.38;5.51;7.49;0.736;2675.23;6.116;LONG;LONG;2025.02.04 17:01;2841.77;2835.87;2852.40;2835.87;SL;-1.000;0.607;1.002;0;0;2845.35;2832.57
2025.02.05;Wed;2864.10;2872.60;8.50;7.49;1.135;2677.77;7.208;SKIP_WIDE;LONG;2025.02.05 17:01;2873.45;2864.10;2889.60;2864.10;SL;-1.000;0.933;1.028;0;0;2882.17;2859.89
2025.02.06;Thu;2841.19;2858.17;16.98;7.95;2.136;2682.61;5.937;SKIP_WIDE;SHORT;2025.02.06 17:01;2838.91;2858.17;2807.23;2856.59;FLAT;-0.918;0.233;0.964;0;0;2857.26;2834.22
2025.02.07;Fri;2871.45;2878.21;6.76;8.42;0.802;2687.06;7.038;LONG;LONG;2025.02.07 17:05;2878.69;2871.45;2891.73;2871.45;SL;-1.000;1.110;1.014;1;1;2886.73;2853.34
2025.02.10;Mon;2901.69;2909.21;7.52;7.95;0.946;2691.56;8.064;LONG;LONG;2025.02.10 17:09;2909.81;2901.69;2924.25;2901.69;SL;-1.000;0.248;1.000;0;0;2911.82;2896.60
2025.02.11;Tue;2895.84;2904.25;8.41;7.53;1.116;2696.97;7.405;SKIP_WIDE;SHORT;2025.02.11 17:02;2895.80;2904.25;2879.02;2904.25;SL;-1.000;0.562;1.001;0;0;2908.58;2890.76
2025.02.12;Wed;2889.67;2898.00;8.33;7.95;1.048;2701.91;7.129;SKIP_WIDE;SHORT;2025.02.12 17:04;2889.79;2898.00;2873.01;2898.00;SL;-1.000;0.329;1.000;0;0;2909.14;2886.90
2025.02.13;Thu;2907.84;2917.32;9.48;7.94;1.194;2707.21;7.678;SKIP_WIDE;LONG;2025.02.13 17:02;2918.56;2907.84;2936.28;2928.41;FLAT;0.919;0.979;0.522;0;0;2929.05;2912.96
2025.02.14;Fri;2918.50;2928.38;9.88;8.34;1.185;2712.91;7.670;SKIP_WIDE;SHORT;2025.02.14 17:06;2918.14;2928.38;2898.74;2898.74;TP;1.895;1.895;0.315;1;0;2921.81;2876.98
2025.02.17;Mon;2897.52;2903.80;6.28;8.34;0.753;2717.57;6.822;NO_BREAKOUT;-;-;0.00;0.00;0.00;0.00;-;0.000;0.000;0.000;0;0;2904.11;2896.53
2025.02.18;Tue;2922.29;2928.72;6.43;8.34;0.771;2722.92;7.530;LONG;LONG;2025.02.18 17:15;2929.41;2922.29;2941.58;2933.32;FLAT;0.549;1.051;0.829;1;0;2936.89;2923.51
2025.02.19;Wed;2931.20;2940.56;9.36;7.94;1.179;2728.96;7.662;SKIP_WIDE;SHORT;2025.02.19 17:59;2929.01;2940.56;2912.48;2935.99;FLAT;-0.604;0.888;0.670;0;0;2939.09;2918.49
2025.02.20;Thu;2929.20;2939.85;10.65;8.34;1.277;2734.43;7.325;SKIP_WIDE;LONG;2025.02.20 18:22;2941.41;2929.20;2961.15;2937.88;FLAT;-0.289;0.456;0.645;0;0;2946.98;2931.88
2025.02.21;Fri;2928.42;2938.68;10.26;8.38;1.224;2739.33;7.099;SKIP_WIDE;SHORT;2025.02.21 17:15;2927.93;2938.68;2907.90;2938.68;SL;-1.000;0.554;1.002;0;0;2942.79;2921.72
2025.02.24;Mon;2935.36;2944.20;8.84;8.45;1.046;2743.71;7.116;SKIP_WIDE;SHORT;2025.02.24 17:04;2934.51;2944.20;2917.68;2944.20;SL;-1.000;0.307;1.001;0;0;2951.53;2931.28
2025.02.25;Tue;2931.99;2944.80;12.81;8.45;1.515;2749.16;6.671;SKIP_WIDE;SHORT;2025.02.25 17:08;2931.45;2944.80;2906.37;2906.37;TP;1.879;1.882;0.022;1;0;2934.82;2890.01
2025.02.26;Wed;2890.82;2905.24;14.42;8.67;1.663;2754.49;5.345;SKIP_WIDE;LONG;2025.02.26 17:10;2905.70;2890.82;2934.08;2916.43;FLAT;0.721;0.741;0.054;0;0;2916.72;2898.51
2025.02.27;Thu;2867.80;2891.01;23.21;8.88;2.614;2759.76;4.078;SKIP_WIDE;-;-;0.00;0.00;0.00;0.00;-;0.000;0.000;0.000;0;0;2887.59;2870.37
2025.02.28;Fri;2833.50;2847.10;13.60;9.10;1.495;2764.38;2.509;SKIP_WIDE;SHORT;2025.02.28 17:01;2833.48;2847.10;2806.30;2847.10;SL;-1.000;0.039;1.000;0;0;2854.97;2832.69
2025.03.03;Mon;2873.72;2882.92;9.20;9.42;0.977;2769.84;3.880;LONG;LONG;2025.03.03 17:20;2883.27;2873.72;2901.32;2891.18;FLAT;0.828;1.034;0.518;1;1;2893.14;2873.88
2025.03.04;Tue;2904.13;2918.29;14.16;9.28;1.526;2775.80;4.624;SKIP_WIDE;SHORT;2025.03.04 17:22;2903.54;2918.29;2875.81;2918.29;SL;-1.000;0.078;1.007;0;0;2920.18;2900.63
2025.03.05;Wed;2905.24;2917.07;11.83;9.42;1.256;2781.73;4.641;SKIP_WIDE;LONG;2025.03.05 17:06;2917.51;2905.24;2940.73;2922.82;FLAT;0.433;0.983;0.461;0;0;2929.57;2907.98
2025.03.06;Thu;2908.70;2916.58;7.88;9.68;0.814;2787.87;4.563;LONG;LONG;2025.03.06 17:01;2919.18;2908.70;2932.34;2908.70;SL;-1.000;0.300;1.001;0;0;2922.32;2908.40
2025.03.07;Fri;2916.90;2928.70;11.80;9.42;1.253;2793.75;4.763;SKIP_WIDE;LONG;2025.03.07 17:01;2929.57;2916.90;2952.30;2916.90;SL;-1.000;0.068;1.153;0;0;2930.43;2901.99
2025.03.10;Mon;2903.25;2907.51;4.26;9.68;0.440;2799.31;3.835;SKIP_NARROW;LONG;2025.03.10 17:01;2907.87;2903.25;2916.03;2903.25;SL;-1.000;0.136;1.000;0;0;2910.34;2880.17
2025.03.11;Tue;2911.26;2915.87;4.61;9.68;0.476;2804.57;3.862;SKIP_NARROW;SHORT;2025.03.11 17:02;2911.19;2915.87;2902.04;2915.87;SL;-1.000;0.846;1.006;0;0;2922.05;2906.97
2025.03.12;Wed;2913.66;2923.09;9.43;9.68;0.974;2810.83;3.796;SKIP_TREND;SHORT;2025.03.12 17:17;2913.28;2923.09;2894.80;2923.09;SL;-1.000;0.720;1.080;0;0;2940.47;2906.06
2025.03.13;Thu;2941.16;2948.03;6.87;9.68;0.710;2816.97;4.447;SKIP_TREND;SHORT;2025.03.13 17:01;2940.90;2948.03;2927.42;2948.03;SL;-1.000;0.011;1.014;0;0;2985.20;2939.57
2025.03.14;Fri;2993.69;2999.64;5.95;9.66;0.616;2823.47;6.034;SKIP_NARROW;SHORT;2025.03.14 17:01;2992.22;2999.64;2981.79;2981.79;TP;1.406;1.414;0.555;1;1;2996.11;2978.42
2025.03.17;Mon;2986.12;2991.33;5.21;9.40;0.555;2837.37;5.318;SKIP_NARROW;LONG;2025.03.17 17:06;2992.36;2986.12;3001.75;3000.24;FLAT;1.263;1.356;0.333;1;0;3000.82;2987.18
2025.03.18;Tue;3026.15;3038.20;12.05;9.40;1.283;2844.41;6.639;SKIP_WIDE;SHORT;2025.03.18 17:12;3025.97;3038.20;3002.05;3038.20;SL;-1.000;0.087;1.000;0;0;3037.98;3024.76
2025.03.19;Wed;3027.66;3034.78;7.12;9.85;0.723;2851.87;6.358;SKIP_TREND;SHORT;2025.03.19 17:14;3027.32;3034.78;3013.42;3034.78;SL;-1.000;0.168;1.000;0;0;3051.83;3025.84
2025.03.20;Thu;3030.19;3037.61;7.42;9.85;0.754;2859.43;6.062;LONG;LONG;2025.03.20 17:43;3037.98;3030.19;3052.45;3044.68;FLAT;0.860;1.033;0.512;1;0;3046.03;3030.63
2025.03.21;Fri;3004.15;3029.88;25.73;9.32;2.762;2866.54;4.888;SKIP_WIDE;SHORT;2025.03.21 17:06;3004.01;3029.88;2952.69;3020.02;FLAT;-0.619;0.172;0.699;0;0;3021.92;2999.37
2025.03.24;Mon;3018.98;3026.17;7.19;9.32;0.772;2873.75;5.177;SKIP_TREND;SHORT;2025.03.24 17:26;3018.96;3026.17;3004.60;3004.60;TP;1.992;2.017;0.098;1;0;3024.02;3002.44
2025.03.25;Tue;3023.25;3030.57;7.32;9.32;0.786;2880.45;5.147;LONG;LONG;2025.03.25 17:03;3031.64;3023.25;3045.21;3023.25;SL;-1.000;0.511;1.008;0;0;3035.93;3017.75
2025.03.26;Wed;3015.87;3025.59;9.72;8.54;1.138;2886.91;4.495;SKIP_WIDE;SHORT;2025.03.26 17:03;3015.59;3025.59;2996.43;3017.49;FLAT;-0.190;0.309;0.628;0;0;3021.63;3012.27
2025.03.27;Thu;3033.54;3043.23;9.69;8.54;1.135;2893.03;5.100;SKIP_WIDE;LONG;2025.03.27 17:04;3044.62;3033.54;3062.61;3057.47;FLAT;1.160;1.344;0.212;1;0;3059.51;3039.69
2025.03.28;Fri;3071.28;3084.07;12.79;8.54;1.498;2900.12;6.317;SKIP_WIDE;LONG;2025.03.28 17:02;3084.40;3071.28;3109.65;3071.28;SL;-1.000;0.182;1.006;0;0;3086.79;3067.43
2025.03.31;Mon;3099.94;3119.31;19.37;8.54;2.268;2907.66;7.075;SKIP_WIDE;LONG;2025.03.31 17:36;3120.50;3099.94;3158.05;3124.33;FLAT;0.186;0.326;0.432;0;0;3127.21;3110.83
2025.04.01;Tue;3128.22;3135.02;6.80;8.66;0.786;2915.23;7.499;SKIP_TREND;SHORT;2025.04.01 17:14;3127.90;3135.02;3114.62;3114.62;TP;1.865;1.889;0.743;1;0;3135.29;3100.78
2025.04.02;Wed;3116.60;3132.09;15.49;7.65;2.025;2922.40;6.841;SKIP_WIDE;-;-;0.00;0.00;0.00;0.00;-;0.000;0.000;0.000;0;0;3134.26;3118.69
2025.04.03;Thu;3064.18;3093.39;29.21;7.65;3.818;2930.05;5.317;SKIP_WIDE;LONG;2025.04.03 17:02;3093.71;3064.18;3151.81;3107.50;FLAT;0.467;1.418;0.014;1;0;3135.57;3086.03
2025.04.04;Fri;3059.51;3080.27;20.76;8.43;2.464;2936.92;4.251;SKIP_WIDE;SHORT;2025.04.04 17:02;3055.47;3080.27;3017.99;3017.99;TP;1.511;1.512;0.140;1;0;3061.74;3015.78
2025.04.07;Mon;3002.09;3026.52;24.43;8.43;2.900;2942.87;2.463;SKIP_WIDE;LONG;2025.04.07 17:13;3029.54;3002.09;3075.38;3002.09;SL;-1.000;0.306;1.001;0;0;3037.94;2956.47
2025.04.08;Tue;3003.94;3017.12;13.18;9.56;1.379;2947.26;2.142;SKIP_WIDE;LONG;2025.04.08 17:49;3017.79;3003.94;3043.48;3003.94;SL;-1.000;0.000;1.004;0;0;3018.16;2974.66
2025.04.09;Wed;3060.13;3077.83;17.70;9.71;1.824;2951.73;4.181;SKIP_WIDE;LONG;2025.04.09 17:17;3080.45;3060.13;3113.23;3060.13;SL;-1.000;0.908;1.065;0;0;3099.51;3048.63
2025.04.10;Thu;3116.11;3132.92;16.81;10.88;1.544;2957.51;5.394;SKIP_WIDE;LONG;2025.04.10 17:04;3133.62;3116.11;3166.54;3166.54;TP;1.880;1.885;0.176;1;0;3176.29;3116.81
2025.04.11;Fri;3219.57;3244.24;24.67;12.42;1.986;2965.05;8.723;SKIP_WIDE;-;-;0.00;0.00;0.00;0.00;-;0.000;0.000;0.000;0;0;3245.29;3219.70
2025.04.14;Mon;3194.75;3209.65;14.90;12.98;1.147;2973.50;7.773;SKIP_WIDE;LONG;2025.04.14 17:47;3210.79;3194.75;3239.45;3212.76;FLAT;0.123;0.348;0.905;0;0;3216.37;3195.27
2025.04.15;Tue;3211.58;3224.24;12.66;14.04;0.902;2980.87;7.787;LONG;LONG;2025.04.15 17:24;3224.90;3211.58;3249.56;3229.83;FLAT;0.370;0.521;0.605;0;0;3231.84;3212.95
2025.04.16;Wed;3296.77;3316.43;19.66;14.04;1.400;2988.14;10.821;SKIP_WIDE;LONG;2025.04.16 17:01;3317.88;3296.77;3355.75;3336.64;FLAT;0.889;1.160;0.600;1;0;3342.36;3305.21
2025.04.17;Thu;3311.96;3331.99;20.03;15.20;1.318;2997.89;10.579;SKIP_WIDE;SHORT;2025.04.17 17:01;3311.49;3331.99;3271.90;3320.96;FLAT;-0.462;1.334;0.546;1;1;3322.48;3283.88
2025.04.21;Mon;3405.30;3426.73;21.43;16.15;1.327;3007.22;13.738;SKIP_WIDE;LONG;2025.04.21 17:09;3427.34;3405.30;3469.59;3423.41;FLAT;-0.178;0.143;0.969;0;0;3430.50;3405.98
2025.04.22;Tue;3408.64;3445.06;36.42;16.15;2.255;3017.54;13.292;SKIP_WIDE;-;-;0.00;0.00;0.00;0.00;-;0.000;0.000;0.000;0;0;3438.88;3366.74
2025.04.23;Wed;3271.13;3304.55;33.42;17.25;1.937;3027.21;8.258;SKIP_WIDE;SHORT;2025.04.23 17:01;3266.47;3304.55;3204.29;3304.55;SL;-1.000;0.160;1.001;0;0;3305.64;3260.10
2025.04.24;Thu;3312.61;3333.42;20.81;18.53;1.123;3034.89;9.233;SKIP_WIDE;SHORT;2025.04.24 17:05;3312.08;3333.42;3270.99;3333.42;SL;-1.000;0.244;1.000;0;0;3346.92;3306.62
2025.04.25;Fri;3265.15;3284.49;19.34;19.51;0.991;3043.30;7.806;LONG;LONG;2025.04.25 17:27;3285.56;3265.15;3323.17;3304.78;FLAT;0.942;1.318;0.755;1;0;3312.46;3270.16
2025.04.28;Mon;3286.91;3301.01;14.10;19.51;0.723;3052.02;7.899;LONG;LONG;2025.04.28 17:16;3302.22;3286.91;3329.21;3329.21;TP;1.763;1.777;0.021;1;0;3352.95;3293.10
2025.04.29;Tue;3299.81;3321.16;21.35;19.51;1.094;3060.91;8.038;SKIP_WIDE;-;-;0.00;0.00;0.00;0.00;-;0.000;0.000;0.000;0;0;3329.81;3299.66
2025.04.30;Wed;3303.94;3319.67;15.73;19.84;0.793;3068.55;7.839;SKIP_TREND;SHORT;2025.04.30 17:02;3300.53;3319.67;3272.48;3296.04;FLAT;0.235;0.425;0.747;0;0;3314.56;3292.13
2025.05.01;Thu;3218.91;3233.30;14.39;19.84;0.725;3075.67;4.844;SKIP_TREND;SHORT;2025.05.01 17:01;3216.98;3233.30;3190.13;3228.77;FLAT;-0.722;0.725;0.905;0;0;3231.49;3204.88
2025.05.02;Fri;3243.84;3259.56;15.72;19.84;0.792;3081.64;5.475;SKIP_TREND;SHORT;2025.05.02 17:05;3243.55;3259.56;3212.40;3259.56;SL;-1.000;0.067;1.004;0;0;3264.47;3222.73
2025.05.05;Mon;3311.92;3319.69;7.77;19.50;0.398;3087.72;7.367;SKIP_NARROW;SHORT;2025.05.05 17:01;3310.78;3319.69;3296.38;3319.69;SL;-1.000;0.063;1.008;0;0;3337.55;3305.59
2025.05.06;Tue;3387.76;3397.45;9.69;18.52;0.523;3095.34;9.576;SKIP_NARROW;LONG;2025.05.06 17:11;3397.89;3387.76;3416.83;3387.76;SL;-1.000;0.007;1.070;0;0;3424.02;3378.21
2025.05.07;Wed;3382.87;3397.92;15.05;17.25;0.872;3105.68;9.294;SKIP_TREND;SHORT;2025.05.07 17:18;3381.18;3397.92;3352.77;3397.92;SL;-1.000;0.312;1.000;0;0;3397.74;3363.82
2025.05.08;Thu;3355.60;3369.38;13.78;17.25;0.799;3114.65;7.748;SKIP_TREND;SHORT;2025.05.08 17:01;3354.62;3369.38;3328.04;3328.04;TP;1.801;1.814;0.571;1;0;3362.79;3288.71
2025.05.09;Fri;3330.43;3339.90;9.47;16.27;0.582;3123.22;6.643;SKIP_NARROW;SHORT;2025.05.09 17:01;3326.21;3339.90;3311.49;3339.90;SL;-1.000;0.413;1.009;0;0;3347.37;3320.29
2025.05.12;Mon;3231.81;3248.52;16.71;15.72;1.063;3132.61;3.457;SKIP_WIDE;-;-;0.00;0.00;0.00;0.00;-;0.000;0.000;0.000;0;0;3247.68;3220.35
2025.05.13;Tue;3227.27;3245.53;18.26;15.72;1.161;3139.49;2.801;SKIP_WIDE;SHORT;2025.05.13 17:02;3226.83;3245.53;3190.75;3245.53;SL;-1.000;0.060;1.003;0;0;3257.74;3225.45
2025.05.14;Wed;3183.54;3198.24;14.70;16.22;0.906;3146.13;1.439;SKIP_TREND;SHORT;2025.05.14 17:19;3183.37;3198.24;3154.14;3180.81;FLAT;0.172;1.013;0.594;1;0;3194.17;3168.04
2025.05.15;Thu;3187.84;3196.87;9.03;16.22;0.557;3151.29;1.301;SKIP_NARROW;LONG;2025.05.15 17:08;3199.75;3187.84;3214.93;3214.93;TP;1.275;1.278;0.165;1;0;3232.61;3190.48
2025.05.16;Fri;3170.18;3186.54;16.36;15.72;1.040;3157.87;0.715;SKIP_WIDE;SHORT;2025.05.16 17:38;3170.08;3186.54;3137.46;3186.54;SL;-1.000;0.231;1.003;0;0;3195.67;3166.01
2025.05.19;Mon;3224.60;3234.59;9.99;15.72;0.635;3163.71;2.097;SKIP_NARROW;SHORT;2025.05.19 17:03;3222.26;3234.59;3204.62;3234.59;SL;-1.000;0.384;1.017;0;0;3239.73;3217.27
2025.05.20;Tue;3236.73;3261.81;25.08;15.38;1.630;3170.60;2.858;SKIP_WIDE;LONG;2025.05.20 17:01;3262.60;3236.73;3311.97;3294.04;FLAT;1.215;1.256;0.038;1;0;3295.10;3260.56
2025.05.21;Wed;3295.41;3309.46;14.05;15.38;0.913;3178.03;3.949;LONG;LONG;2025.05.21 18:08;3310.87;3295.41;3337.56;3318.36;FLAT;0.484;0.897;0.526;0;0;3324.74;3295.30
2025.05.22;Thu;3286.86;3313.23;26.37;14.88;1.773;3185.71;3.197;SKIP_WIDE;SHORT;2025.05.22 17:01;3281.14;3313.23;3234.12;3290.58;FLAT;-0.294;0.049;0.746;0;0;3304.83;3279.33
2025.05.23;Fri;3337.21;3352.56;15.35;14.88;1.032;3191.95;4.639;SKIP_WIDE;LONG;2025.05.23 17:22;3353.16;3337.21;3383.26;3360.77;FLAT;0.477;0.794;0.366;0;0;3365.82;3336.72
2025.05.26;Mon;3334.58;3338.84;4.26;14.88;0.286;3199.40;4.343;SKIP_NARROW;LONG;2025.05.26 17:01;3339.17;3334.58;3347.36;3343.50;FLAT;0.943;0.967;0.784;0;0;3343.61;3335.57
2025.05.27;Tue;3292.29;3304.85;12.56;14.88;0.844;3206.52;2.767;SKIP_TREND;SHORT;2025.05.27 17:01;3286.99;3304.85;3267.17;3304.85;SL;-1.000;0.049;1.010;0;0;3307.95;3285.45
2025.05.28;Wed;3297.49;3309.44;11.95;14.55;0.822;3212.52;2.884;SKIP_TREND;SHORT;2025.05.28 18:04;3296.03;3309.44;3273.59;3297.17;FLAT;-0.085;0.540;0.535;0;0;3309.01;3288.53
2025.05.29;Thu;3311.74;3322.07;10.33;14.22;0.726;3217.57;2.954;SKIP_TREND;SHORT;2025.05.29 17:03;3310.35;3322.07;3291.08;3322.07;SL;-1.000;0.456;1.003;0;0;3331.19;3304.75
2025.05.30;Fri;3275.19;3299.28;24.09;13.92;1.731;3222.97;1.668;SKIP_WIDE;SHORT;2025.05.30 17:01;3274.98;3299.28;3227.01;3295.24;FLAT;-0.834;0.130;0.863;0;0;3295.69;3271.56
2025.06.02;Mon;3350.45;3376.08;25.63;13.92;1.842;3227.87;4.425;SKIP_WIDE;LONG;2025.06.02 17:18;3376.47;3350.45;3427.34;3381.49;FLAT;0.193;0.223;0.280;0;0;3382.28;3367.60
2025.06.03;Tue;3340.93;3359.45;18.52;14.38;1.288;3235.04;3.428;SKIP_WIDE;SHORT;2025.06.03 17:01;3339.94;3359.45;3303.89;3352.78;FLAT;-0.658;0.338;0.807;0;0;3355.43;3333.08
2025.06.04;Wed;3350.80;3359.31;8.51;14.88;0.572;3241.87;3.422;SKIP_NARROW;LONG;2025.06.04 17:08;3364.14;3350.80;3376.33;3376.33;TP;0.914;0.933;0.067;0;0;3384.54;3351.22
2025.06.05;Thu;3375.88;3388.28;12.40;14.38;0.863;3248.92;3.975;SKIP_TREND;SHORT;2025.06.05 17:01;3375.65;3388.28;3351.08;3351.08;TP;1.945;1.956;0.614;1;0;3383.14;3339.51
2025.06.06;Fri;3342.44;3355.36;12.92;14.38;0.899;3255.58;2.689;SKIP_TREND;SHORT;2025.06.06 17:01;3341.83;3355.36;3316.60;3316.60;TP;1.865;1.865;0.107;1;0;3344.85;3311.33
2025.06.09;Mon;3310.82;3321.65;10.83;14.38;0.753;3260.69;1.794;LONG;LONG;2025.06.09 17:08;3322.02;3310.82;3343.31;3327.07;FLAT;0.451;1.440;0.538;1;0;3338.15;3315.99
2025.06.10;Tue;3342.49;3349.08;6.59;13.49;0.489;3265.51;2.390;SKIP_NARROW;SHORT;2025.06.10 17:01;3340.52;3349.08;3329.31;3329.31;TP;1.310;1.314;0.193;1;0;3343.67;3319.36
2025.06.11;Wed;3328.03;3339.62;11.59;12.74;0.910;3269.51;1.847;LONG;LONG;2025.06.11 17:43;3339.80;3328.03;3362.80;3328.03;SL;-1.000;0.247;1.003;0;0;3349.16;3319.27
2025.06.12;Thu;3380.59;3398.92;18.33;12.48;1.469;3274.33;3.590;SKIP_WIDE;SHORT;2025.06.12 18:13;3379.89;3398.92;3343.93;3388.33;FLAT;-0.444;0.096;0.611;0;0;3393.03;3377.80
2025.06.13;Fri;3433.96;3446.67;12.71;12.74;0.998;3279.33;4.805;SKIP_TREND;SHORT;2025.06.13 17:04;3433.07;3446.67;3408.54;3432.66;FLAT;0.030;1.000;0.515;1;1;3439.81;3419.21
2025.06.16;Mon;3382.83;3417.30;34.47;12.63;2.728;3285.72;3.095;SKIP_WIDE;-;-;0.00;0.00;0.00;0.00;-;0.000;0.000;0.000;0;0;3405.68;3382.84
2025.06.17;Tue;3388.37;3397.35;8.98;12.82;0.701;3292.67;2.972;SKIP_TREND;SHORT;2025.06.17 17:05;3388.07;3397.35;3370.41;3370.41;TP;1.903;2.086;0.306;1;0;3392.37;3366.15
2025.06.18;Wed;3389.87;3396.75;6.88;12.63;0.545;3300.77;2.770;SKIP_NARROW;SHORT;2025.06.18 17:03;3388.35;3396.75;3376.11;3376.11;TP;1.457;1.517;0.283;1;0;3395.69;3362.86
2025.06.19;Thu;3361.72;3372.98;11.26;12.48;0.902;3308.49;1.844;NO_BREAKOUT;-;-;0.00;0.00;0.00;0.00;-;0.000;0.000;0.000;0;0;3375.30;3361.60
2025.06.20;Fri;3356.55;3373.77;17.22;12.18;1.414;3314.24;1.688;SKIP_WIDE;-;-;0.00;0.00;0.00;0.00;-;0.000;0.000;0.000;0;0;3374.41;3364.59
2025.06.23;Mon;3368.31;3387.69;19.38;12.18;1.592;3318.11;1.885;SKIP_WIDE;LONG;2025.06.23 18:03;3388.11;3368.31;3426.45;3376.18;FLAT;-0.603;0.269;0.630;0;0;3393.43;3370.15
2025.06.24;Tue;3295.47;3313.42;17.95;12.48;1.438;3320.74;-0.564;SKIP_WIDE;-;-;0.00;0.00;0.00;0.00;-;0.000;0.000;0.000;0;0;3325.19;3298.79
2025.06.25;Wed;3311.95;3317.41;5.46;12.56;0.435;3323.00;-0.257;SKIP_NARROW;LONG;2025.06.25 17:04;3317.75;3311.95;3328.33;3328.33;TP;1.824;1.833;0.050;1;0;3336.04;3312.30
2025.06.26;Thu;3309.89;3328.69;18.80;12.56;1.497;3325.04;-0.157;SKIP_WIDE;-;-;0.00;0.00;0.00;0.00;-;0.000;0.000;0.000;0;0;3336.37;3312.00
2025.06.27;Fri;3255.78;3274.46;18.68;12.82;1.458;3324.74;-1.512;SKIP_WIDE;LONG;2025.06.27 17:06;3276.60;3255.78;3311.82;3270.69;FLAT;-0.284;0.294;0.622;0;0;3282.72;3263.66
2025.06.30;Mon;3277.98;3287.08;9.10;12.82;0.710;3323.68;-1.172;SKIP_TREND;LONG;2025.06.30 17:01;3287.79;3277.98;3305.28;3305.28;TP;1.783;1.842;0.870;1;0;3309.48;3279.26
2025.07.01;Tue;3344.47;3352.56;8.09;12.56;0.644;3321.26;0.921;SKIP_NARROW;LONG;2025.07.01 17:07;3354.09;3344.47;3368.74;3344.47;SL;-1.000;0.000;1.004;0;0;3354.36;3336.87
2025.07.02;Wed;3334.92;3345.44;10.52;11.99;0.877;3320.41;0.510;SKIP_TREND;SHORT;2025.07.02 17:08;3334.43;3345.44;3313.88;3345.44;SL;-1.000;0.035;1.006;0;0;3359.50;3333.83
2025.07.03;Thu;3330.62;3338.40;7.78;11.99;0.649;3321.81;0.310;SKIP_NARROW;SHORT;2025.07.03 17:03;3328.56;3338.40;3315.06;3328.91;FLAT;-0.036;0.537;0.659;0;0;3334.83;3323.07
2025.07.04;Fri;3333.58;3337.99;4.41;11.42;0.386;3321.36;0.376;SKIP_NARROW;SHORT;2025.07.04 17:01;3332.72;3337.99;3324.76;3337.50;FLAT;-0.907;0.317;0.932;0;0;3337.42;3330.84
2025.07.07;Mon;3306.18;3317.01;10.83;11.05;0.981;3321.73;-0.163;SKIP_TREND;LONG;2025.07.07 17:14;3318.41;3306.18;3338.67;3338.67;TP;1.657;1.658;0.343;1;0;3340.30;3313.22
2025.07.08;Tue;3314.74;3326.88;12.14;11.05;1.099;3321.60;-0.190;SKIP_WIDE;SHORT;2025.07.08 17:04;3312.66;3326.88;3290.46;3290.46;TP;1.561;1.565;0.027;1;0;3315.82;3287.08
2025.07.09;Wed;3291.91;3305.21;13.30;11.42;1.164;3321.29;-0.633;SKIP_WIDE;LONG;2025.07.09 17:13;3305.51;3291.91;3331.81;3315.86;FLAT;0.761;0.830;0.057;0;0;3316.80;3299.85
2025.07.10;Thu;3311.93;3328.27;16.34;11.70;1.397;3321.78;-0.272;SKIP_WIDE;SHORT;2025.07.10 17:01;3311.58;3328.27;3279.25;3325.01;FLAT;-0.805;0.074;0.871;0;0;3325.91;3310.13
2025.07.11;Fri;3350.23;3359.12;8.89;11.70;0.760;3323.51;0.850;LONG;LONG;2025.07.11 17:43;3359.84;3350.23;3376.90;3350.23;SL;-1.000;0.922;1.004;0;0;3368.70;3349.28
2025.07.14;Mon;3354.79;3358.96;4.17;11.05;0.378;3325.80;0.885;SKIP_NARROW;SHORT;2025.07.14 17:01;3354.20;3358.96;3346.45;3346.45;TP;1.628;1.630;0.258;1;0;3356.26;3341.06
2025.07.15;Tue;3334.41;3347.76;13.35;10.68;1.251;3325.99;0.620;SKIP_WIDE;LONG;2025.07.15 17:26;3349.10;3334.41;3374.46;3334.41;SL;-1.000;0.201;1.063;0;0;3352.05;3320.18
2025.07.16;Wed;3321.99;3334.71;12.72;11.05;1.152;3323.83;0.089;SKIP_WIDE;SHORT;2025.07.16 17:33;3321.26;3334.71;3296.55;3334.71;SL;-1.000;0.100;1.025;0;0;3377.21;3319.70
2025.07.17;Thu;3313.66;3321.77;8.11;11.70;0.693;3323.48;-0.134;SKIP_NARROW;LONG;2025.07.17 17:08;3323.37;3313.66;3337.99;3337.99;TP;1.506;1.520;0.119;1;0;3341.07;3318.27
2025.07.18;Fri;3352.20;3358.44;6.24;11.49;0.543;3324.14;0.949;SKIP_NARROW;SHORT;2025.07.18 17:16;3352.03;3358.44;3339.72;3348.48;FLAT;0.554;0.658;0.875;0;0;3359.03;3347.60
2025.07.21;Mon;3383.60;3395.22;11.62;10.68;1.089;3324.62;1.925;SKIP_WIDE;LONG;2025.07.21 17:17;3395.61;3383.60;3418.46;3398.82;FLAT;0.267;0.490;0.351;0;0;3401.50;3386.18
2025.07.22;Tue;3411.40;3420.04;8.64;10.68;0.809;3327.82;2.542;SKIP_TREND;SHORT;2025.07.22 17:01;3406.52;3420.04;3394.12;3420.04;SL;-1.000;0.055;1.004;0;0;3433.42;3405.03
2025.07.23;Wed;3405.65;3414.42;8.77;9.81;0.894;3331.45;2.461;LONG;LONG;2025.07.23 17:02;3415.73;3405.65;3431.96;3405.65;SL;-1.000;0.406;1.004;0;0;3419.82;3381.43
2025.07.24;Thu;3356.47;3372.12;15.65;9.81;1.595;3335.64;0.928;SKIP_WIDE;LONG;2025.07.24 17:18;3372.92;3356.47;3403.42;3370.45;FLAT;-0.150;0.271;0.405;0;0;3377.38;3365.74
2025.07.25;Fri;3339.51;3347.53;8.02;9.81;0.818;3338.22;0.169;SKIP_TREND;SHORT;2025.07.25 17:16;3338.39;3347.53;3323.47;3337.85;FLAT;0.059;1.442;0.225;1;1;3344.88;3325.00
2025.07.28;Mon;3301.72;3329.20;27.48;8.99;3.055;3340.90;-1.159;SKIP_WIDE;-;-;0.00;0.00;0.00;0.00;-;0.000;0.000;0.000;0;0;3318.77;3301.81
2025.07.29;Tue;3312.82;3321.82;9.00;9.70;0.927;3342.61;-0.751;SKIP_TREND;LONG;2025.07.29 17:24;3322.78;3312.82;3339.82;3325.03;FLAT;0.226;1.129;0.374;1;1;3334.02;3312.03
2025.07.30;Wed;3298.32;3308.08;9.76;9.76;1.000;3343.35;-1.205;SHORT;SHORT;2025.07.30 18:21;3294.18;3308.08;3278.80;3278.80;TP;1.106;1.117;0.786;1;0;3308.34;3268.06
2025.07.31;Thu;3300.57;3308.80;8.23;9.38;0.877;3342.55;-1.233;SHORT;SHORT;2025.07.31 17:01;3299.76;3308.80;3284.11;3291.22;FLAT;0.945;1.092;0.386;1;0;3303.04;3289.68
2025.08.01;Fri;3338.84;3353.24;14.40;9.38;1.535;3342.46;-0.014;SKIP_WIDE;LONG;2025.08.01 17:22;3353.88;3338.84;3382.04;3357.17;FLAT;0.219;0.488;0.887;0;0;3361.22;3340.54
2025.08.04;Mon;3371.80;3379.73;7.93;10.30;0.770;3342.59;0.939;SKIP_TREND;SHORT;2025.08.04 17:32;3371.05;3379.73;3355.94;3374.99;FLAT;-0.454;0.032;0.841;0;0;3378.14;3370.56
2025.08.05;Tue;3378.75;3386.53;7.78;9.38;0.829;3343.22;1.258;LONG;LONG;2025.08.05 17:08;3387.39;3378.75;3402.09;3378.75;SL;-1.000;0.348;1.016;0;0;3390.40;3376.93
2025.08.07;Thu;3384.82;3393.76;8.94;8.94;0.999;3346.45;1.150;SKIP_TREND;SHORT;2025.08.07 17:01;3383.32;3393.76;3366.94;3393.76;SL;-1.000;0.787;1.018;0;0;3400.82;3374.89
2025.08.08;Fri;3389.54;3401.71;12.17;8.91;1.365;3348.03;1.557;SKIP_WIDE;SHORT;2025.08.08 17:09;3388.53;3401.71;3365.20;3401.71;SL;-1.000;0.838;1.023;0;0;3404.67;3377.08
2025.08.11;Mon;3349.72;3362.81;13.09;8.91;1.468;3350.20;0.250;SKIP_WIDE;SHORT;2025.08.11 17:36;3348.89;3362.81;3323.54;3351.65;FLAT;-0.198;0.537;0.723;0;0;3359.33;3341.21
2025.08.12;Tue;3340.01;3356.90;16.89;8.97;1.883;3349.43;-0.120;SKIP_WIDE;SHORT;2025.08.12 17:12;3338.97;3356.90;3306.23;3356.90;SL;-1.000;0.431;1.009;0;0;3359.08;3331.04
2025.08.13;Wed;3356.35;3365.84;9.49;9.38;1.012;3349.33;0.469;SKIP_WIDE;LONG;2025.08.13 17:04;3368.53;3356.35;3384.82;3356.35;SL;-1.000;0.179;1.001;0;0;3370.71;3349.93
2025.08.14;Thu;3343.78;3349.34;5.56;9.25;0.601;3349.00;-0.146;SKIP_NARROW;SHORT;2025.08.14 17:01;3343.47;3349.34;3332.66;3332.66;TP;1.842;1.915;0.564;1;1;3346.57;3329.83
2025.08.15;Fri;3332.94;3340.13;7.19;8.97;0.802;3348.65;-0.394;SKIP_TREND;LONG;2025.08.15 17:08;3340.43;3332.94;3354.51;3339.02;FLAT;-0.188;0.618;0.806;0;0;3345.06;3334.39
2025.08.18;Mon;3335.70;3343.94;8.24;8.97;0.919;3349.12;-0.368;SHORT;SHORT;2025.08.18 17:01;3334.01;3343.94;3319.22;3333.70;FLAT;0.031;0.354;0.493;0;0;3338.70;3330.28
2025.08.19;Tue;3331.60;3339.15;7.55;8.97;0.842;3349.26;-0.459;SHORT;SHORT;2025.08.19 17:37;3331.18;3339.15;3316.50;3316.50;TP;1.842;1.910;0.030;1;0;3336.95;3314.87
2025.08.20;Wed;3340.31;3348.27;7.96;8.86;0.899;3349.11;-0.128;SKIP_TREND;LONG;2025.08.20 17:48;3348.61;3340.31;3364.19;3340.31;SL;-1.000;0.187;1.010;0;0;3350.16;3338.82
2025.08.21;Thu;3336.10;3347.47;11.37;8.86;1.284;3348.97;-0.291;SKIP_WIDE;LONG;2025.08.21 17:39;3347.96;3336.10;3370.21;3338.87;FLAT;-0.766;0.000;0.964;0;0;3348.07;3336.53
2025.08.22;Fri;3328.74;3335.91;7.17;8.97;0.799;3348.01;-0.423;SKIP_TREND;LONG;2025.08.22 17:01;3345.01;3328.74;3350.25;3350.25;TP;0.322;0.333;0.006;0;0;3378.78;3334.61
2025.08.25;Mon;3363.81;3371.28;7.47;8.59;0.870;3346.78;0.714;LONG;LONG;2025.08.25 17:02;3372.06;3363.81;3386.22;3365.38;FLAT;-0.810;0.504;0.841;0;0;3376.22;3365.12
2025.08.26;Tue;3372.74;3378.11;5.37;8.59;0.625;3346.40;0.876;SKIP_NARROW;SHORT;2025.08.26 17:09;3371.70;3378.11;3362.00;3378.11;SL;-1.000;0.192;1.002;0;0;3390.85;3370.26
2025.08.27;Wed;3375.51;3382.10;6.59;8.24;0.800;3346.50;0.937;LONG;LONG;2025.08.27 17:26;3382.73;3375.51;3395.28;3395.28;TP;1.738;1.738;0.249;1;0;3398.75;3376.06
2025.08.28;Thu;3401.78;3410.43;8.65;8.10;1.069;3347.06;1.797;SKIP_WIDE;LONG;2025.08.28 17:08;3410.86;3401.78;3427.73;3422.21;FLAT;1.250;1.352;0.698;1;0;3423.14;3404.52
2025.08.29;Fri;3417.33;3429.05;11.72;8.10;1.448;3347.99;2.419;SKIP_WIDE;LONG;2025.08.29 17:01;3430.56;3417.33;3452.49;3452.49;TP;1.658;1.660;0.098;1;0;3454.00;3429.26
2025.09.01;Mon;3475.24;3479.09;3.85;8.10;0.475;3349.59;3.752;SKIP_NARROW;SHORT;2025.09.01 17:01;3474.82;3479.09;3467.54;3479.09;SL;-1.000;0.091;1.037;0;0;3481.34;3472.28
2025.09.02;Tue;3478.95;3493.58;14.63;7.94;1.841;3351.77;4.104;SKIP_WIDE;LONG;2025.09.02 17:08;3496.64;3478.95;3522.84;3522.84;TP;1.481;1.486;0.206;1;0;3539.96;3489.11
2025.09.03;Wed;3549.35;3561.33;11.98;8.10;1.479;3355.96;5.904;SKIP_WIDE;LONG;2025.09.03 17:24;3562.43;3549.35;3585.29;3563.91;FLAT;0.113;1.231;0.614;1;1;3578.53;3551.57
2025.09.04;Thu;3542.93;3558.78;15.85;8.44;1.877;3360.50;5.548;SKIP_WIDE;SHORT;2025.09.04 17:01;3542.06;3558.78;3511.23;3550.09;FLAT;-0.480;0.407;0.859;0;0;3556.22;3535.04
2025.09.05;Fri;3575.43;3595.13;19.70;8.44;2.333;3364.86;6.825;SKIP_WIDE;LONG;2025.09.05 17:02;3596.49;3575.43;3634.53;3575.43;SL;-1.000;0.071;1.005;0;0;3600.10;3573.39
2025.09.08;Mon;3620.21;3636.87;16.66;8.44;1.973;3371.11;7.779;SKIP_WIDE;LONG;2025.09.08 17:09;3637.71;3620.21;3670.19;3636.52;FLAT;-0.068;0.497;0.503;0;0;3646.40;3628.91
2025.09.09;Tue;3658.24;3668.22;9.98;8.44;1.182;3377.77;8.532;SKIP_WIDE;LONG;2025.09.09 17:01;3670.91;3658.24;3688.18;3658.24;SL;-1.000;0.247;1.003;0;0;3674.87;3626.99
2025.09.10;Wed;3646.81;3654.02;7.21;8.44;0.854;3383.52;7.912;LONG;LONG;2025.09.10 17:16;3654.24;3646.81;3668.44;3646.81;SL;-1.000;0.159;1.003;0;0;3655.42;3635.20
2025.09.11;Thu;3618.38;3633.33;14.95;8.10;1.846;3389.17;7.109;SKIP_WIDE;LONG;2025.09.11 17:17;3633.75;3618.38;3663.23;3636.84;FLAT;0.201;0.534;0.454;0;0;3641.95;3626.18
2025.09.12;Fri;3646.62;3652.56;5.94;8.44;0.703;3395.33;7.514;LONG;LONG;2025.09.12 17:17;3653.45;3646.62;3664.44;3646.62;SL;-1.000;0.135;1.001;0;0;3654.37;3641.77
2025.09.15;Mon;3652.87;3664.27;11.40;8.44;1.350;3401.45;7.515;SKIP_WIDE;LONG;2025.09.15 18:02;3664.87;3652.87;3687.07;3680.98;FLAT;1.343;1.721;0.143;1;0;3685.52;3653.85
2025.09.16;Tue;3692.06;3698.52;6.46;9.31;0.694;3408.30;8.430;SKIP_NARROW;LONG;2025.09.16 17:14;3699.02;3692.06;3711.44;3692.06;SL;-1.000;0.560;1.003;0;0;3702.92;3678.80
2025.09.17;Wed;3676.26;3682.56;6.30;9.31;0.676;3416.06;7.690;SKIP_NARROW;LONG;2025.09.17 17:13;3682.99;3676.26;3695.16;3695.16;TP;1.808;1.835;0.643;1;0;3707.36;3646.16
2025.09.18;Thu;3627.95;3654.81;26.86;9.31;2.884;3422.98;6.402;SKIP_WIDE;-;-;0.00;0.00;0.00;0.00;-;0.000;0.000;0.000;0;0;3647.22;3634.24
2025.09.19;Fri;3654.00;3664.42;10.42;9.31;1.119;3429.39;6.822;SKIP_WIDE;LONG;2025.09.19 17:32;3665.26;3654.00;3685.26;3684.39;FLAT;1.699;1.769;0.253;1;0;3685.18;3656.35
2025.09.22;Mon;3713.74;3725.21;11.47;10.20;1.125;3436.00;8.333;SKIP_WIDE;LONG;2025.09.22 17:54;3725.90;3713.74;3748.15;3748.15;TP;1.830;1.831;0.197;1;0;3748.75;3716.84
2025.09.23;Tue;3774.16;3788.68;14.52;10.91;1.331;3444.06;9.867;SKIP_WIDE;SHORT;2025.09.23 17:18;3771.96;3788.68;3745.12;3764.58;FLAT;0.441;1.179;0.834;1;0;3785.70;3752.04
2025.09.24;Wed;3759.14;3768.23;9.09;11.44;0.795;3452.87;8.929;SKIP_TREND;SHORT;2025.09.24 17:09;3756.27;3768.23;3740.96;3740.96;TP;1.280;1.281;0.532;1;0;3765.08;3717.44
2025.09.25;Thu;3722.08;3743.21;21.13;11.44;1.848;3460.65;7.888;SKIP_WIDE;-;-;0.00;0.00;0.00;0.00;-;0.000;0.000;0.000;0;0;3758.22;3723.65
2025.09.26;Fri;3752.25;3762.58;10.33;11.60;0.891;3468.86;8.450;LONG;LONG;2025.09.26 17:01;3764.65;3752.25;3783.24;3783.24;TP;1.499;1.520;0.073;1;0;3783.69;3761.71
2025.09.29;Mon;3818.20;3828.08;9.88;11.44;0.864;3477.07;9.902;LONG;LONG;2025.09.29 17:11;3829.17;3818.20;3847.84;3818.20;SL;-1.000;0.126;1.010;0;0;3833.56;3816.64
2025.09.30;Tue;3812.34;3829.86;17.52;11.44;1.532;3485.80;9.718;SKIP_WIDE;LONG;2025.09.30 17:06;3831.97;3812.34;3864.90;3858.97;FLAT;1.375;1.468;0.058;1;1;3860.79;3820.38
2025.10.01;Wed;3867.72;3876.96;9.24;11.44;0.808;3494.34;10.834;LONG;LONG;2025.10.01 17:34;3877.60;3867.72;3895.44;3867.72;SL;-1.000;0.106;1.001;0;0;3878.65;3855.00
2025.10.02;Thu;3873.54;3896.86;23.32;10.91;2.137;3503.92;10.595;SKIP_WIDE;SHORT;2025.10.02 17:03;3871.77;3896.86;3826.90;3826.90;TP;1.788;1.795;0.204;1;0;3876.68;3819.40
2025.10.03;Fri;3872.79;3890.56;17.77;10.91;1.629;3513.68;10.506;SKIP_WIDE;SHORT;2025.10.03 17:14;3871.58;3890.56;3837.25;3890.56;SL;-1.000;0.266;1.001;0;0;3891.69;3866.33
2025.10.06;Mon;3927.22;3947.04;19.82;10.91;1.817;3524.68;11.912;SKIP_WIDE;LONG;2025.10.06 17:03;3947.94;3927.22;3986.68;3959.37;FLAT;0.552;1.062;0.371;1;1;3969.95;3940.25
2025.10.07;Tue;3970.40;3982.87;12.47;10.91;1.143;3537.58;12.484;SKIP_WIDE;LONG;2025.10.07 17:35;3983.43;3970.40;4007.81;3970.40;SL;-1.000;0.582;1.018;0;0;3991.01;3961.76
2025.10.08;Wed;4026.27;4039.92;13.65;11.44;1.194;3550.73;13.726;SKIP_WIDE;LONG;2025.10.08 17:02;4040.09;4026.27;4067.22;4044.89;FLAT;0.347;1.382;0.583;1;1;4059.19;4032.03
2025.10.09;Thu;4017.17;4056.61;39.44;11.97;3.295;3566.03;12.651;SKIP_WIDE;SHORT;2025.10.09 17:01;4015.72;4056.61;3938.29;3973.35;FLAT;1.036;1.731;0.333;1;0;4029.13;3944.73
2025.10.10;Fri;3975.86;3998.03;22.17;11.97;1.852;3579.75;11.203;SKIP_WIDE;SHORT;2025.10.10 17:02;3974.49;3998.03;3931.52;3998.03;SL;-1.000;0.150;1.004;0;0;4022.81;3970.74
2025.10.13;Mon;4081.96;4095.64;13.68;13.06;1.047;3592.72;13.955;SKIP_WIDE;LONG;2025.10.13 17:01;4096.07;4081.96;4123.00;4108.51;FLAT;0.882;1.487;0.382;1;1;4117.05;4090.68
2025.10.14;Tue;4106.41;4129.37;22.96;13.66;1.680;3607.44;14.320;SKIP_WIDE;LONG;2025.10.14 17:01;4129.90;4106.41;4175.29;4141.64;FLAT;0.500;1.080;0.370;1;0;4155.27;4121.21
2025.10.15;Wed;4183.31;4198.68;15.37;14.10;1.090;3622.67;15.718;SKIP_WIDE;LONG;2025.10.15 17:02;4201.04;4183.31;4229.42;4183.31;SL;-1.000;0.637;1.018;0;0;4213.55;4179.71
2025.10.16;Thu;4243.46;4258.65;15.19;14.94;1.016;3639.44;16.676;SKIP_WIDE;LONG;2025.10.16 17:06;4259.53;4243.46;4289.03;4289.03;TP;1.836;1.856;0.333;1;0;4312.92;4245.52
2025.10.17;Fri;4258.75;4317.12;58.37;14.85;3.929;3658.03;16.833;SKIP_WIDE;SHORT;2025.10.17 17:03;4258.25;4317.12;4142.01;4226.11;FLAT;0.546;1.221;0.140;1;0;4274.41;4186.16
2025.10.20;Mon;4299.58;4320.33;20.75;15.28;1.358;3675.09;17.025;SKIP_WIDE;SHORT;2025.10.20 17:01;4295.57;4320.33;4258.08;4320.33;SL;-1.000;0.105;1.021;0;0;4381.58;4292.77
2025.10.21;Tue;4167.81;4225.41;57.60;16.44;3.503;3695.35;12.954;SKIP_WIDE;SHORT;2025.10.21 17:03;4166.78;4225.41;4052.61;4109.40;FLAT;0.979;1.450;0.368;1;0;4188.14;4081.27
2025.10.22;Wed;4047.36;4085.15;37.79;17.64;2.142;3710.88;9.833;SKIP_WIDE;SHORT;2025.10.22 17:33;4042.57;4085.15;3971.78;4085.15;SL;-1.000;0.729;1.011;0;0;4113.47;4011.31
2025.10.23;Thu;4132.39;4150.78;18.39;18.80;0.978;3725.73;11.250;LONG;LONG;2025.10.23 17:08;4152.13;4132.39;4187.56;4132.39;SL;-1.000;0.136;1.002;0;0;4154.81;4116.34
2025.10.24;Fri;4097.93;4119.87;21.94;18.08;1.213;3741.54;9.757;SKIP_WIDE;LONG;2025.10.24 17:12;4120.45;4097.93;4163.75;4103.74;FLAT;-0.742;0.804;0.823;0;0;4138.56;4101.92
2025.10.27;Mon;4013.30;4038.84;25.54;19.10;1.337;3757.10;7.049;SKIP_WIDE;SHORT;2025.10.27 17:04;4008.89;4038.84;3962.22;3990.13;FLAT;0.626;1.247;0.310;1;1;4023.27;3971.33
2025.10.28;Tue;3914.79;3940.28;25.49;20.29;1.257;3770.10;4.476;SKIP_WIDE;LONG;2025.10.28 17:01;3941.49;3914.79;3991.26;3959.98;FLAT;0.693;1.080;0.249;1;0;3970.32;3934.85
2025.10.29;Wed;4002.39;4018.93;16.54;21.34;0.775;3782.81;6.070;LONG;LONG;2025.10.29 17:06;4019.51;4002.39;4052.01;4002.39;SL;-1.000;0.165;1.013;0;0;4022.33;3927.95
2025.10.30;Thu;3963.29;3995.36;32.07;21.34;1.502;3794.44;5.294;SKIP_WIDE;LONG;2025.10.30 17:04;3997.94;3963.29;4059.50;4023.37;FLAT;0.734;0.804;0.320;0;0;4025.79;3986.85
2025.10.31;Fri;4010.33;4028.64;18.31;21.34;0.858;3808.16;5.471;NO_BREAKOUT;-;-;0.00;0.00;0.00;0.00;-;0.000;0.000;0.000;0;0;4027.20;3972.52
2025.11.03;Mon;4001.63;4026.08;24.45;21.34;1.145;3820.76;5.305;SKIP_WIDE;LONG;2025.11.03 17:01;4026.35;4001.63;4074.98;4001.63;SL;-1.000;0.169;1.057;0;0;4030.53;3995.34
2025.11.04;Tue;3928.74;3959.74;31.00;22.05;1.406;3833.46;3.223;SKIP_WIDE;LONG;2025.11.04 17:36;3960.45;3928.74;4021.74;3938.88;FLAT;-0.680;0.476;0.915;0;0;3975.54;3931.45
2025.11.05;Wed;3969.62;3985.59;15.97;22.57;0.708;3844.23;3.362;SKIP_TREND;SHORT;2025.11.05 17:01;3967.00;3985.59;3937.68;3985.59;SL;-1.000;0.083;1.002;0;0;3990.30;3964.13
2025.11.06;Thu;3990.74;4003.24;12.50;22.57;0.554;3855.88;3.565;SKIP_NARROW;SHORT;2025.11.06 17:02;3989.03;4003.24;3965.74;3981.07;FLAT;0.560;1.612;0.448;1;1;3995.19;3965.92
2025.11.07;Fri;3984.38;4000.44;16.06;22.05;0.728;3867.08;3.268;LONG;LONG;2025.11.07 18:23;4001.83;3984.38;4032.56;4003.84;FLAT;0.115;1.465;0.540;1;1;4027.40;3984.16
2025.11.10;Mon;4074.29;4086.82;12.53;21.34;0.587;3878.12;5.297;SKIP_NARROW;LONG;2025.11.10 17:01;4087.77;4074.29;4111.88;4111.88;TP;1.789;1.798;0.734;1;0;4115.67;4077.87
2025.11.11;Tue;4119.94;4134.71;14.77;21.34;0.692;3890.88;6.017;SKIP_NARROW;SHORT;2025.11.11 17:14;4119.87;4134.71;4090.40;4129.74;FLAT;-0.665;1.525;0.821;1;1;4131.85;4097.03
2025.11.12;Wed;4124.96;4139.99;15.03;19.57;0.768;3902.75;5.990;LONG;LONG;2025.11.12 17:04;4140.24;4124.96;4170.05;4170.05;TP;1.951;1.960;0.051;1;0;4211.76;4134.73
2025.11.13;Thu;4184.49;4220.08;35.59;19.57;1.819;3915.46;7.152;SKIP_WIDE;-;-;0.00;0.00;0.00;0.00;-;0.000;0.000;0.000;0;0;4210.86;4145.34
2025.11.14;Fri;4032.14;4084.05;51.91;21.34;2.432;3927.97;3.939;SKIP_WIDE;LONG;2025.11.14 17:48;4088.97;4032.14;4187.87;4087.16;FLAT;-0.032;0.390;0.238;0;0;4111.16;4068.59
2025.11.17;Mon;4065.58;4081.91;16.33;21.34;0.765;3937.90;3.511;SKIP_TREND;SHORT;2025.11.17 17:09;4064.40;4081.91;4032.92;4032.92;TP;1.798;1.854;0.960;1;0;4081.00;4006.88
2025.11.18;Tue;4058.17;4081.81;23.64;20.16;1.172;3946.08;3.035;SKIP_WIDE;SHORT;2025.11.18 17:04;4058.28;4081.81;4010.89;4081.81;SL;-1.000;0.743;1.018;0;0;4082.14;4040.59
2025.11.19;Wed;4101.98;4128.96;26.98;20.16;1.338;3954.91;4.373;SKIP_WIDE;LONG;2025.11.19 17:01;4129.09;4101.98;4182.92;4101.98;SL;-1.000;0.135;1.043;0;0;4132.75;4055.57
2025.11.20;Thu;4074.41;4107.10;32.69;20.16;1.621;3963.66;3.272;SKIP_WIDE;SHORT;2025.11.20 18:00;4070.20;4107.10;4009.03;4077.95;FLAT;-0.210;0.712;0.462;0;0;4098.78;4043.72
2025.11.21;Fri;4061.60;4075.19;13.59;22.79;0.596;3972.52;2.495;SKIP_NARROW;SHORT;2025.11.21 17:40;4061.38;4075.19;4034.42;4075.19;SL;-1.000;0.431;1.000;0;0;4101.14;4055.20
2025.11.24;Mon;4068.31;4085.93;17.62;20.97;0.840;3980.96;2.522;LONG;LONG;2025.11.24 17:06;4089.13;4068.31;4121.17;4121.17;TP;1.539;1.548;0.133;1;0;4133.58;4081.31
2025.11.25;Tue;4111.09;4137.85;26.76;17.96;1.490;3990.08;3.392;SKIP_WIDE;LONG;2025.11.25 18:20;4138.21;4111.09;4191.37;4132.33;FLAT;-0.217;0.778;0.362;0;0;4159.31;4117.95
2025.11.26;Wed;4141.56;4154.23;12.67;17.96;0.705;3998.89;3.588;SKIP_TREND;SHORT;2025.11.26 17:01;4139.06;4154.23;4116.22;4154.23;SL;-1.000;0.000;1.000;0;0;4171.55;4136.69
2025.11.27;Thu;4152.91;4159.01;6.10;17.96;0.340;4008.96;3.600;SKIP_NARROW;LONG;2025.11.27 17:21;4159.42;4152.91;4171.21;4152.91;SL;-1.000;0.347;1.014;0;0;4161.68;4151.48
2025.11.28;Fri;4194.86;4208.93;14.07;16.97;0.829;4019.22;4.458;SKIP_TREND;SHORT;2025.11.28 17:02;4193.73;4208.93;4166.72;4208.93;SL;-1.000;0.518;1.023;0;0;4226.61;4185.72
2025.12.01;Mon;4219.74;4247.90;28.16;16.19;1.739;4029.91;5.217;SKIP_WIDE;-;-;0.00;0.00;0.00;0.00;-;0.000;0.000;0.000;0;0;4244.83;4219.62
2025.12.02;Tue;4214.39;4229.30;14.91;16.19;0.921;4039.60;4.441;SKIP_TREND;SHORT;2025.12.02 17:06;4212.04;4229.30;4184.57;4184.57;TP;1.592;1.601;0.068;1;0;4219.50;4163.90
2025.12.03;Wed;4205.13;4241.48;36.35;16.02;2.270;4048.43;4.051;SKIP_WIDE;-;-;0.00;0.00;0.00;0.00;-;0.000;0.000;0.000;0;0;4229.31;4195.14
2025.12.04;Thu;4193.56;4213.23;19.67;16.19;1.215;4057.76;3.534;SKIP_WIDE;SHORT;2025.12.04 17:08;4193.11;4213.23;4154.22;4213.23;SL;-1.000;0.064;1.021;0;0;4219.07;4191.42
2025.12.05;Fri;4228.40;4245.43;17.03;16.97;1.003;4066.92;4.307;SKIP_WIDE;LONG;2025.12.05 17:22;4246.50;4228.40;4279.49;4228.40;SL;-1.000;0.705;1.048;0;0;4259.26;4198.65
2025.12.08;Mon;4195.76;4210.87;15.11;17.33;0.872;4075.66;2.962;SKIP_TREND;SHORT;2025.12.08 17:01;4190.81;4210.87;4165.54;4191.74;FLAT;-0.046;0.705;0.351;0;0;4197.64;4176.31
2025.12.09;Tue;4192.73;4210.34;17.61;17.33;1.016;4082.79;2.987;SKIP_WIDE;LONG;2025.12.09 17:59;4211.96;4192.73;4245.56;4212.41;FLAT;0.023;0.488;0.555;0;0;4221.35;4190.00
2025.12.10;Wed;4191.32;4202.01;10.69;17.62;0.607;4089.77;2.508;SKIP_NARROW;SHORT;2025.12.10 17:17;4191.37;4202.01;4169.94;4202.01;SL;-1.000;0.206;1.000;0;0;4238.60;4181.99
2025.12.11;Thu;4229.03;4244.37;15.34;17.62;0.871;4097.01;3.251;LONG;LONG;2025.12.11 17:34;4245.27;4229.03;4275.05;4275.05;TP;1.834;1.835;0.180;1;0;4285.84;4226.11
2025.12.12;Fri;4330.97;4353.39;22.42;17.32;1.294;4105.48;5.883;SKIP_WIDE;SHORT;2025.12.12 17:19;4331.11;4353.39;4286.13;4286.13;TP;2.019;2.026;0.035;1;0;4351.23;4257.56
2025.12.15;Mon;4317.40;4335.27;17.87;17.32;1.032;4113.73;5.102;SKIP_WIDE;SHORT;2025.12.15 17:03;4316.56;4335.27;4281.66;4305.29;FLAT;0.602;1.650;0.609;1;1;4327.75;4285.47
2025.12.16;Tue;4322.00;4331.91;9.91;17.62;0.563;4120.65;4.946;SKIP_NARROW;LONG;2025.12.16 17:07;4332.92;4322.00;4351.73;4322.00;SL;-1.000;0.203;1.000;0;0;4335.14;4291.29
2025.12.17;Wed;4326.45;4342.55;16.10;17.32;0.930;4127.01;5.118;LONG;LONG;2025.12.17 17:06;4343.92;4326.45;4374.75;4326.45;SL;-1.000;0.278;1.036;0;0;4348.77;4320.77
2025.12.18;Thu;4308.63;4341.06;32.43;16.57;1.958;4132.96;4.733;SKIP_WIDE;LONG;2025.12.18 17:39;4341.12;4308.63;4405.92;4334.84;FLAT;-0.193;1.028;0.581;1;1;4374.53;4322.23
2025.12.19;Fri;4319.81;4337.69;17.88;16.57;1.079;4140.09;4.651;SKIP_WIDE;LONG;2025.12.19 17:05;4339.41;4319.81;4373.45;4339.46;FLAT;0.003;0.874;0.218;0;0;4356.54;4332.02
2025.12.22;Mon;4414.69;4428.89;14.20;17.32;0.820;4146.63;6.572;SKIP_TREND;SHORT;2025.12.22 17:16;4412.58;4428.89;4386.29;4428.89;SL;-1.000;0.004;1.010;0;0;4442.17;4412.18
2025.12.23;Tue;4441.68;4465.02;23.34;16.57;1.409;4153.30;7.049;SKIP_WIDE;SHORT;2025.12.23 17:03;4433.91;4465.02;4395.00;4465.02;SL;-1.000;0.107;1.007;0;0;4499.86;4430.38
2025.12.24;Wed;4460.66;4488.70;28.04;16.57;1.693;4160.15;7.320;SKIP_WIDE;SHORT;2025.12.24 17:38;4457.49;4488.70;4404.58;4499.47;FLAT;-1.345;0.289;0.976;0;0;4487.75;4448.26
2025.12.26;Fri;4512.89;4533.55;20.66;17.32;1.193;4165.58;8.536;SKIP_WIDE;LONG;2025.12.26 17:31;4533.79;4512.89;4574.87;4512.89;SL;-1.000;0.765;1.043;0;0;4549.77;4510.18
2025.12.29;Mon;4356.85;4388.37;31.52;17.74;1.777;4169.73;4.570;SKIP_WIDE;SHORT;2025.12.29 17:01;4351.37;4388.37;4293.81;4334.91;FLAT;0.445;1.291;0.080;1;0;4360.45;4303.38
2025.12.30;Tue;4355.90;4392.12;36.22;17.88;2.026;4171.35;4.674;SKIP_WIDE;SHORT;2025.12.30 18:10;4355.88;4392.12;4283.46;4342.09;FLAT;0.381;0.498;0.719;0;0;4381.71;4337.64
2025.12.31;Wed;4332.91;4353.47;20.56;17.88;1.150;4171.00;4.199;SKIP_WIDE;SHORT;2025.12.31 17:10;4332.15;4353.47;4291.79;4313.40;FLAT;0.879;1.288;0.449;1;0;4346.28;4304.47
2026.01.02;Fri;4348.08;4369.89;21.81;18.77;1.162;4174.88;4.277;SKIP_WIDE;SHORT;2026.01.02 17:05;4342.20;4369.89;4304.46;4331.69;FLAT;0.380;1.154;0.298;1;0;4356.92;4310.04
2026.01.05;Mon;4417.97;4442.77;24.80;18.77;1.321;4179.56;6.152;SKIP_WIDE;LONG;2026.01.05 17:01;4443.67;4417.97;4492.37;4444.91;FLAT;0.048;0.471;0.435;0;0;4455.78;4432.50
2026.01.06;Tue;4465.40;4489.68;24.28;19.22;1.263;4186.02;7.182;SKIP_WIDE;LONG;2026.01.06 17:01;4489.92;4465.40;4538.24;4465.40;SL;-1.000;0.038;1.006;0;0;4497.03;4463.20
2026.01.07;Wed;4435.64;4452.90;17.26;20.61;0.837;4193.66;6.007;SKIP_TREND;SHORT;2026.01.07 17:12;4433.07;4452.90;4401.12;4452.90;SL;-1.000;0.474;1.008;0;0;4468.34;4423.47
2026.01.08;Thu;4421.85;4439.41;17.56;20.61;0.852;4203.13;5.470;LONG;LONG;2026.01.08 17:06;4439.70;4421.85;4474.53;4474.53;TP;1.951;1.955;0.113;1;0;4478.15;4427.88
2026.01.09;Fri;4479.25;4498.03;18.78;20.61;0.911;4213.66;6.661;LONG;LONG;2026.01.09 17:09;4498.55;4479.25;4535.59;4507.41;FLAT;0.459;0.957;0.848;0;0;4517.02;4482.18
2026.01.12;Mon;4585.61;4611.38;25.77;20.61;1.250;4225.25;8.923;SKIP_WIDE;LONG;2026.01.12 17:03;4612.12;4585.61;4662.92;4593.76;FLAT;-0.693;0.680;0.781;0;0;4630.15;4591.42
2026.01.13;Tue;4611.81;4634.39;22.58;21.24;1.063;4236.73;9.280;SKIP_WIDE;SHORT;2026.01.13 17:18;4609.76;4634.39;4566.65;4586.85;FLAT;0.930;1.620;0.455;1;0;4630.14;4569.66
2026.01.14;Wed;4606.82;4634.97;28.15;21.24;1.326;4248.41;8.692;SKIP_WIDE;SHORT;2026.01.14 17:03;4603.61;4634.97;4550.52;4634.97;SL;-1.000;0.125;1.003;0;0;4642.84;4599.48
2026.01.15;Thu;4600.32;4615.17;14.85;22.20;0.669;4260.93;8.223;SKIP_NARROW;LONG;2026.01.15 17:16;4616.67;4600.32;4644.87;4605.74;FLAT;-0.669;0.487;0.971;0;0;4624.64;4600.79
2026.01.16;Fri;4596.26;4614.68;18.42;22.20;0.830;4274.62;7.799;LONG;LONG;2026.01.16 17:05;4616.94;4596.26;4651.52;4596.26;SL;-1.000;0.160;1.006;0;0;4620.25;4536.88
2026.01.19;Mon;4663.96;4670.35;6.39;22.20;0.288;4286.96;8.856;SKIP_NARROW;LONG;2026.01.19 17:41;4670.74;4663.96;4683.13;4671.06;FLAT;0.047;1.372;0.535;1;0;4680.04;4664.30
2026.01.20;Tue;4728.59;4750.67;22.08;21.24;1.040;4300.87;10.239;SKIP_WIDE;SHORT;2026.01.20 17:26;4724.90;4750.67;4684.43;4750.67;SL;-1.000;0.088;1.006;0;0;4766.35;4722.42
2026.01.21;Wed;4846.74;4872.36;25.62;21.95;1.167;4316.13;12.417;SKIP_WIDE;SHORT;2026.01.21 17:19;4839.75;4872.36;4795.50;4795.50;TP;1.357;1.386;0.495;1;1;4868.68;4756.03
2026.01.22;Thu;4828.28;4847.59;19.31;22.33;0.865;4330.47;11.657;LONG;LONG;2026.01.22 17:27;4853.26;4828.28;4886.21;4886.21;TP;1.319;1.320;0.111;1;0;4928.30;4827.13
2026.01.23;Fri;4933.33;4956.53;23.20;21.95;1.057;4346.65;13.724;SKIP_WIDE;LONG;2026.01.23 17:42;4957.70;4933.33;5002.93;4980.87;FLAT;0.951;1.322;0.259;1;0;4989.91;4938.33
2026.01.26;Mon;5074.72;5096.98;22.26;21.95;1.014;4362.41;16.820;SKIP_WIDE;SHORT;2026.01.26 17:42;5074.12;5096.98;5030.20;5096.98;SL;-1.000;0.000;1.001;0;0;5104.79;5008.62
2026.01.27;Tue;5051.00;5082.02;31.02;22.17;1.399;4379.20;15.403;SKIP_WIDE;LONG;2026.01.27 17:38;5083.03;5051.00;5144.06;5144.06;TP;1.905;1.975;0.206;1;0;5182.38;5048.00
2026.01.28;Wed;5250.18;5288.44;38.26;22.17;1.726;4401.11;20.111;SKIP_WIDE;LONG;2026.01.28 17:01;5294.53;5250.18;5364.96;5250.18;SL;-1.000;0.080;1.007;0;0;5391.38;5237.03
2026.01.29;Thu;5491.22;5544.94;53.72;22.17;2.423;4428.51;24.124;SKIP_WIDE;SHORT;2026.01.29 17:01;5486.20;5544.94;5383.78;5383.78;TP;1.744;1.784;0.041;1;0;5495.67;5100.22
2026.01.30;Fri;5014.66;5113.26;98.60;22.42;4.398;4454.76;12.978;SKIP_WIDE;SHORT;2026.01.30 17:02;5004.07;5113.26;4817.46;4817.46;TP;1.709;1.713;0.639;1;0;5073.64;4682.03
2026.02.02;Mon;4700.74;4793.35;92.61;22.89;4.046;4471.09;5.590;SKIP_WIDE;SHORT;2026.02.02 17:02;4700.49;4793.35;4515.52;4654.11;FLAT;0.499;1.113;0.486;1;1;4745.41;4596.90
2026.02.03;Tue;4893.86;4930.09;36.23;22.89;1.583;4482.75;9.689;SKIP_WIDE;LONG;2026.02.03 17:09;4934.72;4893.86;5002.55;4893.86;SL;-1.000;1.443;1.004;1;1;4993.69;4880.71
2026.02.04;Wed;4967.86;5037.33;69.47;22.89;3.035;4500.38;10.786;SKIP_WIDE;SHORT;2026.02.04 17:23;4953.95;5037.33;4828.92;4938.69;FLAT;0.183;1.237;0.269;1;1;5007.75;4850.29
2026.02.05;Thu;4806.08;4869.78;63.70;24.41;2.610;4517.00;7.310;SKIP_WIDE;SHORT;2026.02.05 17:47;4805.19;4869.78;4678.68;4869.78;SL;-1.000;0.070;1.001;0;0;4906.58;4793.40
2026.02.06;Fri;4898.37;4949.58;51.21;25.70;1.993;4529.94;9.216;SKIP_WIDE;LONG;2026.02.06 17:07;4958.19;4898.37;5052.00;4953.38;FLAT;-0.080;0.218;0.600;0;0;4971.26;4922.30
2026.02.09;Mon;5014.27;5040.54;26.27;26.96;0.974;4545.98;10.826;LONG;LONG;2026.02.09 17:02;5041.24;5014.27;5093.08;5080.01;FLAT;1.438;1.658;0.650;1;1;5085.96;5023.72
2026.02.10;Tue;5021.11;5078.43;57.32;27.21;2.107;4564.01;10.420;SKIP_WIDE;SHORT;2026.02.10 17:38;5010.79;5078.43;4906.47;5030.10;FLAT;-0.285;0.171;0.510;0;0;5047.89;4999.00
2026.02.11;Wed;5035.93;5075.17;39.24;29.59;1.326;4580.13;10.467;SKIP_WIDE;LONG;2026.02.11 17:06;5076.41;5035.93;5153.65;5086.80;FLAT;0.257;0.553;0.916;0;0;5098.78;5039.32
2026.02.12;Thu;5039.42;5071.66;32.24;33.63;0.959;4597.19;9.730;LONG;LONG;2026.02.12 17:46;5074.44;5039.42;5136.14;5039.42;SL;-1.000;0.014;1.097;0;0;5074.92;4878.37
2026.02.13;Fri;4965.43;5010.65;45.22;34.24;1.321;4611.50;8.327;SKIP_WIDE;LONG;2026.02.13 17:11;5011.15;4965.43;5101.09;5032.37;FLAT;0.464;0.766;0.809;0;0;5046.17;4974.14
2026.02.16;Mon;4981.72;4994.36;12.64;37.24;0.339;4628.29;7.779;SKIP_NARROW;SHORT;2026.02.16 17:02;4981.26;4994.36;4956.44;4994.36;SL;-1.000;0.913;1.002;0;0;4997.66;4969.09
2026.02.17;Tue;4856.24;4907.08;50.84;37.24;1.365;4643.96;4.723;SKIP_WIDE;SHORT;2026.02.17 17:01;4853.77;4907.08;4754.56;4907.08;SL;-1.000;0.056;1.006;0;0;4910.62;4849.26
2026.02.18;Wed;4955.65;4994.23;38.58;38.75;0.996;4657.57;7.177;LONG;LONG;2026.02.18 17:02;4999.57;4955.65;5071.39;4984.93;FLAT;-0.333;0.259;0.604;0;0;5010.94;4973.05
2026.02.19;Thu;4963.93;5010.59;46.66;38.91;1.199;4673.30;7.113;SKIP_WIDE;LONG;2026.02.19 17:29;5013.32;4963.93;5103.91;5001.78;FLAT;-0.234;0.181;0.769;0;0;5022.28;4975.35
2026.02.20;Fri;5037.63;5060.51;22.88;42.23;0.542;4689.07;7.792;SKIP_NARROW;LONG;2026.02.20 17:02;5063.36;5037.63;5106.27;5037.63;SL;-1.000;0.025;1.163;0;0;5098.18;4989.63
2026.02.23;Mon;5165.02;5200.47;35.45;42.23;0.839;4706.64;10.322;LONG;LONG;2026.02.23 17:21;5203.31;5165.02;5271.37;5236.45;FLAT;0.866;0.908;0.717;0;0;5238.09;5175.84
2026.02.24;Tue;5109.98;5139.21;29.23;42.23;0.692;4725.61;8.513;SKIP_NARROW;LONG;2026.02.24 17:18;5140.85;5109.98;5197.67;5164.33;FLAT;0.761;1.046;0.308;1;0;5173.13;5118.40
2026.02.25;Wed;5158.58;5193.31;34.73;42.23;0.822;4742.48;9.464;LONG;LONG;2026.02.25 17:02;5193.67;5158.58;5262.77;5158.58;SL;-1.000;0.685;1.027;0;0;5217.72;5145.57
2026.02.26;Thu;5141.10;5175.71;34.61;42.23;0.820;4759.68;8.509;SKIP_TREND;SHORT;2026.02.26 17:28;5132.63;5175.71;5071.88;5175.71;SL;-1.000;0.038;1.002;0;0;5200.93;5130.78
2026.02.27;Fri;5214.08;5233.62;19.54;38.91;0.502;4777.32;9.349;SKIP_NARROW;LONG;2026.02.27 17:09;5235.36;5214.08;5272.70;5263.29;FLAT;1.313;1.413;0.962;1;1;5265.43;5214.89
2026.03.02;Mon;5306.31;5355.74;49.43;37.41;1.321;4796.13;11.201;SKIP_WIDE;SHORT;2026.03.02 18:01;5289.22;5355.74;5207.45;5332.61;FLAT;-0.652;0.413;0.862;0;0;5348.74;5261.51
2026.03.03;Tue;5016.67;5141.23;124.56;37.41;3.330;4815.91;4.620;SKIP_WIDE;SHORT;2026.03.03 17:17;5007.76;5141.23;4767.55;5141.23;SL;-1.000;0.083;1.025;0;0;5148.76;4996.41
2026.03.04;Wed;5139.07;5185.12;46.05;38.91;1.184;4830.92;6.545;SKIP_WIDE;SHORT;2026.03.04 17:15;5133.70;5185.12;5046.97;5134.96;FLAT;-0.025;0.472;0.653;0;0;5167.06;5108.95
2026.03.05;Thu;5091.02;5123.50;32.48;38.91;0.835;4844.86;5.303;SKIP_TREND;SHORT;2026.03.05 17:08;5087.36;5123.50;5026.06;5076.75;FLAT;0.294;1.001;0.481;1;1;5119.50;5050.96
2026.03.06;Fri;5084.36;5132.23;47.87;37.01;1.293;4856.84;5.628;SKIP_WIDE;LONG;2026.03.06 17:02;5144.17;5084.36;5227.97;5153.13;FLAT;0.150;0.508;0.300;0;0;5174.58;5126.24
2026.03.09;Mon;5067.38;5111.15;43.77;37.01;1.182;4870.70;4.178;SKIP_WIDE;SHORT;2026.03.09 17:12;5062.81;5111.15;4979.84;5111.15;SL;-1.000;0.023;1.001;0;0;5144.17;5061.44
2026.03.10;Tue;5196.25;5221.68;25.43;38.91;0.654;4882.81;6.610;SKIP_NARROW;SHORT;2026.03.10 17:08;5188.36;5221.68;5145.39;5221.68;SL;-1.000;0.081;1.005;0;0;5238.51;5160.50
2026.03.11;Wed;5149.18;5181.36;32.18;37.01;0.869;4899.98;5.650;LONG;LONG;2026.03.11 17:02;5185.00;5149.18;5245.72;5183.05;FLAT;-0.054;0.309;0.839;0;0;5196.08;5154.95
2026.03.12;Thu;5146.03;5170.88;24.85;35.09;0.708;4916.74;4.771;SKIP_TREND;SHORT;2026.03.12 17:34;5144.56;5170.88;5096.33;5096.33;TP;1.832;1.839;0.350;1;0;5163.58;5079.79
2026.03.13;Fri;5096.42;5116.77;20.35;35.09;0.580;4931.94;3.443;SKIP_NARROW;SHORT;2026.03.13 17:13;5095.96;5116.77;5055.72;5055.72;TP;1.934;2.018;0.021;1;0;5107.91;5009.70
2026.03.16;Mon;5018.15;5034.25;16.10;34.67;0.464;4945.66;1.700;SKIP_NARROW;LONG;2026.03.16 17:09;5037.33;5018.15;5066.45;5018.15;SL;-1.000;0.010;1.007;0;0;5037.90;4974.06
2026.03.17;Tue;5005.60;5031.39;25.79;34.67;0.744;4956.80;1.204;SKIP_TREND;SHORT;2026.03.17 17:32;5004.96;5031.39;4954.02;5000.52;FLAT;0.168;1.168;0.554;1;1;5020.45;4973.85
2026.03.18;Wed;4850.49;4885.37;34.88;33.54;1.040;4967.03;-1.786;SKIP_WIDE;LONG;2026.03.18 17:06;4892.64;4850.49;4955.13;4850.49;SL;-1.000;0.153;1.004;0;0;4899.09;4839.11
2026.03.19;Thu;4538.90;4620.94;82.04;33.54;2.446;4974.27;-7.115;SKIP_WIDE;LONG;2026.03.19 17:01;4637.12;4538.90;4785.02;4643.83;FLAT;0.068;0.265;0.722;0;0;4663.18;4566.21
2026.03.20;Fri;4612.90;4665.81;52.91;33.54;1.577;4977.68;-7.257;SKIP_WIDE;SHORT;2026.03.20 17:02;4610.59;4665.81;4507.08;4507.08;TP;1.875;1.875;0.221;1;1;4622.59;4477.59
2026.03.23;Mon;4402.08;4466.52;64.44;34.67;1.859;4977.32;-10.518;SKIP_WIDE;LONG;2026.03.23 17:02;4472.29;4402.08;4595.40;4402.08;SL;-1.000;0.575;1.007;0;0;4512.68;4351.27
2026.03.24;Tue;4351.51;4383.49;31.98;34.67;0.922;4973.48;-11.903;SKIP_TREND;LONG;2026.03.24 17:01;4387.44;4351.51;4447.45;4400.29;FLAT;0.358;1.280;0.412;1;1;4433.44;4372.64
2026.03.25;Wed;4541.11;4576.28;35.17;34.67;1.014;4971.22;-8.581;SKIP_WIDE;SHORT;2026.03.25 17:01;4536.14;4576.28;4470.77;4576.28;SL;-1.000;0.000;1.002;0;0;4579.18;4487.14
2026.03.26;Thu;4429.22;4460.42;31.20;34.74;0.898;4968.79;-10.386;SKIP_TREND;LONG;2026.03.26 17:23;4469.05;4429.22;4522.82;4429.22;SL;-1.000;0.250;1.006;0;0;4479.00;4359.08
2026.03.27;Fri;4413.77;4441.44;27.67;33.68;0.822;4964.08;-10.715;SKIP_TREND;LONG;2026.03.27 17:03;4442.04;4413.77;4496.78;4496.78;TP;1.936;1.938;0.045;1;0;4555.19;4430.96
2026.03.30;Mon;4517.12;4573.78;56.66;33.68;1.682;4962.02;-8.845;SKIP_WIDE;SHORT;2026.03.30 17:22;4513.44;4573.78;4403.80;4513.74;FLAT;-0.005;0.333;0.722;0;0;4556.76;4493.10
2026.03.31;Tue;4568.52;4609.64;41.12;33.68;1.221;4958.79;-7.081;SKIP_WIDE;LONG;2026.03.31 17:01;4616.95;4568.52;4691.88;4682.89;FLAT;1.362;1.417;0.451;1;0;4685.58;4595.12
2026.04.01;Wed;4730.94;4749.46;18.52;33.68;0.550;4956.91;-4.411;SKIP_NARROW;SHORT;2026.04.01 17:01;4729.70;4749.46;4693.90;4749.46;SL;-1.000;0.037;1.024;0;0;4792.97;4724.52
2026.04.02;Thu;4586.27;4651.19;64.92;32.33;2.008;4955.41;-6.259;SKIP_WIDE;LONG;2026.04.02 17:12;4656.50;4586.27;4781.03;4672.27;FLAT;0.225;0.607;0.193;0;0;4699.14;4631.94
2026.04.06;Mon;4661.34;4681.65;20.31;33.53;0.606;4950.24;-5.460;SKIP_NARROW;LONG;2026.04.06 17:01;4684.34;4661.34;4722.27;4661.34;SL;-1.000;0.063;1.017;0;0;4697.69;4645.60
2026.04.07;Tue;4635.73;4663.11;27.38;32.08;0.853;4943.55;-6.058;SHORT;SHORT;2026.04.07 17:02;4635.11;4663.11;4580.97;4663.11;SL;-1.000;0.976;1.041;0;0;4718.56;4607.55
2026.04.08;Wed;4768.44;4794.90;26.46;31.59;0.838;4937.48;-3.240;SHORT;SHORT;2026.04.08 17:26;4764.96;4794.90;4715.52;4715.52;TP;1.651;1.679;0.279;1;1;4791.85;4699.96
2026.04.09;Thu;4750.53;4777.01;26.48;31.59;0.838;4928.31;-3.327;SHORT;SHORT;2026.04.09 17:37;4748.52;4777.01;4697.57;4777.01;SL;-1.000;0.000;1.020;0;0;4801.02;4747.46
2026.04.10;Fri;4765.44;4778.81;13.37;29.43;0.454;4915.34;-2.856;SKIP_NARROW;LONG;2026.04.10 17:07;4779.44;4765.44;4805.55;4765.44;SL;-1.000;1.108;1.081;1;1;4794.95;4747.64
2026.04.13;Mon;4721.62;4744.33;22.71;29.43;0.772;4902.70;-3.511;SHORT;SHORT;2026.04.13 17:04;4721.62;4744.33;4676.20;4744.33;SL;-1.000;0.919;1.065;0;0;4750.07;4700.53
2026.04.14;Tue;4780.25;4803.01;22.76;29.43;0.773;4899.65;-2.145;SKIP_TREND;LONG;2026.04.14 17:03;4803.77;4780.25;4848.53;4845.32;FLAT;1.767;1.813;0.531;1;0;4846.41;4791.28
2026.04.15;Wed;4815.86;4830.06;14.20;29.43;0.482;4903.27;-1.520;SKIP_NARROW;SHORT;2026.04.15 17:52;4815.26;4830.06;4787.46;4787.46;TP;1.878;1.887;0.237;1;0;4830.40;4787.09
2026.04.16;Thu;4785.26;4823.88;38.62;29.43;1.312;4900.15;-2.137;SKIP_WIDE;SHORT;2026.04.16 17:41;4777.86;4823.88;4708.02;4793.70;FLAT;-0.344;0.000;0.767;0;0;4812.94;4773.19
2026.04.17;Fri;4848.57;4882.14;33.57;29.43;1.140;4896.61;-0.334;SKIP_WIDE;LONG;2026.04.17 17:01;4882.60;4848.57;4949.28;4854.55;FLAT;-0.824;0.084;0.874;0;0;4885.47;4852.86
2026.04.20;Mon;4815.98;4826.24;10.26;29.43;0.349;4897.67;-1.632;SKIP_NARROW;SHORT;2026.04.20 17:01;4814.92;4826.24;4795.46;4826.24;SL;-1.000;0.697;1.025;0;0;4827.70;4792.50
2026.04.21;Tue;4770.20;4794.29;24.09;27.52;0.875;4894.78;-2.364;SHORT;SHORT;2026.04.21 17:33;4770.19;4794.29;4722.02;4722.02;TP;1.999;2.055;0.031;1;0;4782.57;4668.57
2026.04.22;Wed;4742.20;4760.70;18.50;26.93;0.687;4888.00;-2.763;SKIP_NARROW;SHORT;2026.04.22 17:31;4739.97;4760.70;4705.20;4740.37;FLAT;-0.019;0.761;0.461;0;0;4757.27;4723.96
2026.04.23;Thu;4724.27;4741.20;16.93;26.47;0.640;4882.28;-3.236;SKIP_NARROW;SHORT;2026.04.23 17:01;4719.87;4741.20;4690.41;4690.41;TP;1.381;1.386;0.994;1;0;4740.85;4664.26
2026.04.24;Fri;4689.67;4717.09;27.42;25.28;1.085;4874.45;-3.350;SKIP_WIDE;LONG;2026.04.24 17:06;4723.99;4689.67;4771.93;4716.53;FLAT;-0.217;0.478;0.300;0;0;4740.39;4707.01
2026.04.27;Mon;4689.30;4702.31;13.01;25.28;0.515;4870.21;-3.576;SKIP_NARROW;SHORT;2026.04.27 17:10;4688.91;4702.31;4663.28;4680.80;FLAT;0.605;1.612;0.585;1;0;4696.52;4667.08
2026.04.28;Tue;4570.84;4592.40;21.56;23.43;0.920;4863.02;-5.814;SHORT;SHORT;2026.04.28 17:03;4569.68;4592.40;4527.72;4592.40;SL;-1.000;0.537;1.027;0;0;4601.54;4557.25
2026.04.29;Wed;4510.16;4539.36;29.20;22.74;1.284;4855.11;-6.865;SKIP_WIDE;LONG;2026.04.29 17:34;4540.45;4510.16;4597.76;4546.93;FLAT;0.214;0.805;0.732;0;0;4564.82;4517.90
2026.04.30;Thu;4610.73;4634.58;23.85;22.74;1.049;4848.42;-4.897;SKIP_WIDE;-;-;0.00;0.00;0.00;0.00;-;0.000;0.000;0.000;0;0;4627.26;4605.37
2026.05.01;Fri;4586.51;4628.79;42.28;23.31;1.814;4841.34;-4.455;SKIP_WIDE;LONG;2026.05.01 17:01;4632.57;4586.51;4713.35;4610.72;FLAT;-0.474;0.599;0.515;0;0;4660.15;4608.83
2026.05.04;Mon;4555.69;4570.72;15.03;23.31;0.645;4833.75;-5.580;SKIP_NARROW;SHORT;2026.05.04 17:10;4555.02;4570.72;4525.63;4570.72;SL;-1.000;0.070;1.020;0;0;4583.19;4500.61
2026.05.05;Tue;4571.69;4583.06;11.37;23.31;0.488;4822.07;-5.033;SKIP_NARROW;LONG;2026.05.05 17:10;4583.86;4571.69;4605.80;4571.69;SL;-1.000;0.000;1.002;0;0;4586.47;4551.58
2026.05.06;Wed;4680.32;4707.46;27.14;22.74;1.194;4808.63;-2.215;SKIP_WIDE;LONG;2026.05.06 17:02;4708.48;4680.32;4761.74;4680.32;SL;-1.000;0.314;1.012;0;0;4717.31;4678.90
2026.05.07;Thu;4737.38;4758.20;20.82;22.74;0.916;4799.60;-1.109;SKIP_TREND;LONG;2026.05.07 17:26;4759.31;4737.38;4799.84;4737.38;SL;-1.000;0.245;1.006;0;0;4764.69;4687.79
2026.05.08;Fri;4726.95;4747.90;20.95;22.13;0.946;4790.00;-0.879;SHORT;SHORT;2026.05.08 17:10;4726.51;4747.90;4685.05;4724.31;FLAT;0.103;1.139;0.353;1;1;4749.47;4701.92
2026.05.11;Mon;4728.30;4748.45;20.15;22.13;0.910;4780.61;-0.931;SHORT;SHORT;2026.05.11 17:04;4728.15;4748.45;4688.00;4733.79;FLAT;-0.278;0.970;0.508;0;0;4738.50;4708.23
2026.05.12;Tue;4677.00;4701.51;24.51;21.25;1.153;4769.75;-1.910;SKIP_WIDE;SHORT;2026.05.12 17:51;4676.11;4701.51;4627.98;4701.51;SL;-1.000;1.479;1.000;1;1;4715.65;4638.32
2026.05.13;Wed;4669.59;4690.73;21.14;21.25;0.995;4757.62;-1.646;SKIP_TREND;LONG;2026.05.13 18:30;4691.35;4669.59;4733.01;4688.14;FLAT;-0.148;0.847;0.630;0;0;4709.79;4672.91
2026.05.14;Thu;4666.67;4691.02;24.35;21.35;1.141;4749.63;-1.474;SKIP_WIDE;LONG;2026.05.14 17:17;4692.35;4666.67;4739.72;4666.67;SL;-1.000;0.332;1.063;0;0;4700.88;4653.10
2026.05.15;Fri;4511.93;4551.21;39.28;21.35;1.840;4739.83;-4.351;SKIP_WIDE;LONG;2026.05.15 17:18;4552.84;4511.93;4629.77;4545.85;FLAT;-0.171;0.332;0.572;0;0;4566.41;4525.43
2026.05.18;Mon;4563.95;4584.18;20.23;21.35;0.948;4728.95;-3.244;SHORT;SHORT;2026.05.18 17:06;4560.96;4584.18;4523.49;4558.59;FLAT;0.102;1.228;0.391;1;1;4575.65;4532.21
2026.05.19;Tue;4464.90;4511.26;46.36;21.35;2.171;4716.83;-4.508;SKIP_WIDE;LONG;2026.05.19 17:05;4512.10;4464.90;4603.98;4483.39;FLAT;-0.608;0.037;0.653;0;0;4513.87;4481.27
2026.05.20;Wed;4482.00;4492.98;10.98;21.35;0.514;4703.69;-4.691;SKIP_NARROW;SHORT;2026.05.20 17:02;4482.29;4492.98;4460.04;4492.98;SL;-1.000;1.403;1.021;1;1;4552.72;4467.06
2026.05.21;Thu;4488.82;4520.99;32.17;21.35;1.507;4690.76;-3.785;SKIP_WIDE;-;-;0.00;0.00;0.00;0.00;-;0.000;0.000;0.000;0;0;4559.21;4496.70
2026.05.22;Fri;4510.43;4527.01;16.58;22.70;0.730;4678.09;-3.513;SHORT;SHORT;2026.05.22 17:01;4506.82;4527.01;4477.27;4527.01;SL;-1.000;0.726;1.000;0;0;4527.64;4491.93
2026.05.25;Mon;4560.19;4565.55;5.36;21.35;0.251;4666.70;-2.222;SKIP_NARROW;LONG;2026.05.25 17:04;4566.29;4560.19;4576.27;4576.27;TP;1.636;1.690;0.190;1;0;4577.67;4562.36
2026.05.26;Tue;4512.28;4531.34;19.06;21.35;0.893;4657.72;-3.083;SHORT;SHORT;2026.05.26 17:01;4512.18;4531.34;4474.16;4509.19;FLAT;0.156;1.523;0.675;1;0;4524.89;4482.76
2026.05.27;Wed;4405.89;4433.95;28.06;21.04;1.333;4647.75;-4.743;SKIP_WIDE;LONG;2026.05.27 17:04;4434.66;4405.89;4490.07;4450.90;FLAT;0.564;0.822;0.223;0;0;4458.32;4426.27
2026.05.28;Thu;4418.23;4434.16;15.93;21.04;0.757;4636.74;-4.447;SKIP_TREND;LONG;2026.05.28 17:10;4439.15;4418.23;4466.02;4466.02;TP;1.284;1.317;0.325;1;0;4516.47;4420.69
2026.05.29;Fri;4522.43;4540.65;18.22;20.88;0.872;4630.29;-2.018;SKIP_TREND;LONG;2026.05.29 17:02;4545.53;4522.43;4577.09;4577.09;TP;1.366;1.368;0.865;1;0;4595.23;4525.56
2026.06.01;Mon;4449.04;4478.69;29.65;20.53;1.445;4628.07;-3.844;SKIP_WIDE;-;-;0.00;0.00;0.00;0.00;-;0.000;0.000;0.000;0;0;4495.38;4447.71
2026.06.02;Tue;4502.80;4514.35;11.55;20.88;0.553;4627.95;-2.704;SKIP_NARROW;SHORT;2026.06.02 17:01;4501.59;4514.35;4479.70;4479.70;TP;1.716;1.725;0.558;1;0;4508.48;4478.79
2026.06.03;Wed;4426.50;4453.17;26.67;20.88;1.277;4629.60;-3.965;SKIP_WIDE;LONG;2026.06.03 17:11;4453.47;4426.50;4506.51;4443.88;FLAT;-0.356;0.225;0.727;0;0;4459.54;4433.85
2026.06.04;Thu;4495.62;4515.22;19.60;20.88;0.938;4628.84;-2.877;SHORT;SHORT;2026.06.04 17:05;4495.51;4515.22;4456.42;4480.97;FLAT;0.738;1.922;0.226;1;0;4499.91;4457.40
2026.06.05;Fri;4365.65;4409.63;43.98;20.59;2.136;4628.22;-5.673;SKIP_WIDE;SHORT;2026.06.05 17:14;4365.35;4409.63;4277.69;4318.89;FLAT;1.049;1.155;0.166;1;0;4379.12;4313.98
2026.06.08;Mon;4326.21;4346.55;20.34;20.68;0.983;4627.20;-6.493;SHORT;SHORT;2026.06.08 17:03;4325.58;4346.55;4285.53;4327.16;FLAT;-0.075;0.496;0.998;0;0;4346.27;4314.96
2026.06.09;Tue;4325.36;4363.48;38.12;20.74;1.838;4623.93;-6.381;SKIP_WIDE;SHORT;2026.06.09 17:14;4321.85;4363.48;4249.12;4249.12;TP;1.747;1.751;0.049;1;0;4335.96;4236.56
2026.06.10;Wed;4142.09;4186.14;44.05;20.74;2.124;4618.93;-9.512;SKIP_WIDE;SHORT;2026.06.10 17:49;4140.78;4186.14;4053.99;4082.55;FLAT;1.284;1.299;0.049;1;0;4180.67;4081.64
2026.06.11;Thu;4067.30;4092.54;25.24;22.35;1.130;4606.98;-11.369;SKIP_WIDE;SHORT;2026.06.11 17:10;4063.26;4092.54;4016.82;4092.54;SL;-1.000;0.335;1.005;0;0;4219.93;4053.23
2026.06.12;Fri;4182.94;4210.12;27.18;22.79;1.193;4596.07;-8.913;SKIP_WIDE;SHORT;2026.06.12 17:33;4181.85;4210.12;4128.58;4210.12;SL;-1.000;0.161;1.019;0;0;4235.46;4177.07
2026.06.15;Mon;4352.16;4368.55;16.39;22.79;0.719;4586.89;-5.050;SHORT;SHORT;2026.06.15 18:02;4352.70;4368.55;4319.38;4319.38;TP;2.102;2.143;0.518;1;0;4369.04;4316.65
2026.06.16;Tue;4331.69;4340.64;8.95;22.79;0.393;4580.10;-5.422;SKIP_NARROW;SHORT;2026.06.16 17:17;4330.09;4340.64;4313.79;4313.79;TP;1.545;1.550;0.063;1;0;4346.81;4313.24
2026.06.17;Wed;4332.56;4345.19;12.63;19.97;0.632;4572.59;-5.089;SKIP_NARROW;LONG;2026.06.17 17:08;4345.55;4332.56;4370.45;4332.56;SL;-1.000;1.417;1.128;1;1;4382.07;4219.13
2026.06.18;Thu;4250.72;4276.56;25.84;19.97;1.294;4563.32;-6.722;SKIP_WIDE;SHORT;2026.06.18 17:01;4249.31;4276.56;4199.04;4217.41;FLAT;1.171;1.742;0.244;1;0;4257.68;4201.60
2026.06.19;Fri;4150.63;4167.96;17.33;19.97;0.868;4552.16;-8.804;SHORT;SHORT;2026.06.19 17:01;4148.77;4167.96;4115.97;4143.85;FLAT;0.256;0.307;0.482;0;0;4157.78;4142.65
2026.06.22;Mon;4182.95;4205.66;22.71;19.97;1.137;4540.32;-7.500;SKIP_WIDE;LONG;2026.06.22 17:09;4208.99;4182.95;4251.08;4182.95;SL;-1.000;0.037;1.008;0;0;4210.75;4169.71
2026.06.23;Tue;4109.94;4140.35;30.41;21.53;1.413;4529.32;-8.694;SKIP_WIDE;LONG;2026.06.23 17:10;4141.74;4109.94;4201.17;4112.02;FLAT;-0.935;0.085;0.951;0;0;4144.43;4111.50
2026.06.24;Wed;3974.34;4041.95;67.61;23.97;2.820;4514.72;-10.553;SKIP_WIDE;-;-;0.00;0.00;0.00;0.00;-;0.000;0.000;0.000;0;0;4041.00;3959.32
2026.06.25;Thu;4001.03;4028.47;27.44;23.97;1.145;4498.88;-11.039;SKIP_WIDE;LONG;2026.06.25 18:23;4033.94;4001.03;4083.35;4027.01;FLAT;-0.211;0.310;0.365;0;0;4044.15;3999.10
2026.06.26;Fri;4045.05;4077.91;32.86;25.54;1.287;4483.64;-9.146;SKIP_WIDE;LONG;2026.06.26 17:10;4079.40;4045.05;4143.63;4071.84;FLAT;-0.220;0.483;0.431;0;0;4096.00;4064.60
2026.06.29;Mon;4028.34;4044.53;16.19;26.26;0.617;4468.80;-9.769;SKIP_NARROW;SHORT;2026.06.29 17:04;4026.17;4044.53;3995.96;4016.09;FLAT;0.549;1.377;0.330;1;1;4035.41;4000.65
2026.06.30;Tue;4013.17;4032.51;19.34;25.54;0.757;4452.71;-9.503;SKIP_TREND;LONG;2026.06.30 17:10;4043.29;4013.17;4071.19;4015.98;FLAT;-0.907;0.664;0.951;0;0;4063.30;4014.65
2026.07.01;Wed;4041.76;4107.95;66.19;25.54;2.592;4438.45;-7.857;SKIP_WIDE;LONG;2026.07.01 17:35;4110.94;4041.76;4240.33;4041.76;SL;-1.000;0.065;1.001;0;0;4115.44;4034.51
2026.07.02;Thu;4110.21;4143.95;33.74;25.54;1.321;4424.28;-6.498;SKIP_WIDE;-;-;0.00;0.00;0.00;0.00;-;0.000;0.000;0.000;0;0;4138.05;4100.37
2026.07.03;Fri;4163.62;4171.85;8.23;26.51;0.310;4412.88;-5.625;SKIP_NARROW;SHORT;2026.07.03 17:07;4163.17;4171.85;4147.16;4171.85;SL;-1.000;0.868;1.010;0;0;4176.34;4155.41
2026.07.06;Mon;4137.41;4150.38;12.97;25.54;0.508;4402.18;-5.937;SKIP_NARROW;SHORT;2026.07.06 17:08;4134.65;4150.38;4111.47;4150.38;SL;-1.000;0.378;1.004;0;0;4167.47;4128.47
2026.07.07;Tue;4156.02;4180.39;24.37;25.54;0.954;4391.83;-5.312;SHORT;SHORT;2026.07.07 17:04;4155.75;4180.39;4107.28;4107.28;TP;1.967;1.987;0.170;1;0;4163.70;4092.25
2026.07.08;Wed;4066.68;4080.27;13.59;24.80;0.548;4382.03;-7.103;SKIP_NARROW;SHORT;2026.07.08 17:05;4066.47;4080.27;4039.50;4039.50;TP;1.954;1.972;0.183;1;0;4091.30;4021.72
2026.07.09;Thu;4117.83;4129.48;11.65;23.54;0.495;4372.63;-5.733;SKIP_NARROW;LONG;2026.07.09 17:03;4130.63;4117.83;4152.78;4117.83;SL;-1.000;0.425;1.020;0;0;4138.06;4114.24
2026.07.10;Fri;4086.97;4105.36;18.39;21.03;0.875;4362.66;-6.023;SKIP_TREND;LONG;2026.07.10 17:22;4106.52;4086.97;4142.14;4086.97;SL;-1.000;0.114;1.005;0;0;4115.38;4072.89
2026.07.13;Mon;4042.12;4063.92;21.80;18.87;1.156;4352.73;-7.113;SKIP_WIDE;SHORT;2026.07.13 17:01;4041.85;4063.92;3998.52;3998.52;TP;1.963;1.989;0.096;1;0;4046.86;3986.56
2026.07.14;Tue;4074.38;4088.59;14.21;20.57;0.691;4342.32;-6.119;SKIP_NARROW;SHORT;2026.07.14 17:05;4073.76;4088.59;4045.96;4088.59;SL;-1.000;0.189;1.001;0;0;4100.58;4042.79
2026.07.15;Wed;4055.01;4066.20;11.19;20.57;0.544;4332.22;-6.247;SKIP_NARROW;SHORT;2026.07.15 17:46;4054.59;4066.20;4032.63;4032.63;TP;1.891;1.904;0.729;1;0;4081.23;4026.76
2026.07.16;Thu;3981.80;4008.33;26.53;20.57;1.290;4319.61;-7.627;SKIP_WIDE;LONG;2026.07.16 18:26;4016.02;3981.80;4061.39;3981.80;SL;-1.000;0.012;1.002;0;0;4016.81;3969.47
2026.07.17;Fri;3963.79;4003.26;39.47;20.57;1.919;4305.43;-7.155;SKIP_WIDE;LONG;2026.07.17 18:04;4003.58;3963.79;4082.20;4015.45;FLAT;0.298;0.506;0.032;0;0;4023.70;3990.13
2026.07.20;Mon;4005.63;4017.31;11.68;22.26;0.525;4291.49;-6.658;SKIP_NARROW;SHORT;2026.07.20 17:01;4004.68;4017.31;3982.27;4017.31;SL;-1.000;0.489;1.070;0;0;4019.41;3998.28
2026.07.21;Tue;4044.59;4057.41;12.82;20.57;0.623;4276.94;-5.232;SKIP_NARROW;LONG;2026.07.21 17:06;4057.54;4044.59;4083.05;4083.05;TP;1.970;1.972;0.228;1;0;4086.49;4051.83
2026.07.22;Wed;4132.32;4155.88;23.56;18.87;1.249;4264.18;-2.570;SKIP_WIDE;LONG;2026.07.22 17:02;4161.14;4132.32;4203.00;4132.32;SL;-1.000;0.168;1.000;0;0;4165.98;4128.97
2026.07.23;Thu;4042.82;4067.22;24.40;18.87;1.293;4253.01;-4.932;SKIP_WIDE;SHORT;2026.07.23 17:09;4040.51;4067.22;3994.02;4050.22;FLAT;-0.364;0.001;0.803;0;0;4061.73;4040.15
2026.07.24;Fri;4044.81;4068.64;23.83;18.87;1.263;4240.99;-4.088;SKIP_WIDE;LONG;2026.07.24 17:01;4069.81;4044.81;4116.30;4053.56;FLAT;-0.650;0.488;0.825;0;0;4082.02;4049.19
2026.07.27;Mon;4070.59;4089.44;18.85;18.87;0.999;4231.26;-3.712;SHORT;SHORT;2026.07.27 17:29;4070.58;4089.44;4032.89;4089.44;SL;-1.000;0.264;1.032;0;0;4093.77;4065.37
2026.07.28;Tue;4020.28;4032.84;12.56;19.10;0.658;4221.46;-4.724;SKIP_NARROW;SHORT;2026.07.28 17:21;4018.82;4032.84;3995.16;4032.84;SL;-1.000;0.501;1.038;0;0;4046.99;4011.52
2026.07.29;Wed;4002.44;4017.83;15.39;18.62;0.827;4212.40;-4.873;SHORT;SHORT;2026.07.29 17:08;4000.66;4017.83;3971.66;4017.83;SL;-1.000;0.264;1.012;0;0;4116.44;3995.90
2026.07.30;Thu;4074.94;4112.84;37.90;16.89;2.244;4202.87;-2.155;SKIP_WIDE;LONG;2026.07.30 17:01;4118.25;4074.94;4188.64;4112.21;FLAT;-0.139;0.046;0.811;0;0;4120.23;4083.11
2026.07.31;Fri;4021.92;4043.72;21.80;16.89;1.291;4194.08;-4.023;SKIP_WIDE;SHORT;2026.07.31 17:09;4021.76;4043.72;3978.32;4043.72;SL;-1.000;0.000;1.000;0;0;4055.50;4021.09
2026.08.03;Mon;4019.06;4035.42;16.36;18.62;0.879;4184.73;-3.644;SKIP_TREND;LONG;2026.08.03 17:26;4035.69;4019.06;4068.14;4051.99;FLAT;0.980;1.200;0.363;1;0;4055.65;4026.65
2026.08.04;Tue;4076.00;4093.74;17.74;18.62;0.953;4174.45;-2.163;SHORT;SHORT;2026.08.04 18:24;4075.47;4093.74;4040.52;4093.74;SL;-1.000;0.001;1.001;0;0;4105.87;4074.31
2026.08.05;Wed;4189.59;4206.67;17.08;18.06;0.945;4165.85;0.960;LONG;LONG;2026.08.05 17:02;4208.74;4189.59;4240.83;4240.83;TP;1.676;1.683;0.158;1;0;4267.52;4203.53
2026.08.06;Thu;4245.85;4274.09;28.24;18.06;1.563;4161.68;2.533;SKIP_WIDE;LONG;2026.08.06 17:13;4274.83;4245.85;4330.57;4245.85;SL;-1.000;0.000;1.003;0;0;4275.17;4223.40
2026.08.07;Fri;4342.39;4367.86;25.47;18.62;1.368;4156.56;4.607;SKIP_WIDE;SHORT;2026.08.07 17:03;4340.91;4367.86;4291.45;4344.21;FLAT;-0.122;0.486;0.652;0;0;4358.23;4327.54
2026.08.10;Mon;4316.69;4339.81;23.12;20.32;1.138;4152.64;3.976;SKIP_WIDE;LONG;2026.08.10 17:26;4341.90;4316.69;4386.05;4386.05;TP;1.751;1.753;0.000;1;0;4395.14;4317.88
2026.08.11;Tue;4384.48;4404.08;19.60;20.32;0.964;4150.72;5.749;SKIP_TREND;SHORT;2026.08.11 17:04;4383.00;4404.08;4345.28;4371.14;FLAT;0.563;1.067;0.759;1;0;4398.76;4360.24
2026.08.12;Wed;4408.58;4433.99;25.41;20.70;1.228;4148.31;6.734;SKIP_WIDE;LONG;2026.08.12 17:12;4434.52;4408.58;4484.81;4408.58;SL;-1.000;0.196;1.000;0;0;4439.61;4396.27
2026.08.13;Thu;4370.73;4389.71;18.98;22.46;0.845;4147.79;5.421;SKIP_TREND;SHORT;2026.08.13 17:09;4369.98;4389.71;4332.77;4350.32;FLAT;0.996;1.313;0.872;1;0;4386.95;4343.79
2026.08.14;Fri;4382.90;4396.98;14.08;20.70;0.680;4145.29;5.770;SKIP_NARROW;SHORT;2026.08.14 17:43;4381.91;4396.98;4354.74;4376.25;FLAT;0.376;0.711;0.993;0;0;4396.59;4370.91
2026.08.17;Mon;4384.59;4416.09;31.50;19.29;1.633;4146.23;6.331;SKIP_WIDE;LONG;2026.08.17 17:18;4416.56;4384.59;4479.09;4420.03;FLAT;0.109;0.382;0.576;0;0;4428.78;4398.16
2026.08.18;Tue;4377.67;4406.35;28.68;20.70;1.386;4147.96;5.945;SKIP_WIDE;SHORT;2026.08.18 17:57;4377.71;4406.35;4320.31;4345.81;FLAT;1.114;1.360;0.013;1;0;4406.40;4338.47
2026.08.19;Wed;4442.58;4466.04;23.46;22.46;1.045;4149.43;7.479;SKIP_WIDE;LONG;2026.08.19 17:08;4468.40;4442.58;4512.96;4511.18;FLAT;1.657;1.694;0.054;1;0;4512.14;4455.24
2026.08.20;Thu;4469.27;4489.22;19.95;22.46;0.888;4158.45;7.767;LONG;LONG;2026.08.20 17:24;4491.57;4469.27;4529.12;4529.12;TP;1.684;1.758;0.214;1;0;4540.81;4480.80
2026.08.21;Fri;4573.41;4592.71;19.30;20.87;0.925;4164.58;10.000;LONG;LONG;2026.08.21 17:22;4597.21;4573.41;4631.31;4631.31;TP;1.433;1.436;0.701;1;0;4632.09;4579.94
2026.08.24;Mon;4656.21;4680.76;24.55;19.78;1.241;4172.27;11.803;SKIP_WIDE;-;-;0.00;0.00;0.00;0.00;-;0.000;0.000;0.000;0;0;4679.62;4625.26
2026.08.25;Tue;4605.36;4623.50;18.14;20.87;0.869;4179.13;10.467;LONG;LONG;2026.08.25 17:08;4624.19;4605.36;4659.78;4659.78;TP;1.890;1.903;0.566;1;0;4667.74;4613.53
2026.08.26;Wed;4610.33;4631.89;21.56;20.87;1.033;4185.67;10.653;SKIP_WIDE;SHORT;2026.08.26 17:54;4610.29;4631.89;4567.21;4594.65;FLAT;0.724;1.249;0.107;1;0;4633.38;4583.04
2026.08.27;Thu;4565.32;4592.96;27.64;21.68;1.275;4192.41;9.066;SKIP_WIDE;LONG;2026.08.27 17:44;4595.34;4565.32;4648.24;4609.52;FLAT;0.472;0.752;0.241;0;0;4617.91;4568.45
2026.08.28;Fri;4599.05;4627.16;28.11;21.68;1.297;4200.24;9.658;SKIP_WIDE;SHORT;2026.08.28 17:02;4593.70;4627.16;4542.83;4542.83;TP;1.520;1.525;0.195;1;0;4631.21;4445.49
2026.08.31;Mon;4415.67;4447.19;31.52;22.34;1.411;4206.22;5.037;SKIP_WIDE;-;-;0.00;0.00;0.00;0.00;-;0.000;0.000;0.000;0;0;4453.53;4416.20
2026.09.01;Tue;4341.15;4367.12;25.97;23.29;1.115;4211.35;3.659;SKIP_WIDE;LONG;2026.09.01 17:15;4370.52;4341.15;4419.06;4341.15;SL;-1.000;0.171;1.000;0;0;4375.55;4322.99
2026.09.02;Wed;4357.10;4385.45;28.35;24.01;1.181;4215.70;4.024;SKIP_WIDE;LONG;2026.09.02 17:06;4389.58;4357.10;4442.15;4391.06;FLAT;0.046;0.244;0.772;0;0;4397.49;4364.51
2026.09.03;Thu;4456.86;4482.30;25.44;24.98;1.018;4223.46;5.856;SKIP_WIDE;LONG;2026.09.03 18:00;4485.97;4456.86;4533.18;4475.48;FLAT;-0.360;0.851;0.459;0;0;4510.74;4459.61
2026.09.04;Fri;4405.59;4434.64;29.05;24.98;1.163;4232.39;4.270;SKIP_WIDE;LONG;2026.09.04 17:22;4435.32;4405.59;4492.74;4434.82;FLAT;-0.017;0.459;0.786;0;0;4448.96;4411.95
2026.09.07;Mon;4401.19;4407.76;6.57;24.98;0.263;4239.20;3.853;SKIP_NARROW;LONG;2026.09.07 17:08;4408.41;4401.19;4420.90;4413.04;FLAT;0.641;1.539;0.734;1;1;4419.52;4401.07
2026.09.08;Tue;4390.43;4407.37;16.94;24.98;0.678;4247.00;3.498;SKIP_NARROW;LONG;2026.09.08 18:12;4408.31;4390.43;4441.25;4390.43;SL;-1.000;0.051;1.002;0;0;4409.23;4356.75
2026.09.09;Wed;4410.74;4434.02;23.28;24.98;0.932;4253.98;3.786;SKIP_TREND;SHORT;2026.09.09 17:25;4410.36;4434.02;4364.18;4399.27;FLAT;0.469;1.480;0.918;1;1;4431.80;4375.15
2026.09.10;Thu;4352.49;4375.76;23.27;24.01;0.969;4261.39;2.452;NO_BREAKOUT;-;-;0.00;0.00;0.00;0.00;-;0.000;0.000;0.000;0;0;4376.24;4313.68
2026.09.11;Fri;4381.60;4402.43;20.83;24.01;0.868;4265.29;3.197;SKIP_TREND;SHORT;2026.09.11 17:17;4378.92;4402.43;4339.94;4348.89;FLAT;1.277;1.529;0.277;1;0;4402.34;4342.78
2026.09.14;Mon;4267.12;4281.10;13.98;24.01;0.582;4268.76;0.092;SKIP_NARROW;SHORT;2026.09.14 17:04;4266.13;4281.10;4239.16;4281.10;SL;-1.000;0.065;1.018;0;0;4317.67;4264.11
2026.09.15;Tue;4284.20;4298.30;14.10;23.37;0.603;4271.44;0.547;SKIP_NARROW;LONG;2026.09.15 17:01;4298.93;4284.20;4326.50;4284.20;SL;-1.000;0.093;1.005;0;0;4310.61;4274.18
2026.09.16;Wed;4335.06;4354.19;19.13;23.28;0.822;4275.21;1.484;SKIP_TREND;SHORT;2026.09.16 17:03;4332.13;4354.19;4296.80;4354.19;SL;-1.000;0.348;1.005;0;0;4367.50;4234.98
2026.09.17;Thu;4355.40;4374.09;18.69;22.42;0.834;4278.99;2.053;LONG;LONG;2026.09.17 17:07;4375.71;4355.40;4411.47;4355.40;SL;-1.000;0.208;1.001;0;0;4379.93;4342.66
2026.09.18;Fri;4347.24;4367.41;20.17;22.42;0.900;4283.35;1.540;SKIP_TREND;SHORT;2026.09.18 17:21;4343.92;4367.41;4306.90;4367.41;SL;-1.000;0.042;1.003;0;0;4396.75;4342.75
2026.09.21;Mon;4345.96;4364.49;18.53;22.42;0.827;4288.50;1.342;SKIP_TREND;SHORT;2026.09.21 17:01;4344.03;4364.49;4308.90;4345.28;FLAT;-0.061;1.032;0.641;1;1;4356.93;4322.72
2026.09.22;Tue;4327.77;4343.81;16.04;21.20;0.757;4295.33;0.886;SKIP_TREND;SHORT;2026.09.22 17:19;4327.04;4343.81;4295.69;4343.81;SL;-1.000;0.702;1.092;0;0;4371.03;4315.01
2026.09.23;Wed;4280.81;4313.37;32.56;21.20;1.536;4301.44;-0.410;SKIP_WIDE;SHORT;2026.09.23 17:18;4279.92;4313.37;4215.69;4284.23;FLAT;-0.129;0.145;0.564;0;0;4298.50;4274.83
2026.09.24;Thu;4264.86;4277.74;12.88;22.05;0.584;4305.96;-0.891;SKIP_NARROW;SHORT;2026.09.24 17:20;4264.93;4277.74;4239.10;4277.74;SL;-1.000;1.560;1.007;1;1;4288.30;4244.70
2026.09.25;Fri;4273.34;4284.23;10.89;20.50;0.531;4311.94;-0.843;SKIP_NARROW;SHORT;2026.09.25 17:01;4273.26;4284.23;4251.56;4284.23;SL;-1.000;1.666;1.034;1;1;4300.24;4254.70
